event_id,vehicle_id,timestamp,speed,battery_level,temperature,odometer,latitude,longitude,fault_code
EVT-000001,BMW-00217,2025-04-07 07:31:00,32.3,88.0,38.9,21559.4,22.016495,77.310507,
EVT-000002,BMW-00075,2025-03-26 06:59:00,82.0,67.0,52.0,64621.5,9.764226,77.132468,
EVT-000003,BMW-00234,2025-02-17 08:09:00,22.9,68.9,8.0,72382.0,24.32248,74.64585,
EVT-000004,BMW-00192,2025-02-12 19:16:00,47.1,81.7,26.0,43493.7,27.659637,79.991528,
EVT-000005,BMW-00070,2025-04-28 23:12:00,33.9,70.4,30.5,10491.2,21.295487,73.36434,
EVT-000006,BMW-00137,2025-09-10 07:00:00,76.1,73.1,35.4,33234.3,23.115468,75.770402,
EVT-000007,BMW-00013,2025-10-19 14:39:00,34.5,32.0,27.6,45892.5,23.69387,79.793955,
EVT-000008,BMW-00152,2025-04-09 01:49:00,34.7,43.6,30.7,25582.6,8.515075,74.083638,
EVT-000009,BMW-00235,2026-03-03 21:00:00,29.1,72.4,26.0,65937.1,17.930066,73.694978,
EVT-000010,BMW-00151,2026-05-24 13:06:00,33.5,89.5,35.1,56840.3,22.858128,77.242025,
EVT-000011,BMW-00196,2025-01-26 19:23:00,18.6,74.5,12.0,69853.1,20.095582,79.073002,
EVT-000012,BMW-00181,2025-09-26 11:56:00,70.7,84.7,20.2,77662.8,11.60649,79.913503,
EVT-000013,BMW-00192,2025-05-26 08:47:00,38.8,62.6,29.2,12900.9,18.568918,74.26632,
EVT-000014,BMW-00250,2026-06-09 02:30:00,96.0,70.0,27.0,84711.8,24.099658,74.743638,P0300
EVT-000015,BMW-00205,2025-04-18 23:00:00,58.8,54.0,22.1,69647.4,13.229948,79.951311,
EVT-000016,BMW-00172,2025-12-23 21:25:00,28.4,55.7,43.1,41510.5,12.734852,79.950012,
EVT-000017,BMW-00163,2025-07-23 02:10:00,16.1,60.0,26.5,68085.9,17.327584,77.659905,E1101
EVT-000018,BMW-00023,2025-11-27 05:44:00,21.4,84.1,30.5,35476.4,26.912315,80.239314,
EVT-000019,BMW-00241,2025-02-07 03:41:00,74.1,57.9,36.1,49263.5,9.501227,74.723692,
EVT-000020,BMW-00041,2026-08-17 07:16:00,40.5,60.5,38.1,81896.1,23.34575,80.207678,
EVT-000021,BMW-00219,2025-02-10 17:15:00,69.7,75.8,36.0,59418.4,18.313501,73.456558,
EVT-000022,BMW-00149,2025-01-14 19:12:00,78.7,85.9,30.0,58636.0,21.549228,75.09462,
EVT-000023,BMW-00184,2026-01-23 04:31:00,42.7,79.6,29.2,72798.7,17.598715,80.288679,
EVT-000024,BMW-00194,2025-04-15 11:49:00,46.6,73.1,23.3,34232.1,16.906945,75.174223,
EVT-000025,BMW-00223,2025-07-02 09:21:00,59.6,93.2,21.0,16400.6,21.542069,78.378016,
EVT-000026,BMW-00152,2025-04-30 01:16:00,42.5,62.4,24.6,68053.6,18.456312,76.393839,
EVT-000027,BMW-00188,2025-10-12 08:01:00,69.6,32.9,24.6,35787.2,10.338944,79.361594,
EVT-000028,BMW-00106,2025-01-19 10:53:00,60.9,41.6,31.9,54637.7,9.117084,76.160146,U0100
EVT-000029,BMW-00221,2025-02-23 07:44:00,17.3,71.4,23.0,40305.9,19.96219,75.335245,
EVT-000030,BMW-00032,2025-08-16 19:56:00,45.3,32.0,38.2,8309.5,25.660838,80.098951,
EVT-000031,BMW-00095,2025-11-21 11:40:00,65.5,61.2,30.7,62939.5,15.665393,79.171896,
EVT-000032,BMW-00209,2025-01-01 21:40:00,70.1,84.8,27.7,50981.8,14.15842,79.417567,
EVT-000033,BMW-00241,2025-08-26 02:37:00,51.9,36.6,45.6,27734.9,25.013259,75.92039,
EVT-000034,BMW-00218,2026-05-12 23:44:00,65.1,36.6,28.0,77877.2,16.990243,80.185418,
EVT-000035,BMW-00250,2026-03-14 05:05:00,57.5,63.8,13.2,68757.0,13.95129,79.055651,
EVT-000036,BMW-00094,2025-12-02 05:15:00,130.2,37.3,27.7,11423.0,22.228318,73.163728,
EVT-000037,BMW-00041,2026-01-23 06:15:00,,69.6,29.9,46877.3,25.493937,74.194795,
EVT-000038,BMW-00244,2026-05-21 22:53:00,44.6,56.8,16.1,81933.0,15.686138,73.267249,P0420
EVT-000039,BMW-00248,2025-11-07 09:37:00,58.0,65.0,34.5,20258.2,14.172365,78.635729,
EVT-000040,BMW-00213,2026-07-08 06:27:00,10.1,94.4,23.3,22588.5,27.372226,78.476771,
EVT-000041,BMW-00093,2025-10-31 11:34:00,27.4,64.7,21.9,34020.8,24.329177,72.820435,
EVT-000042,BMW-00203,2026-05-30 14:05:00,61.2,73.1,37.3,64682.4,23.02117,74.111265,
EVT-000043,BMW-00012,2026-06-25 16:13:00,23.2,51.3,34.0,63878.6,17.960729,78.739955,
EVT-000044,BMW-00097,2025-02-24 10:07:00,45.5,100.0,29.0,79818.5,17.181557,76.304088,
EVT-000045,BMW-00006,2025-05-27 04:33:00,68.1,53.5,29.4,56874.6,16.493666,77.801404,
EVT-000046,BMW-00007,2025-09-28 03:04:00,48.6,39.0,22.0,21529.0,27.854798,74.716576,
EVT-000047,BMW-00124,2026-08-25 12:18:00,70.7,81.0,33.9,3578.5,20.699376,76.542596,
EVT-000048,BMW-00010,2026-07-17 15:41:00,15.7,84.6,28.4,84942.0,25.662935,78.000419,
EVT-000049,BMW-00205,2026-08-13 01:49:00,12.1,67.5,20.7,40644.1,26.665805,77.684916,
EVT-000050,BMW-00223,2025-06-24 01:15:00,79.7,64.0,24.2,54169.1,13.120249,73.430661,
EVT-000051,BMW-00017,2026-08-14 20:42:00,30.9,75.9,34.6,58676.3,15.52296,74.81738,
EVT-000052,BMW-00012,2025-08-20 07:55:00,18.5,64.2,20.9,51676.2,19.838558,77.041598,
EVT-000053,BMW-00062,2026-05-03 22:24:00,70.7,71.7,13.2,42326.0,15.065169,74.561537,
EVT-000054,BMW-00206,2025-08-28 17:57:00,80.3,63.1,26.3,79033.7,14.467247,77.404017,
EVT-000055,BMW-00112,2025-11-17 19:45:00,21.7,66.8,23.5,65230.6,12.888497,74.505981,
EVT-000056,BMW-00085,2025-12-02 16:05:00,21.2,77.6,28.9,67208.5,16.348204,75.257655,
EVT-000057,BMW-00250,2025-03-05 15:34:00,65.9,51.4,30.0,25847.1,19.609718,74.252275,
EVT-000058,BMW-00140,2026-08-01 19:58:00,49.3,56.4,29.1,52993.4,16.505022,79.964067,
EVT-000059,BMW-00100,2025-06-28 05:50:00,77.0,89.1,24.5,57044.6,14.13146,78.475187,
EVT-000060,BMW-00241,2025-09-13 06:21:00,67.5,67.1,21.0,58274.8,27.330437,74.991583,
EVT-000061,BMW-00077,2025-10-22 03:17:00,79.0,63.0,29.6,17625.4,15.677381,75.580621,
EVT-000062,BMW-00101,2025-05-17 15:14:00,54.0,39.1,20.4,56054.6,20.089023,74.723584,U0100
EVT-000063,BMW-00016,2025-11-05 03:23:00,37.6,65.8,44.0,71201.6,9.338092,73.50731,
EVT-000064,BMW-00103,2026-01-26 22:01:00,19.9,68.1,8.1,48748.5,10.092162,77.240515,
EVT-000065,BMW-00179,2025-03-10 20:47:00,22.8,77.7,27.4,36338.2,25.775611,79.365875,
EVT-000066,BMW-00055,2026-06-12 02:45:00,80.8,96.1,18.3,53970.3,11.570586,74.927555,
EVT-000067,BMW-00097,2025-11-24 04:27:00,70.5,39.0,33.1,78783.1,9.314205,77.212188,
EVT-000068,BMW-00083,2026-01-27 17:54:00,64.6,60.8,26.5,2645.2,23.721784,77.351796,P0420
EVT-000069,BMW-00215,2025-03-16 18:04:00,52.1,84.3,34.3,72571.4,9.724888,78.557029,
EVT-000070,BMW-00052,2025-11-30 14:07:00,40.0,63.1,17.4,54249.9,10.762085,76.338213,U0100
EVT-000071,BMW-00115,2025-11-05 12:57:00,57.9,81.9,34.3,53766.3,15.478246,76.25515,
EVT-000072,BMW-00144,2025-08-16 06:50:00,42.3,85.8,37.1,12460.4,23.71315,76.617519,
EVT-000073,BMW-00231,2025-07-18 17:08:00,30.0,88.7,30.3,23911.4,18.588879,77.39256,
EVT-000074,BMW-00243,2026-07-11 02:52:00,49.9,51.4,41.0,9819.9,21.693695,75.257831,
EVT-000075,BMW-00125,2026-03-20 19:11:00,12.5,83.4,30.0,53477.0,27.366366,76.759377,
EVT-000076,BMW-00118,2026-07-20 17:57:00,33.8,87.2,35.2,43672.6,10.539559,79.57044,
EVT-000077,BMW-00032,2025-03-01 17:46:00,63.3,78.8,39.3,29783.6,11.803376,80.007669,
EVT-000078,BMW-00083,2026-03-14 21:10:00,60.4,29.5,20.9,8999.5,17.392422,78.631279,
EVT-000079,BMW-00108,2026-02-13 01:40:00,41.1,80.1,26.6,67514.1,19.415913,76.43609,
EVT-000080,BMW-00092,2025-09-24 23:01:00,87.7,82.7,10.0,4605.9,21.524997,76.379566,
EVT-000081,BMW-00100,2026-06-28 15:53:00,49.9,60.1,33.6,62522.6,21.180453,75.404325,
EVT-000082,BMW-00071,2025-02-13 14:43:00,95.4,70.2,28.0,9699.5,12.073562,73.407154,
EVT-000083,BMW-00020,2025-03-11 01:27:00,79.7,58.1,20.7,35864.0,8.808386,78.276244,
EVT-000084,BMW-00241,2025-03-20 00:15:00,4.0,87.6,14.8,72237.8,22.586679,79.521961,
EVT-000085,BMW-00038,2026-02-10 20:23:00,53.1,63.2,42.6,51325.2,26.765061,72.962049,
EVT-000086,BMW-00071,2025-02-04 16:49:00,54.7,28.1,30.1,45069.0,9.657571,74.236789,
EVT-000087,BMW-00227,2025-07-31 21:18:00,53.4,54.3,31.4,21636.1,8.772544,75.574777,
EVT-000088,BMW-00035,2026-04-08 13:09:00,75.5,60.9,44.2,34094.8,21.823603,77.871039,
EVT-000089,BMW-00037,2025-08-22 05:05:00,61.3,64.2,28.5,6364.9,20.94385,74.720325,
EVT-000090,BMW-00118,2025-04-14 09:21:00,62.1,58.4,37.7,3436.0,21.482934,75.142583,
EVT-000091,BMW-00194,2025-11-03 08:19:00,51.6,46.3,27.8,82148.7,10.167308,76.459511,
EVT-000092,BMW-00021,2026-05-03 20:01:00,79.1,51.3,35.6,44051.5,13.801837,73.970036,
EVT-000093,BMW-00034,2025-04-29 19:38:00,90.1,36.5,15.8,48773.5,15.521416,77.562857,
EVT-000094,BMW-00211,2026-06-26 13:07:00,47.3,72.8,34.3,82606.6,22.417353,74.271507,
EVT-000095,BMW-00127,2026-03-12 04:16:00,33.3,63.3,39.4,7900.2,17.550934,75.734972,
EVT-000096,BMW-00198,2026-08-29 08:21:00,,52.6,37.9,83688.0,12.732964,72.853433,
EVT-000097,BMW-00159,2025-03-09 05:34:00,47.9,47.8,39.6,56017.0,12.313227,76.304425,
EVT-000098,BMW-00134,2025-10-10 02:15:00,67.7,76.6,36.1,28584.4,24.112624,73.820206,
EVT-000099,BMW-00055,2025-04-11 14:33:00,40.6,36.6,37.3,76166.7,24.02188,77.140211,
EVT-000100,BMW-00135,2025-12-19 15:34:00,61.3,64.8,26.8,48325.5,17.064908,78.185385,
EVT-000101,BMW-00011,2025-06-03 23:47:00,48.7,86.1,13.9,36128.6,24.689204,78.846436,
EVT-000102,BMW-00122,2026-03-10 18:26:00,57.7,52.6,28.3,9736.4,14.114038,79.959286,
EVT-000103,BMW-00176,2025-10-21 02:51:00,12.0,59.5,17.1,59237.9,11.304292,79.458631,
EVT-000104,BMW-00139,2025-07-19 14:55:00,51.3,68.6,28.2,36608.9,9.017672,78.05734,
EVT-000105,BMW-00198,2025-02-08 11:36:00,44.4,86.0,18.3,24718.1,9.907774,78.601103,
EVT-000106,BMW-00245,2025-01-28 20:06:00,66.5,53.1,24.0,57475.7,24.828838,76.152817,
EVT-000107,BMW-00137,2025-05-24 13:39:00,73.2,88.7,31.1,26133.8,8.789426,73.22209,
EVT-000108,BMW-00245,2025-07-07 15:44:00,80.7,74.0,46.4,18581.4,17.799236,73.284023,
EVT-000109,BMW-00167,2025-08-29 05:14:00,24.5,48.5,36.3,84038.0,18.223255,75.70609,P0300
EVT-000110,BMW-00238,2025-07-30 06:48:00,61.5,51.4,33.8,711.3,22.204543,74.328556,
EVT-000111,BMW-00163,2025-01-11 00:36:00,25.9,64.3,19.0,19724.2,18.23761,73.398516,
EVT-000112,BMW-00179,2025-01-23 06:21:00,14.8,80.3,34.4,24058.6,25.916109,74.48571,
EVT-000113,BMW-00075,2025-02-26 16:54:00,67.8,84.9,32.7,13823.0,9.638576,78.406951,
EVT-000114,BMW-00102,2025-09-15 07:04:00,96.9,68.9,25.3,43444.6,28.673184,78.138672,
EVT-000115,BMW-00175,2025-07-14 08:46:00,25.7,36.4,28.2,66738.4,21.233165,77.992064,
EVT-000116,BMW-00147,2026-04-06 09:12:00,9.5,72.4,24.4,34650.3,18.687167,76.662238,
EVT-000117,BMW-00126,2025-04-20 02:44:00,69.1,67.6,29.4,14183.3,14.569618,78.498508,
EVT-000118,BMW-00072,2025-04-10 06:42:00,9.8,63.4,30.7,49907.1,24.782276,74.924595,
EVT-000119,BMW-00138,2026-04-03 13:44:00,71.4,67.3,17.8,67495.1,11.873553,78.391146,
EVT-000120,BMW-00089,2025-04-12 10:10:00,0.0,67.8,26.9,79100.8,9.380684,76.022485,
EVT-000121,BMW-00155,2025-02-02 11:48:00,11.5,65.4,24.6,20455.1,20.392663,75.439106,
EVT-000122,BMW-00029,2025-11-25 19:26:00,70.5,83.2,25.2,49215.4,14.868699,73.585391,
EVT-000123,BMW-00079,2025-12-17 03:40:00,15.1,76.4,22.6,78724.7,25.774813,74.051031,
EVT-000124,BMW-00191,2026-08-17 12:01:00,50.7,59.9,8.0,25607.5,28.682702,80.179875,
EVT-000125,BMW-00163,2026-06-25 09:52:00,46.0,97.6,33.1,30214.6,25.874291,76.870328,
EVT-000126,BMW-00171,2026-06-26 01:42:00,48.8,79.3,21.4,74566.0,26.568983,79.239547,C1234
EVT-000127,BMW-00002,2026-03-18 14:10:00,44.2,44.3,32.5,81866.9,12.588269,76.056377,
EVT-000128,BMW-00086,2025-12-30 10:00:00,98.9,51.7,30.6,11413.2,12.495387,77.262838,
EVT-000129,BMW-00250,2026-04-01 14:49:00,26.0,47.1,21.7,9529.0,28.16694,80.15266,
EVT-000130,BMW-00067,2025-01-06 00:39:00,29.9,77.7,18.2,33024.7,24.747122,78.832902,
EVT-000131,BMW-00208,2025-01-31 23:00:00,17.8,73.4,34.8,8433.8,17.904352,74.268719,
EVT-000132,BMW-00072,2026-05-20 10:03:00,55.3,66.7,29.0,44842.7,24.245265,78.749041,
EVT-000133,BMW-00211,2025-04-10 12:22:00,35.3,75.9,26.7,24167.5,18.639855,76.087092,
EVT-000134,BMW-00067,2026-02-09 11:39:00,40.5,68.3,32.1,27554.0,16.710866,76.80888,
EVT-000135,BMW-00143,2026-08-02 23:26:00,98.1,62.5,30.0,7534.8,27.561441,77.679364,
EVT-000136,BMW-00029,2025-03-21 01:12:00,23.7,89.2,30.4,82851.5,15.32417,74.527735,
EVT-000137,BMW-00153,2026-04-07 19:53:00,53.9,42.8,22.3,30574.1,21.791015,77.694298,
EVT-000138,BMW-00128,2026-06-06 20:10:00,7.0,71.3,35.2,81385.0,26.302526,75.659585,
EVT-000139,BMW-00195,2025-11-13 06:04:00,64.7,90.3,22.9,79394.9,14.618082,75.016806,
EVT-000140,BMW-00170,2025-04-24 02:13:00,5.3,83.6,17.4,68588.0,10.373533,74.810613,
EVT-000141,BMW-00192,2026-08-20 08:08:00,59.2,50.8,18.8,59915.5,14.69215,75.157344,E1101
EVT-000142,BMW-00033,2025-06-22 07:03:00,46.8,75.1,30.3,74398.9,17.794526,79.261512,
EVT-000143,BMW-00083,2025-03-05 21:11:00,58.5,70.2,24.6,70927.3,16.396481,77.167186,
EVT-000144,BMW-00249,2026-02-13 00:41:00,65.5,73.4,24.0,8343.9,26.283687,80.091618,
EVT-000145,BMW-00243,2026-07-21 10:55:00,83.5,69.6,37.8,79259.3,18.997832,75.934795,
EVT-000146,BMW-00047,2026-01-27 09:56:00,63.2,75.2,32.9,30835.9,27.419811,77.224729,
EVT-000147,BMW-00232,2025-03-09 19:17:00,78.0,79.6,34.8,10841.3,25.949162,73.605891,
EVT-000148,BMW-00016,2025-10-21 09:56:00,49.3,63.9,29.0,22140.7,21.13851,73.338216,
EVT-000149,BMW-00007,2026-07-01 12:01:00,17.2,66.4,41.9,16380.2,14.797678,77.04897,E1101
EVT-000150,BMW-00236,2025-12-01 07:50:00,32.5,72.6,28.7,33360.9,24.513762,74.634837,
EVT-000151,BMW-00020,2025-01-20 12:48:00,19.9,100.0,33.1,14502.7,22.988947,78.829624,
EVT-000152,BMW-00005,2026-07-17 17:27:00,47.7,46.7,27.5,49427.5,15.693968,73.908641,
EVT-000153,BMW-00101,2025-08-03 10:17:00,59.1,37.1,26.8,67788.4,11.366256,75.419233,
EVT-000154,BMW-00232,2026-05-08 14:35:00,69.1,35.2,23.5,65993.3,28.697711,75.730908,
EVT-000155,BMW-00045,2025-12-26 19:51:00,44.2,28.5,35.6,56173.6,17.014851,77.564045,
EVT-000156,BMW-00041,2025-10-23 02:00:00,70.4,61.9,25.4,52189.5,12.584492,78.037266,
EVT-000157,BMW-00184,2026-05-17 18:32:00,22.9,32.4,45.6,15109.0,19.346524,74.266899,
EVT-000158,BMW-00197,2026-01-28 23:18:00,51.9,56.2,22.7,73226.0,20.600029,76.526595,
EVT-000159,BMW-00110,2026-02-06 02:13:00,33.7,100.0,40.0,41192.1,9.161866,75.020852,
EVT-000160,BMW-00178,2026-06-19 02:28:00,31.2,33.3,16.0,73600.7,26.518851,78.343477,
EVT-000161,BMW-00191,2026-05-30 07:45:00,70.4,67.2,19.1,11588.6,21.551117,75.2454,C1234
EVT-000162,BMW-00203,2025-11-18 06:01:00,46.4,62.8,36.6,7376.4,21.034951,73.930161,
EVT-000163,BMW-00188,2025-08-28 20:51:00,25.1,58.2,27.6,40766.7,20.979511,74.791244,
EVT-000164,BMW-00118,2026-05-13 05:45:00,25.2,63.1,29.0,62007.6,9.346906,73.473939,
EVT-000165,BMW-00165,2026-04-21 06:51:00,63.9,82.3,30.2,72176.5,25.412465,79.640797,
EVT-000166,BMW-00244,2026-07-08 14:11:00,60.3,90.0,21.8,54985.0,18.1747,78.479117,
EVT-000167,BMW-00177,2026-07-22 03:32:00,67.9,90.5,32.9,55548.0,27.649097,74.126293,
EVT-000168,BMW-00120,2025-08-16 12:34:00,59.8,66.1,30.6,68303.0,24.018064,75.916798,
EVT-000169,BMW-00219,2025-03-18 20:37:00,78.7,66.3,21.4,62245.3,14.659106,78.770943,
EVT-000170,BMW-00013,2025-06-02 03:27:00,57.2,84.7,24.8,69692.4,26.821729,74.003172,
EVT-000171,BMW-00101,2025-12-19 14:28:00,50.3,44.7,25.9,27086.2,27.617962,77.583544,
EVT-000172,BMW-00179,2025-08-01 19:44:00,73.8,50.1,23.7,13121.8,25.020796,77.788109,
EVT-000173,BMW-00053,2025-11-19 05:51:00,43.1,38.9,33.8,16800.2,26.128476,75.245174,
EVT-000174,BMW-00058,2025-12-17 02:01:00,78.9,81.6,23.4,5976.4,12.45813,79.055268,
EVT-000175,BMW-00183,2026-02-10 13:09:00,27.4,76.9,29.2,7853.9,17.703872,74.794445,
EVT-000176,BMW-00080,2025-10-01 20:59:00,46.9,42.9,26.5,74353.8,19.75199,80.279481,
EVT-000177,BMW-00213,2025-11-12 19:45:00,8.0,67.2,25.0,34259.2,18.875178,73.025918,
EVT-000178,BMW-00051,2026-06-07 17:04:00,24.9,69.9,27.5,66093.1,15.076291,74.101214,
EVT-000179,BMW-00015,2026-02-10 05:02:00,22.7,91.2,18.0,65367.0,11.276211,74.439192,
EVT-000180,BMW-00019,2025-03-23 01:23:00,21.4,44.8,38.7,41325.6,15.689625,76.795301,
EVT-000181,BMW-00189,2026-04-18 18:01:00,51.0,90.3,25.5,52373.7,16.56766,75.230936,
EVT-000182,BMW-00095,2025-06-05 02:10:00,64.4,90.9,29.1,1625.3,18.123366,80.076675,
EVT-000183,BMW-00142,2025-06-05 09:01:00,47.9,76.5,30.4,81427.2,15.883061,76.137513,
EVT-000184,BMW-00116,2025-11-16 10:27:00,30.2,65.9,23.0,23631.2,15.226395,72.96098,
EVT-000185,BMW-00068,2026-05-10 02:03:00,13.3,87.2,29.5,51959.0,19.566789,80.244702,
EVT-000186,BMW-00160,2025-05-04 08:25:00,68.6,73.2,15.5,55504.7,28.337769,78.956996,
EVT-000187,BMW-00085,2025-04-08 00:44:00,49.9,36.0,38.8,82158.2,17.105779,76.409018,
EVT-000188,BMW-00214,2026-02-12 11:59:00,75.9,51.9,29.6,16487.8,9.957671,76.450538,
EVT-000189,BMW-00221,2026-04-22 18:40:00,48.2,25.3,40.1,52684.0,27.36326,76.418887,
EVT-000190,BMW-00046,2025-01-04 20:03:00,52.6,88.2,23.2,72747.0,10.864134,78.112533,
EVT-000191,BMW-00024,2025-05-19 03:55:00,85.3,69.9,35.4,65101.9,13.816258,78.082701,
EVT-000192,BMW-00192,2026-08-05 21:59:00,33.4,82.5,24.1,70480.8,21.359485,76.11101,
EVT-000193,BMW-00219,2026-07-14 11:36:00,24.9,61.5,26.2,79348.6,9.067478,80.169288,
EVT-000194,BMW-00073,2025-11-10 00:22:00,59.7,48.6,31.1,32467.4,27.696619,77.442208,
EVT-000195,BMW-00173,2026-02-17 13:56:00,39.5,76.0,23.4,19364.1,24.817367,75.472249,
EVT-000196,BMW-00242,2025-07-16 06:35:00,20.6,66.9,27.7,10386.9,8.170955,74.41432,
EVT-000197,BMW-00218,2026-03-10 23:09:00,24.1,32.7,22.1,35054.9,8.994088,75.554685,
EVT-000198,BMW-00249,2025-04-22 11:16:00,40.8,69.7,,18768.4,13.65146,75.811794,
EVT-000199,BMW-00016,2025-03-05 16:54:00,38.4,45.7,10.6,6495.9,8.793998,75.68642,
EVT-000200,BMW-00113,2025-08-04 03:08:00,77.4,96.8,32.0,81284.7,19.971365,73.213402,
EVT-000201,BMW-00017,2026-07-31 13:57:00,34.2,59.7,46.3,34960.2,14.387216,76.771546,
EVT-000202,BMW-00119,2026-08-28 14:13:00,0.0,79.5,23.4,64910.0,19.860998,75.283742,
EVT-000203,BMW-00039,2025-10-31 07:29:00,0.0,100.0,18.2,66116.4,23.667774,78.97161,
EVT-000204,BMW-00192,2026-07-09 17:32:00,43.9,80.4,38.5,49054.1,23.017129,77.776036,
EVT-000205,BMW-00093,2025-05-23 19:19:00,97.1,89.4,21.4,18576.0,25.497071,72.826792,
EVT-000206,BMW-00130,2025-01-12 14:52:00,50.4,61.1,29.1,53732.7,9.967183,75.950028,
EVT-000207,BMW-00188,2026-05-23 02:49:00,84.9,63.4,15.1,81356.3,25.426124,79.363954,
EVT-000208,BMW-00152,2025-05-15 02:33:00,37.8,66.2,42.0,44156.1,10.574537,75.973451,
EVT-000209,BMW-00036,2025-01-25 01:23:00,41.8,38.8,34.0,57689.5,24.451383,78.032177,
EVT-000210,BMW-00215,2025-04-06 07:36:00,36.6,77.8,36.9,47658.2,18.696843,77.904472,
EVT-000211,BMW-00227,2026-07-09 00:53:00,72.8,35.6,17.1,4403.9,23.422526,76.857198,
EVT-000212,BMW-00168,2025-10-13 23:06:00,51.8,64.6,27.1,57371.7,24.394662,79.084181,
EVT-000213,BMW-00192,2026-03-30 02:54:00,39.5,94.6,35.8,44836.8,19.88902,78.802188,
EVT-000214,BMW-00095,2026-01-07 13:20:00,31.2,73.8,43.2,76304.7,28.518485,76.225598,
EVT-000215,BMW-00116,2025-05-07 12:47:00,0.0,59.7,30.7,62516.0,16.979452,76.23442,
EVT-000216,BMW-00184,2025-05-10 00:15:00,25.2,51.0,30.0,62965.0,27.796597,76.471467,
EVT-000217,BMW-00101,2026-06-30 06:30:00,76.4,67.5,29.4,10165.4,15.901525,73.713295,
EVT-000218,BMW-00173,2025-09-23 21:04:00,51.9,38.8,10.8,52647.8,11.370784,73.303638,
EVT-000219,BMW-00047,2025-08-11 05:36:00,58.6,68.3,29.5,20487.3,14.265565,77.113675,
EVT-000220,BMW-00177,2025-03-10 02:57:00,41.7,77.4,24.2,66766.1,10.432474,75.200917,
EVT-000221,BMW-00140,2025-04-16 02:05:00,37.5,79.3,27.7,7753.0,9.861267,77.145483,
EVT-000222,BMW-00103,2025-07-24 13:51:00,0.0,75.0,29.0,66843.9,25.929412,75.857891,
EVT-000223,BMW-00116,2025-10-25 23:47:00,40.3,69.8,12.2,36870.9,20.10571,75.84162,
EVT-000224,BMW-00002,2025-09-19 01:25:00,19.7,88.2,30.7,27596.2,8.007733,80.12864,
EVT-000225,BMW-00022,2025-12-27 08:53:00,58.4,74.6,22.5,66723.9,18.459276,79.86651,
EVT-000226,BMW-00217,2025-11-16 07:25:00,22.3,60.4,29.0,50207.0,16.646728,77.495708,
EVT-000227,BMW-00178,2025-12-03 23:19:00,30.3,58.5,31.0,52477.8,23.087418,74.096533,
EVT-000228,BMW-00090,2025-11-05 20:49:00,2.4,32.5,25.6,5709.1,21.246001,78.618003,
EVT-000229,BMW-00156,2025-09-09 08:27:00,72.7,67.6,22.4,53036.3,10.771791,75.518166,
EVT-000230,BMW-00221,2026-06-06 00:02:00,50.5,99.4,30.1,5976.7,19.593103,76.730495,
EVT-000231,BMW-00236,2025-03-12 11:34:00,65.1,78.3,22.9,33046.3,14.437719,79.126976,
EVT-000232,BMW-00056,2026-02-25 12:30:00,53.7,74.7,32.6,11916.2,11.13247,77.623114,
EVT-000233,BMW-00243,2025-04-05 14:06:00,29.8,76.5,26.9,53219.6,19.30187,76.38444,
EVT-000234,BMW-00213,2025-08-06 12:52:00,37.7,30.5,28.1,81011.1,24.033151,75.771674,
EVT-000235,BMW-00110,2025-02-02 17:47:00,18.3,56.4,28.3,80297.8,27.765349,76.451341,
EVT-000236,BMW-00166,2025-11-22 15:50:00,75.6,68.3,30.2,78576.9,8.615305,78.588853,
EVT-000237,BMW-00159,2025-11-29 11:25:00,57.1,55.1,29.9,67743.6,10.119,75.223785,
EVT-000238,BMW-00123,2025-12-27 03:25:00,51.6,76.6,34.9,34710.7,8.247073,73.381284,
EVT-000239,BMW-00058,2025-06-03 22:37:00,71.6,52.7,43.0,53191.0,28.192714,77.834508,
EVT-000240,BMW-00210,2026-07-06 12:42:00,72.3,78.2,25.0,60945.9,10.635581,76.198284,
EVT-000241,BMW-00249,2026-05-08 04:34:00,17.0,70.2,,70406.6,11.583205,73.183048,
EVT-000242,BMW-00207,2025-04-07 19:55:00,42.7,79.3,23.8,69239.5,25.115508,78.946479,E1101
EVT-000243,BMW-00156,2026-06-03 01:11:00,64.1,76.3,34.6,71915.5,21.997117,72.931307,
EVT-000244,BMW-00175,2026-01-24 16:39:00,46.2,100.0,33.0,29997.0,8.634635,78.927915,
EVT-000245,BMW-00016,2025-08-24 12:49:00,0.0,49.3,27.3,20222.7,10.332932,78.593591,
EVT-000246,BMW-00143,2025-01-16 04:34:00,51.2,36.6,30.7,2628.4,14.108542,78.099344,
EVT-000247,BMW-00104,2025-01-20 12:12:00,26.2,77.5,41.7,47678.2,21.866315,75.465323,
EVT-000248,BMW-00086,2025-10-04 11:50:00,59.2,55.3,39.0,30102.6,16.430457,76.769999,
EVT-000249,BMW-00250,2026-06-15 19:51:00,38.0,94.7,25.0,22459.2,22.286834,75.13183,
EVT-000250,BMW-00122,2026-03-15 09:28:00,10.4,69.8,39.5,24753.0,24.869997,77.85127,
EVT-000251,BMW-00084,2026-05-24 16:42:00,21.7,100.0,29.0,61050.2,10.880724,77.535655,U0100
EVT-000252,BMW-00067,2025-05-10 13:29:00,23.3,76.2,20.1,32153.6,18.517736,80.212414,
EVT-000253,BMW-00216,2025-05-29 02:19:00,78.5,44.6,19.8,2194.4,20.546286,75.180849,
EVT-000254,BMW-00079,2025-09-07 05:00:00,50.7,58.5,31.7,51881.8,20.94585,73.795888,
EVT-000255,BMW-00088,2025-08-03 03:56:00,15.5,80.3,19.2,33301.4,12.39688,73.880715,
EVT-000256,BMW-00167,2026-05-08 23:36:00,49.6,50.0,38.6,74190.5,8.255946,77.256559,
EVT-000257,BMW-00056,2026-03-17 19:06:00,71.5,66.5,51.3,35920.1,17.210584,74.977538,
EVT-000258,BMW-00238,2026-06-09 02:29:00,47.5,66.8,23.9,9393.3,24.098993,77.838072,
EVT-000259,BMW-00100,2025-08-17 05:44:00,80.1,61.5,28.3,19392.9,24.521138,78.508191,
EVT-000260,BMW-00031,2025-01-15 17:18:00,48.1,60.9,22.2,55977.5,13.634281,78.401579,
EVT-000261,BMW-00039,2025-11-06 03:41:00,41.5,63.4,33.0,61448.2,23.981439,73.032332,
EVT-000262,BMW-00074,2025-07-27 12:12:00,45.8,46.5,25.4,24445.9,17.231416,75.61267,
EVT-000263,BMW-00134,2026-03-09 01:35:00,51.0,38.9,27.0,39482.7,25.024628,77.269712,
EVT-000264,BMW-00141,2025-11-30 04:16:00,59.1,65.2,34.2,55197.7,20.975803,79.774802,
EVT-000265,BMW-00230,2026-01-29 18:21:00,35.0,100.0,24.6,72270.7,24.252293,79.742449,
EVT-000266,BMW-00154,2026-01-18 07:18:00,95.2,76.1,19.7,32684.4,14.30473,77.214477,
EVT-000267,BMW-00189,2025-10-13 03:45:00,72.3,64.9,27.7,72016.0,15.866127,75.473028,
EVT-000268,BMW-00068,2025-09-07 03:12:00,0.0,95.3,34.8,56659.7,26.016654,75.32302,
EVT-000269,BMW-00073,2025-11-29 16:45:00,34.3,84.8,20.5,20818.4,17.226933,78.157225,
EVT-000270,BMW-00231,2026-08-10 22:50:00,84.5,59.1,27.5,84115.5,27.853206,74.308452,
EVT-000271,BMW-00250,2026-04-13 05:47:00,98.5,48.4,23.8,72385.4,27.2625,73.372924,
EVT-000272,BMW-00218,2026-03-21 12:50:00,74.7,57.9,30.3,36995.6,12.836612,79.307162,P0420
EVT-000273,BMW-00011,2026-06-15 20:14:00,67.4,28.5,26.5,35061.1,14.094851,75.409536,
EVT-000274,BMW-00193,2025-04-09 05:09:00,48.9,53.0,23.7,47233.9,15.253726,76.479958,
EVT-000275,BMW-00052,2026-03-17 14:18:00,32.9,65.1,29.4,68500.4,19.033749,73.773926,
EVT-000276,BMW-00005,2026-08-12 17:29:00,36.6,63.0,28.6,44209.1,10.477463,77.709444,
EVT-000277,BMW-00153,2025-11-06 10:55:00,42.0,85.7,30.8,37595.0,24.248872,74.536314,
EVT-000278,BMW-00145,2026-05-28 06:25:00,36.0,50.9,43.6,38241.3,16.821836,74.586003,
EVT-000279,BMW-00072,2025-10-05 20:59:00,34.5,64.3,29.4,71651.4,21.82419,79.160489,
EVT-000280,BMW-00173,2026-02-28 12:08:00,70.2,63.1,32.7,34035.0,12.506425,76.929856,
EVT-000281,BMW-00066,2026-01-12 15:27:00,24.4,76.8,45.6,14943.1,20.740537,75.814445,
EVT-000282,BMW-00193,2025-04-04 03:46:00,49.6,43.5,25.6,55263.6,17.980973,78.449685,
EVT-000283,BMW-00201,2026-05-24 14:23:00,30.9,68.5,38.5,33949.3,25.437609,79.173625,
EVT-000284,BMW-00092,2025-09-06 15:21:00,93.6,75.0,14.7,21494.7,17.912909,77.039286,
EVT-000285,BMW-00184,2025-08-30 22:28:00,30.6,95.6,19.7,62309.4,15.161621,76.566973,
EVT-000286,BMW-00198,2025-02-22 07:30:00,111.9,61.8,29.0,50577.0,26.983113,78.164075,
EVT-000287,BMW-00149,2026-08-14 10:13:00,59.4,62.1,33.6,47442.9,25.629098,79.015938,
EVT-000288,BMW-00096,2026-01-27 07:54:00,40.5,88.8,32.0,23068.7,8.378441,77.34573,
EVT-000289,BMW-00147,2025-05-06 20:32:00,51.4,67.3,41.6,84220.8,20.689319,72.941335,
EVT-000290,BMW-00057,2026-06-06 17:41:00,80.0,84.3,33.9,64085.9,20.749758,76.106126,
EVT-000291,BMW-00227,2026-04-22 20:05:00,55.6,79.4,29.9,68505.5,24.168267,78.377733,
EVT-000292,BMW-00067,2025-12-18 02:39:00,30.1,35.0,38.0,46840.7,22.457116,73.378678,
EVT-000293,BMW-00056,2025-02-25 16:02:00,55.5,36.8,34.1,66821.5,23.796086,73.440605,
EVT-000294,BMW-00065,2025-03-31 14:59:00,24.0,75.0,25.9,18486.6,13.614173,77.989473,
EVT-000295,BMW-00082,2026-07-04 23:37:00,36.7,57.6,25.4,42502.3,17.587058,74.43144,
EVT-000296,BMW-00171,2026-05-22 19:23:00,82.4,74.0,31.8,31192.5,28.398994,78.94921,
EVT-000297,BMW-00175,2026-02-12 07:25:00,23.7,46.2,38.2,37509.6,12.65369,76.7822,
EVT-000298,BMW-00015,2025-02-26 09:55:00,84.6,70.7,9.9,68539.5,19.00848,74.869368,
EVT-000299,BMW-00160,2026-08-03 08:27:00,39.4,48.5,29.3,27629.9,15.723409,72.824594,
EVT-000300,BMW-00223,2025-05-15 11:55:00,48.0,71.5,22.8,37603.6,27.514602,73.12044,
EVT-000301,BMW-00225,2025-08-13 13:57:00,21.7,83.1,32.3,13773.4,23.931096,76.93546,
EVT-000302,BMW-00030,2025-12-02 01:11:00,36.5,61.5,35.9,25176.3,24.391846,77.919063,
EVT-000303,BMW-00170,2025-03-06 23:15:00,47.4,77.3,27.7,10313.4,10.908345,78.636505,
EVT-000304,BMW-00163,2025-11-11 04:45:00,44.9,51.0,25.0,4044.0,14.958837,75.491848,
EVT-000305,BMW-00090,2025-02-24 17:04:00,51.0,82.5,21.4,48261.9,26.157035,73.28921,
EVT-000306,BMW-00161,2025-08-19 07:17:00,55.6,48.0,35.8,20961.5,13.769756,76.657519,P0300
EVT-000307,BMW-00062,2025-10-04 19:13:00,16.6,97.7,45.5,9979.2,26.865235,77.283371,
EVT-000308,BMW-00144,2026-05-28 13:41:00,69.9,49.6,31.3,76027.9,23.232782,79.600995,
EVT-000309,BMW-00069,2026-08-24 06:39:00,95.0,87.8,38.6,57149.8,22.441936,74.141581,
EVT-000310,BMW-00115,2025-07-04 01:53:00,20.9,88.5,18.6,51856.4,25.710345,77.737464,
EVT-000311,BMW-00102,2026-03-30 07:13:00,69.3,61.3,27.8,35365.9,13.487334,78.615311,
EVT-000312,BMW-00246,2025-10-12 06:05:00,91.1,64.8,21.3,13534.5,19.818001,79.729802,C1234
EVT-000313,BMW-00141,2025-07-11 11:57:00,100.4,92.9,34.5,81625.2,22.413502,76.163557,
EVT-000314,BMW-00118,2026-02-16 15:52:00,22.8,88.8,38.1,31315.3,13.39226,74.839986,
EVT-000315,BMW-00005,2025-04-16 14:32:00,4.9,72.3,34.4,28616.5,11.665726,79.930132,
EVT-000316,BMW-00170,2026-08-19 03:25:00,33.1,54.6,30.5,11874.0,11.5028,76.362841,
EVT-000317,BMW-00199,2025-03-17 04:25:00,11.9,55.5,38.1,21119.5,15.275332,75.51234,
EVT-000318,BMW-00013,2026-01-19 23:22:00,51.5,48.7,33.0,52237.8,18.308442,79.407747,
EVT-000319,BMW-00084,2026-01-13 14:43:00,15.3,71.3,26.2,68696.2,16.39499,74.348699,
EVT-000320,BMW-00074,2025-11-10 13:59:00,34.9,63.9,36.9,6712.5,28.595395,74.450189,
EVT-000321,BMW-00002,2025-02-01 23:08:00,52.1,53.7,39.0,62642.3,17.035606,79.730912,
EVT-000322,BMW-00085,2026-04-27 23:52:00,56.2,61.2,38.6,56258.8,15.646187,73.525503,
EVT-000323,BMW-00107,2026-07-08 23:07:00,24.0,66.6,13.0,53029.1,18.618698,74.454448,
EVT-000324,BMW-00241,2025-02-09 19:26:00,0.0,48.5,42.5,47419.7,14.546233,76.362218,
EVT-000325,BMW-00079,2026-01-15 10:29:00,34.3,68.0,32.7,15447.2,20.47076,75.635739,
EVT-000326,BMW-00163,2026-02-16 22:26:00,53.0,74.0,22.5,19493.5,16.451876,72.965128,
EVT-000327,BMW-00186,2026-05-29 10:40:00,57.8,77.9,15.5,84600.8,18.354387,74.100069,
EVT-000328,BMW-00237,2025-03-16 18:34:00,54.4,99.3,25.1,71497.2,28.599184,75.369218,
EVT-000329,BMW-00084,2025-12-12 06:32:00,80.6,100.0,30.5,30635.3,8.268113,75.134679,
EVT-000330,BMW-00045,2025-03-02 13:29:00,96.1,68.7,25.4,8601.7,17.244246,73.321205,
EVT-000331,BMW-00087,2025-01-10 05:57:00,39.5,76.7,20.0,51440.6,16.384524,72.909198,E1101
EVT-000332,BMW-00217,2025-12-20 12:01:00,44.9,61.5,29.2,3407.8,18.179986,76.065834,
EVT-000333,BMW-00203,2025-10-18 06:48:00,94.3,51.5,34.3,19748.9,22.700744,75.792892,
EVT-000334,BMW-00226,2026-07-05 21:27:00,61.0,100.0,18.1,589.6,24.490876,77.955824,
EVT-000335,BMW-00186,2025-12-10 15:34:00,43.6,37.0,15.0,44058.5,24.581762,74.141987,
EVT-000336,BMW-00176,2025-06-15 00:30:00,54.0,66.3,35.7,28908.1,27.271535,77.646586,
EVT-000337,BMW-00207,2026-03-05 11:44:00,38.7,76.8,32.8,1879.2,18.281301,78.036731,
EVT-000338,BMW-00203,2025-06-13 09:31:00,49.9,82.6,36.7,36573.6,22.599763,79.532542,
EVT-000339,BMW-00191,2025-12-19 10:21:00,34.5,76.9,26.2,64128.7,26.492807,77.803892,
EVT-000340,BMW-00175,2026-02-17 05:36:00,22.8,70.4,27.1,77240.9,23.936339,74.166763,
EVT-000341,BMW-00213,2026-02-24 20:42:00,,57.2,22.5,47441.6,12.583918,73.276975,
EVT-000342,BMW-00047,2025-12-22 11:03:00,44.3,79.2,28.1,10241.0,14.726266,77.026115,
EVT-000343,BMW-00024,2025-07-28 17:17:00,42.3,68.6,22.7,73597.3,12.453035,79.249095,
EVT-000344,BMW-00077,2025-11-29 01:43:00,32.6,57.3,32.0,1621.3,21.626769,77.360633,
EVT-000345,BMW-00082,2026-08-03 23:00:00,86.6,66.8,27.1,64350.2,23.382014,75.344024,
EVT-000346,BMW-00138,2026-07-04 23:41:00,41.8,44.8,20.0,717.9,26.969693,75.862125,B0010
EVT-000347,BMW-00100,2025-06-11 22:00:00,68.7,99.0,18.1,7309.0,21.761665,73.597175,
EVT-000348,BMW-00169,2025-11-03 06:53:00,42.0,54.5,21.9,69403.5,18.880199,75.215148,
EVT-000349,BMW-00214,2026-01-13 13:54:00,80.7,61.8,28.6,32651.8,16.784639,76.391448,
EVT-000350,BMW-00018,2025-07-05 11:30:00,66.7,43.6,34.9,5772.1,27.301169,79.79018,
EVT-000351,BMW-00233,2026-08-26 12:02:00,19.6,62.8,21.1,33069.6,8.871347,74.136771,
EVT-000352,BMW-00215,2025-08-09 10:28:00,67.2,45.5,28.4,41926.1,28.301455,79.060846,
EVT-000353,BMW-00142,2026-02-28 18:14:00,64.9,89.2,49.7,34904.9,14.401869,79.933611,
EVT-000354,BMW-00099,2025-04-07 02:15:00,89.1,88.3,22.6,17989.9,21.284162,74.399264,
EVT-000355,BMW-00112,2025-07-17 14:23:00,31.0,65.4,21.0,2736.6,11.22079,77.817018,
EVT-000356,BMW-00079,2025-12-25 07:37:00,41.0,65.0,17.7,33905.7,17.490853,78.208839,
EVT-000357,BMW-00093,2025-11-11 20:04:00,48.2,79.1,32.5,74171.0,14.627746,79.209824,C1234
EVT-000358,BMW-00120,2026-06-12 04:28:00,90.9,79.3,18.2,55653.5,15.550805,78.7581,
EVT-000359,BMW-00121,2026-03-09 16:31:00,38.3,63.5,38.0,79808.5,18.138578,78.264852,
EVT-000360,BMW-00113,2026-02-23 01:46:00,46.1,60.3,28.3,59356.5,9.793846,76.80066,
EVT-000361,BMW-00010,2026-03-30 08:44:00,47.7,94.9,30.4,43934.5,27.872941,79.861199,
EVT-000362,BMW-00207,2025-06-09 09:19:00,45.1,71.9,24.7,73516.0,24.970798,75.060637,
EVT-000363,BMW-00157,2026-01-03 01:47:00,10.8,51.7,40.3,47316.4,11.886163,73.055151,
EVT-000364,BMW-00061,2025-03-20 01:50:00,73.9,99.5,33.9,73104.4,19.414467,79.57845,
EVT-000365,BMW-00063,2025-02-26 06:07:00,49.8,52.2,31.2,48590.9,27.892785,74.364384,
EVT-000366,BMW-00080,2025-01-17 12:41:00,35.0,71.9,25.6,3810.3,28.104246,76.409133,
EVT-000367,BMW-00008,2025-07-19 10:45:00,70.6,69.0,37.8,11538.1,15.817851,75.559475,
EVT-000368,BMW-00171,2025-10-12 07:49:00,32.7,82.3,19.0,35139.4,24.503214,74.109567,
EVT-000369,BMW-00126,2025-10-04 16:05:00,60.3,28.6,29.3,58540.4,19.460397,77.80403,
EVT-000370,BMW-00044,2026-03-31 17:38:00,49.4,45.0,39.6,22808.5,15.182524,75.745384,
EVT-000371,BMW-00117,2026-04-02 19:02:00,13.6,52.2,16.3,9852.8,8.631155,77.758568,
EVT-000372,BMW-00123,2026-01-26 15:16:00,35.5,85.7,27.8,27834.0,24.389819,75.508005,
EVT-000373,BMW-00041,2026-08-18 14:49:00,,48.7,24.1,51073.6,18.357042,79.741052,
EVT-000374,BMW-00110,2026-03-11 08:46:00,14.7,79.5,16.4,13598.5,13.075549,73.143785,
EVT-000375,BMW-00049,2025-09-05 04:25:00,36.2,38.8,37.2,46598.7,9.334285,75.847939,E1101
EVT-000376,BMW-00083,2026-06-17 03:17:00,27.8,84.5,31.0,18316.1,28.004181,78.135923,
EVT-000377,BMW-00018,2026-07-06 11:37:00,65.2,84.1,31.5,35074.6,18.686463,75.402941,
EVT-000378,BMW-00015,2026-07-25 18:07:00,27.0,61.0,21.4,14714.8,15.284261,75.814223,
EVT-000379,BMW-00138,2025-07-12 07:59:00,35.6,100.0,34.9,18629.3,18.75261,79.3673,
EVT-000380,BMW-00180,2025-12-19 20:31:00,33.5,73.5,28.6,6737.1,13.872425,78.441946,
EVT-000381,BMW-00211,2026-06-25 22:36:00,73.7,53.8,34.5,63602.3,13.368731,76.522756,
EVT-000382,BMW-00199,2026-05-03 15:30:00,40.2,85.3,20.5,58479.7,21.754989,78.67411,
EVT-000383,BMW-00140,2025-05-02 22:04:00,42.3,53.3,38.9,67845.0,11.627983,75.357382,
EVT-000384,BMW-00177,2026-07-20 20:01:00,5.7,49.4,24.1,15093.4,23.346264,77.255982,
EVT-000385,BMW-00129,2026-02-09 01:31:00,33.8,66.6,36.0,22166.1,22.543608,78.502574,
EVT-000386,BMW-00050,2025-01-21 09:32:00,11.4,50.9,29.0,20506.2,8.29804,74.395213,P0300
EVT-000387,BMW-00015,2025-07-28 10:02:00,53.9,54.0,19.9,49001.6,14.361146,73.880324,
EVT-000388,BMW-00146,2026-08-16 02:20:00,23.5,100.0,34.9,64014.4,12.945986,77.812806,
EVT-000389,BMW-00216,2026-04-05 13:42:00,37.9,62.3,,30602.4,25.74647,76.329228,
EVT-000390,BMW-00018,2025-03-08 04:31:00,62.2,16.0,37.9,55353.5,24.873421,73.825501,
EVT-000391,BMW-00166,2025-12-17 15:46:00,49.1,98.0,27.9,74906.8,24.408547,76.8496,
EVT-000392,BMW-00081,2026-01-28 02:23:00,59.7,100.0,27.2,28972.1,17.191906,79.953907,
EVT-000393,BMW-00137,2026-01-31 00:07:00,63.0,80.6,40.7,14466.9,8.992412,77.027621,
EVT-000394,BMW-00182,2025-02-15 17:10:00,38.4,56.7,28.0,18450.1,25.369794,78.554493,
EVT-000395,BMW-00069,2025-01-12 09:24:00,97.9,73.2,36.0,27889.8,21.341296,78.40221,
EVT-000396,BMW-00041,2025-05-12 00:46:00,63.2,38.1,40.2,41099.3,20.87394,73.460202,
EVT-000397,BMW-00074,2025-06-08 10:20:00,30.9,83.6,27.3,10366.3,11.375835,79.030135,
EVT-000398,BMW-00250,2026-07-04 23:06:00,78.7,60.3,38.6,30130.1,14.680842,79.309497,
EVT-000399,BMW-00246,2025-09-04 09:20:00,34.7,57.2,18.6,1974.3,24.052651,76.1747,
EVT-000400,BMW-00216,2025-07-06 02:31:00,74.5,62.6,29.6,83155.2,16.12431,74.126579,
EVT-000401,BMW-00045,2026-05-14 13:22:00,53.9,49.7,31.8,29977.6,23.570908,77.136436,
EVT-000402,BMW-00192,2026-08-23 23:38:00,74.9,50.4,26.7,60907.6,13.978411,76.097083,
EVT-000403,BMW-00132,2026-05-03 08:10:00,34.2,56.8,42.3,9381.9,20.68619,80.030775,
EVT-000404,BMW-00209,2026-08-23 15:56:00,41.7,73.9,34.1,67899.4,26.906692,76.164323,
EVT-000405,BMW-00250,2026-06-22 20:08:00,5.8,51.1,28.3,76557.4,18.427943,78.046567,
EVT-000406,BMW-00029,2025-11-16 14:09:00,61.5,90.9,30.7,12587.1,26.517009,74.742319,
EVT-000407,BMW-00133,2025-09-17 22:36:00,47.4,39.5,26.3,13009.4,28.34983,79.741963,
EVT-000408,BMW-00142,2025-11-27 23:08:00,49.5,81.1,22.4,3601.8,17.510114,78.746758,
EVT-000409,BMW-00146,2025-06-01 21:03:00,42.9,64.1,29.1,9959.3,10.859016,73.415927,
EVT-000410,BMW-00215,2026-08-06 22:36:00,71.0,98.2,46.3,6803.7,10.432644,76.545653,
EVT-000411,BMW-00141,2025-11-26 20:18:00,34.9,81.6,11.2,76286.2,13.099378,74.014937,B0010
EVT-000412,BMW-00042,2026-05-07 13:12:00,77.6,87.9,15.5,57876.8,14.45421,79.718157,E1101
EVT-000413,BMW-00121,2026-03-28 20:26:00,52.9,37.7,22.4,16106.6,14.407642,75.20366,
EVT-000414,BMW-00205,2025-02-23 19:33:00,23.6,95.5,37.3,38653.3,14.536419,79.126358,
EVT-000415,BMW-00069,2026-02-01 10:14:00,49.2,66.5,29.4,64075.2,17.368494,77.050596,B0010
EVT-000416,BMW-00239,2025-11-23 01:03:00,31.7,49.2,37.2,8670.4,17.280382,79.340957,
EVT-000417,BMW-00201,2025-11-09 03:40:00,13.3,43.8,32.7,61081.3,8.312611,77.565716,
EVT-000418,BMW-00235,2025-11-15 06:42:00,22.0,73.4,17.6,22820.1,18.881653,79.033658,
EVT-000419,BMW-00222,2026-01-01 00:32:00,45.3,60.5,34.0,41160.0,18.466222,74.897014,
EVT-000420,BMW-00121,2026-08-26 08:50:00,51.2,81.6,38.0,55576.2,9.627046,74.69998,
EVT-000421,BMW-00243,2026-04-29 15:20:00,53.8,87.2,27.1,61701.0,24.963543,78.025594,B0010
EVT-000422,BMW-00105,2026-06-09 00:58:00,8.2,46.3,31.9,64278.4,28.070688,78.711487,C1234
EVT-000423,BMW-00046,2025-09-14 21:22:00,43.7,68.1,27.6,83298.3,12.901564,76.344543,
EVT-000424,BMW-00109,2026-07-23 17:06:00,81.1,34.1,35.9,33523.6,11.231519,79.711246,
EVT-000425,BMW-00081,2025-07-30 16:53:00,100.3,56.5,47.3,28137.4,12.856009,74.906833,
EVT-000426,BMW-00059,2025-04-24 05:57:00,24.7,77.0,30.6,44562.9,22.126485,74.48968,
EVT-000427,BMW-00122,2026-03-05 15:30:00,0.0,100.0,17.1,13769.9,24.723031,73.439121,
EVT-000428,BMW-00235,2026-03-03 16:18:00,64.8,80.9,41.2,17377.6,23.412719,74.6783,
EVT-000429,BMW-00022,2025-04-07 15:29:00,30.4,71.4,42.4,76248.2,19.010396,78.222954,
EVT-000430,BMW-00189,2025-10-27 07:51:00,10.0,89.9,13.6,11628.9,23.708078,73.220289,
EVT-000431,BMW-00110,2025-01-13 21:42:00,27.3,35.9,39.2,19632.6,21.10815,74.785517,
EVT-000432,BMW-00049,2026-03-09 13:28:00,67.1,87.7,32.9,20875.1,14.358061,76.262362,
EVT-000433,BMW-00131,2025-11-10 18:30:00,30.7,98.8,22.7,22357.0,22.085563,73.32599,
EVT-000434,BMW-00070,2025-04-16 21:36:00,9.6,72.4,22.8,62433.7,24.78737,75.93588,
EVT-000435,BMW-00203,2025-12-10 15:19:00,68.1,40.7,25.3,4056.9,24.528763,74.810267,
EVT-000436,BMW-00140,2025-11-18 06:56:00,55.6,39.5,26.0,16984.6,23.992388,78.403093,
EVT-000437,BMW-00094,2026-04-16 19:29:00,94.3,88.8,28.1,37172.4,12.187307,79.732098,
EVT-000438,BMW-00110,2025-05-12 22:28:00,46.2,96.2,19.5,38350.4,18.366895,73.021982,
EVT-000439,BMW-00093,2026-04-02 21:32:00,31.6,38.0,35.9,33353.2,10.201664,78.628318,
EVT-000440,BMW-00177,2025-11-01 07:59:00,53.9,66.6,16.6,62747.0,20.403039,75.643213,
EVT-000441,BMW-00001,2025-08-05 15:20:00,30.9,39.2,28.8,42062.2,8.526307,78.04677,
EVT-000442,BMW-00200,2026-01-12 10:55:00,64.1,83.4,14.7,9665.4,28.36031,73.161402,
EVT-000443,BMW-00220,2025-01-01 14:20:00,61.9,85.2,48.1,49693.7,16.354849,77.868658,
EVT-000444,BMW-00023,2025-09-06 05:16:00,53.0,52.0,38.7,25230.9,13.771363,77.237283,
EVT-000445,BMW-00210,2026-05-22 03:16:00,82.8,57.1,39.5,42470.8,14.395067,76.665023,
EVT-000446,BMW-00181,2026-07-23 03:50:00,28.1,44.3,25.4,16671.4,10.467038,74.698157,
EVT-000447,BMW-00163,2025-10-01 07:39:00,53.1,53.8,39.6,41189.7,21.228077,77.98093,
EVT-000448,BMW-00198,2026-01-21 14:53:00,67.7,53.2,30.8,11267.3,13.833343,73.093199,
EVT-000449,BMW-00182,2025-08-02 11:44:00,46.0,100.0,32.3,82469.0,9.587645,74.765317,
EVT-000450,BMW-00116,2026-05-20 13:03:00,54.8,59.0,36.2,83708.0,18.504627,79.992951,
EVT-000451,BMW-00186,2026-03-05 13:31:00,29.0,80.1,27.0,47034.9,21.370505,78.384765,
EVT-000452,BMW-00155,2026-06-30 01:15:00,41.9,33.3,26.3,6925.8,8.605303,75.744944,
EVT-000453,BMW-00048,2025-04-25 08:36:00,78.8,87.8,32.7,84976.4,16.904209,75.033041,
EVT-000454,BMW-00098,2025-06-20 04:30:00,0.0,63.9,43.6,4045.3,24.03996,76.750062,
EVT-000455,BMW-00100,2025-10-27 18:31:00,67.0,67.1,33.4,26038.1,22.905028,79.045349,
EVT-000456,BMW-00011,2025-10-03 00:39:00,49.8,38.3,47.0,44971.7,13.896144,76.035043,
EVT-000457,BMW-00002,2025-10-17 09:22:00,68.1,84.8,11.9,7907.5,13.534622,76.933183,
EVT-000458,BMW-00187,2025-10-13 16:31:00,20.9,67.8,29.3,75416.0,12.304608,73.26622,
EVT-000459,BMW-00135,2025-07-22 19:02:00,77.3,80.5,45.9,9033.3,22.290127,77.841884,
EVT-000460,BMW-00121,2025-09-29 16:41:00,36.0,92.0,42.8,62924.2,16.90285,73.808272,
EVT-000461,BMW-00009,2025-08-10 08:42:00,88.2,80.5,19.0,2260.4,23.826032,78.827809,
EVT-000462,BMW-00156,2026-05-27 10:54:00,33.2,52.3,35.2,71684.4,10.706593,76.465327,
EVT-000463,BMW-00015,2025-05-08 20:56:00,41.9,54.6,22.8,49464.4,24.927317,73.217631,
EVT-000464,BMW-00142,2026-07-25 13:42:00,60.9,63.6,29.1,56449.9,19.475546,77.82403,
EVT-000465,BMW-00002,2026-03-15 08:44:00,43.7,61.4,10.9,49498.9,14.606282,79.290857,
EVT-000466,BMW-00218,2026-08-19 00:00:00,79.7,59.8,34.7,24171.4,11.1266,79.309191,
EVT-000467,BMW-00051,2025-11-28 13:55:00,29.5,77.3,19.6,55043.1,15.082719,75.433744,
EVT-000468,BMW-00062,2025-07-15 04:39:00,102.1,39.8,27.2,39554.0,11.096387,75.03817,P0300
EVT-000469,BMW-00163,2025-09-23 12:18:00,40.8,54.6,27.5,21942.5,8.05677,76.409013,P0420
EVT-000470,BMW-00001,2025-11-06 13:22:00,72.1,82.4,24.9,43821.9,22.403744,77.960144,
EVT-000471,BMW-00186,2025-08-09 08:29:00,78.2,100.0,,51747.7,10.374121,78.974446,
EVT-000472,BMW-00118,2025-11-05 08:52:00,13.5,85.2,25.2,15365.5,15.538053,77.354207,
EVT-000473,BMW-00067,2025-07-22 21:15:00,50.9,48.0,39.5,62225.9,14.726936,73.735323,
EVT-000474,BMW-00032,2026-05-06 14:44:00,35.5,55.6,30.8,10466.4,27.560408,75.986263,
EVT-000475,BMW-00127,2026-03-13 21:27:00,77.2,56.3,12.4,60953.8,9.938907,79.900582,
EVT-000476,BMW-00122,2025-12-08 23:44:00,21.7,73.0,27.1,35202.4,16.940534,78.213202,
EVT-000477,BMW-00031,2025-11-10 20:44:00,27.1,78.9,41.8,13345.9,23.939051,76.34424,
EVT-000478,BMW-00169,2026-05-31 17:09:00,83.7,55.8,20.7,28939.6,10.653111,80.120704,
EVT-000479,BMW-00055,2026-06-19 21:49:00,62.9,31.1,22.7,11578.2,16.302153,78.605959,
EVT-000480,BMW-00048,2025-11-26 08:41:00,54.0,66.7,29.3,40786.7,12.517488,79.509482,
EVT-000318,BMW-00013,2026-01-19 23:22:00,51.5,48.7,33.0,52237.8,18.308442,79.407747,
EVT-000438,BMW-00110,2025-05-12 22:28:00,46.2,96.2,19.5,38350.4,18.366895,73.021982,
EVT-000403,BMW-00132,2026-05-03 08:10:00,34.2,56.8,42.3,9381.9,20.68619,80.030775,
EVT-000440,BMW-00177,2025-11-01 07:59:00,53.9,66.6,16.6,62747.0,20.403039,75.643213,
EVT-000218,BMW-00173,2025-09-23 21:04:00,51.9,38.8,10.8,52647.8,11.370784,73.303638,
