service_id,vehicle_id,dealer_id,service_date,service_type,odometer,parts_cost,labour_cost,failure_code
SRV00001,BMWV00854,D007,2026-04-21,Brake Service,141229,3980.85,1889.92,ELEC01
SRV00002,BMWV00636,D057,2026-02-21,Routine Service,122035,2915.73,216.79,NONE
SRV00003,BMWV00940,D005,2025-01-21,Brake Service,22046,3924.1,170.9,ENG01
SRV00004,BMWV00058,D039,2025-09-17,Repair,118204,375.66,1371.25,ELEC01
SRV00005,BMWV00055,D038,2026-05-20,Battery Check,110298,524.36,1516.33,BRK01
SRV00006,BMWV00887,D077,2026-03-17,Repair,7780,2294.39,955.21,ENG01
SRV00007,BMWV00903,D080,2025-09-26,Routine Service,94028,3272.06,1367.76,NONE
SRV00008,BMWV00466,D067,2024-12-02,Inspection,55457,584.63,73.96,NONE
SRV00009,BMWV00609,D025,2026-07-15,Inspection,38025,3204.95,549.76,ENG01
SRV00010,BMWV00494,D093,2025-09-27,Battery Check,53738,1253.6,1604.2,NONE
SRV00011,BMWV00132,D040,2025-08-21,Battery Check,139512,4800.72,1521.03,BAT01
SRV00012,BMWV00599,D070,2026-03-05,Oil Change,43642,2374.14,1226.49,BAT01
SRV00013,BMWV00379,D002,2025-06-14,Inspection,42906,333.72,1038.86,ELEC01
SRV00014,BMWV00881,D007,2025-03-08,Brake Service,56224,4883.73,1299.08,BRK01
SRV00015,BMWV00806,D009,2024-12-15,Oil Change,129708,3489.17,1964.75,ELEC01
SRV00016,BMWV00711,D043,2026-05-22,Inspection,92991,3099.71,866.46,BRK01
SRV00017,BMWV00109,D059,2026-06-16,Routine Service,135005,1136.06,57.21,BRK01
SRV00018,BMWV00711,D030,2025-04-22,Inspection,60872,1233.14,1482.44,BAT01
SRV00019,BMWV00828,D095,2025-01-19,Oil Change,109939,962.01,1980.26,BAT01
SRV00020,BMWV00011,D010,2025-01-01,Routine Service,35196,754.89,908.8,ELEC01
SRV00020,BMWV00936,D098,2025-01-03,Routine Service,12781,1035.66,604.0,BRK01
SRV00022,BMWV00908,D034,2026-01-06,Oil Change,94081,4245.29,529.63,BRK01
SRV00023,BMWV00023,D023,2026-05-13,Brake Service,31526,153.92,1371.03,ENG01
SRV00024,BMWV00672,D015,2024-12-12,Oil Change,84972,2308.21,770.8,BAT01
SRV00025,BMWV00678,D022,2026-08-21,Inspection,118696,4398.02,177.49,BRK01
SRV00026,BMWV00905,D017,2026-03-24,Oil Change,55248,2686.15,1403.99,BAT01
SRV00027,BMWV00615,D055,2025-10-13,Oil Change,17109,3827.26,1195.29,ELEC01
SRV00028,BMWV00303,D020,2024-12-01,Oil Change,18961,3165.82,596.14,BRK01
SRV00029,BMWV00873,D066,2025-08-21,Battery Check,59850,3650.13,1580.1,ELEC01
SRV00030,BMWV00068,D022,2025-06-04,Battery Check,138472,1902.62,1061.84,BRK01
SRV00031,BMWV00331,D092,2025-01-17,Inspection,131693,3592.47,1014.84,BAT01
SRV00032,BMWV00597,D052,2025-10-15,Inspection,14595,1075.64,1795.03,ENG01
SRV00033,BMWV00885,D031,2025-02-09,Oil Change,85215,2153.86,785.31,BRK01
SRV00034,BMWV00959,D048,2024-09-17,Inspection,27219,714.94,213.85,ENG01
SRV00035,BMWV00533,D046,2024-08-23,Inspection,15785,2353.0,1261.2,ENG01
SRV00036,BMWV00463,D060,2025-03-18,Battery Check,101341,4032.3,668.19,ENG01
SRV00037,BMWV00026,D023,2025-03-28,Oil Change,74631,3244.51,750.23,NONE
SRV00038,BMWV00303,D065,2025-06-09,Inspection,25488,3940.07,1856.88,NONE
SRV00039,BMWV00123,D010,2025-01-03,Routine Service,148137,1041.52,433.46,BAT01
SRV00040,BMWV00258,D039,2026-02-02,Repair,76949,993.68,1227.87,BRK01
SRV00041,,D097,2026-01-03,Repair,147377,4566.29,66.64,BAT01
SRV00042,BMWV00290,D045,2026-03-12,Battery Check,111367,4118.21,1527.72,NONE
SRV00043,BMWV00485,D084,2025-06-08,Oil Change,109203,1176.51,1460.5,BRK01
SRV00044,BMWV00487,D030,2025-06-12,Inspection,149864,3800.23,1458.9,ENG01
SRV00045,BMWV00350,D010,2024-11-16,Oil Change,117405,3862.15,1410.99,BRK01
SRV00046,BMWV00451,D058,2026-05-23,Inspection,12891,1904.77,1176.14,BRK01
SRV00047,BMWV00314,D095,2024-01-10,Battery Check,97972,1732.12,867.34,ENG01
SRV00048,BMWV00783,D100,2025-12-08,Inspection,83548,1664.09,95.32,NONE
SRV00049,BMWV00946,D018,2024-06-06,Brake Service,107468,4901.85,448.2,ENG01
SRV00050,BMWV00067,D069,2025-01-30,Oil Change,129460,587.76,1160.55,ENG01
SRV00051,BMWV00656,D039,2024-04-05,Oil Change,32345,3390.68,396.39,ELEC01
SRV00052,BMWV00502,D004,2024-07-10,Oil Change,23216,4561.16,802.49,BRK01
SRV00053,BMWV00240,D038,2025-11-06,Inspection,23344,2300.59,768.87,NONE
SRV00054,BMWV00177,D042,2026-05-30,Battery Check,107525,827.33,265.95,ELEC01
SRV00055,BMWV00430,D062,2026-01-30,Routine Service,106972,4777.73,1738.11,BRK01
SRV00056,BMWV00893,D027,2024-11-13,Battery Check,129460,835.97,1171.43,BAT01
SRV00057,BMWV00603,D026,2025-05-29,Repair,125312,1413.43,64.51,BRK01
SRV00058,BMWV00458,D009,2026-04-24,Battery Check,69707,2652.99,1825.09,ENG01
SRV00059,BMWV00473,D060,2025-08-12,Routine Service,28882,1475.16,1767.94,ENG01
SRV00060,BMWV00357,D090,2026-05-12,Repair,82974,1985.9,1655.69,BRK01
SRV00061,BMWV00427,D032,2024-07-02,Inspection,118266,-250,1826.12,BRK01
SRV00062,BMWV00717,D073,2024-04-07,Battery Check,16446,1236.49,1747.55,BAT01
SRV00063,BMWV00905,D081,2025-07-04,Brake Service,22496,3505.32,1458.7,BRK01
SRV00064,BMWV00932,D064,2025-02-25,Inspection,36779,4976.82,199.24,NONE
SRV00065,BMWV00518,D099,2026-03-09,Brake Service,112504,2282.13,542.89,ELEC01
SRV00066,BMWV00046,D060,2024-01-28,Routine Service,126085,1936.72,1504.62,BRK01
SRV00067,BMWV00408,D005,2024-01-11,Brake Service,35063,3560.04,316.14,ENG01
SRV00068,BMWV00498,D060,2024-03-10,Routine Service,148767,3302.26,1441.48,ENG01
SRV00069,BMWV00145,D061,2026-04-20,Brake Service,47301,894.42,85.23,NONE
SRV00070,BMWV00183,D038,2024-05-07,Inspection,107458,883.84,1359.21,NONE
SRV00071,BMWV00695,D035,2024-06-06,Battery Check,98870,930.8,1443.1,ELEC01
SRV00072,BMWV00223,D057,2025-12-14,Routine Service,142068,3223.01,1447.0,NONE
SRV00073,BMWV00401,D089,2024-11-11,Battery Check,18740,3011.12,144.9,ENG01
SRV00074,BMWV00787,D026,2026-08-09,Oil Change,103210,4548.34,439.97,NONE
SRV00075,BMWV00433,D004,2024-01-15,Brake Service,55371,3415.8,173.18,NONE
SRV00076,BMWV00818,D086,2024-06-20,Repair,48790,267.86,1049.38,BAT01
SRV00077,BMWV00332,D072,2025-10-03,Oil Change,59295,4674.92,820.37,ENG01
SRV00078,BMWV00125,D030,2024-08-06,Routine Service,98474,1650.67,79.24,BAT01
SRV00079,BMWV00013,D050,2024-08-05,Battery Check,62696,376.78,1639.42,ELEC01
SRV00080,BMWV00379,D006,2024-03-09,Oil Change,112766,1542.59,1217.79,NONE
SRV00081,BMWV00731,D069,2026-03-21,Inspection,49946,1297.1,234.75,BAT01
SRV00082,BMWV00648,D090,2025-02-01,Repair,39847,1693.63,1288.94,BAT01
SRV00083,BMWV00873,D086,2025-05-08,Routine Service,92845,137.36,1828.6,ENG01
SRV00084,BMWV00393,D066,2025-10-17,Repair,65928,2541.93,1424.03,NONE
SRV00085,BMWV00240,D003,2025-09-23,Routine Service,85962,1220.16,885.57,BRK01
SRV00086,BMWV00636,D010,2024-03-02,Oil Change,103179,2518.7,443.92,ENG01
SRV00087,BMWV00211,D083,2024-02-08,Oil Change,121320,3709.32,690.95,BAT01
SRV00088,BMWV00327,D083,2026-03-16,Routine Service,141543,3969.31,859.04,BAT01
SRV00089,BMWV00770,D004,2024-08-22,Repair,91840,1746.51,451.34,NONE
SRV00090,BMWV00930,D086,2024-09-11,Repair,63312,3059.91,793.9,BAT01
SRV00091,BMWV00189,D057,2025-10-06,Routine Service,21938,4355.84,186.47,BRK01
SRV00092,BMWV00055,D082,2024-05-24,Oil Change,37915,504.21,1205.63,BRK01
SRV00093,BMWV00243,D065,2024-03-21,Battery Check,127440,1591.74,1457.26,BRK01
SRV00094,BMWV00436,D023,2025-09-12,Oil Change,84456,1462.5,924.13,BRK01
SRV00095,BMWV00280,D062,2024-03-22,Brake Service,109397,1919.7,967.89,ENG01
SRV00096,BMWV00519,D079,2026-01-22,Battery Check,45862,4107.04,1597.44,NONE
SRV00097,BMWV00782,D049,2025-03-13,Routine Service,83703,2996.16,347.96,BRK01
SRV00098,BMWV00265,D049,2025-04-19,Brake Service,123909,1451.97,1146.18,ENG01
SRV00099,BMWV00075,D043,2024-05-19,Repair,128013,1018.79,1836.46,NONE
SRV00100,BMWV00014,D065,2026-01-17,Repair,103109,2482.7,1855.1,ENG01
SRV00101,BMWV00995,D096,2025-01-17,Battery Check,133332,1573.66,1975.67,NONE
SRV00102,BMWV00420,D005,2026-08-01,Routine Service,105879,4664.04,366.61,ENG01
SRV00103,BMWV00982,D033,2026-02-28,Repair,96377,2572.56,1002.81,BAT01
SRV00104,BMWV00715,D008,2025-10-28,Battery Check,116159,3691.54,522.59,NONE
SRV00105,BMWV00945,D047,2025-10-08,Repair,12407,3502.48,1308.4,BAT01
SRV00106,BMWV00621,D059,2026-08-24,Repair,43631,1308.73,1224.19,BRK01
SRV00107,BMWV00013,D015,2026-02-28,Routine Service,105754,2018.45,1193.01,NONE
SRV00108,BMWV00532,D025,2026-06-16,Battery Check,48469,4157.26,543.1,BAT01
SRV00109,BMWV00514,D069,2025-11-05,Battery Check,85734,3682.97,1517.3,NONE
SRV00110,BMWV00113,D082,2025-08-09,Brake Service,42411,1381.66,458.57,ENG01
SRV00111,BMWV00717,D040,2024-01-07,Oil Change,133902,57.81,186.19,ENG01
SRV00112,BMWV00539,D054,2025-11-01,Brake Service,117970,894.64,780.57,BRK01
SRV00113,BMWV00204,D063,2024-07-05,Inspection,33898,2280.77,1638.02,BRK01
SRV00114,BMWV00207,D008,2026-02-06,Oil Change,55301,1333.79,1809.43,ENG01
SRV00115,BMWV00453,D081,2026-07-23,Inspection,33624,4348.39,373.95,BAT01
SRV00116,BMWV00089,D049,2024-05-07,Brake Service,21846,1743.65,1192.01,ENG01
SRV00117,BMWV00498,D087,2026-02-17,Routine Service,7492,352.23,1516.01,NONE
SRV00118,BMWV00683,D075,2026-03-19,Routine Service,30386,1094.79,1593.98,ENG01
SRV00119,BMWV00619,D067,2026-02-18,Brake Service,132382,2392.5,707.21,ENG01
SRV00120,BMWV00346,D048,2025-11-29,Brake Service,87634,4093.39,1884.93,ENG01
SRV00121,BMWV00389,D079,2024-02-28,Brake Service,91574,4041.04,56.02,ENG01
SRV00122,BMWV00744,D018,2024-01-27,Inspection,37216,4351.58,594.96,BRK01
SRV00123,BMWV00379,D058,2025-09-25,Repair,129570,2598.82,1337.45,NONE
SRV00124,BMWV00655,D042,2024-01-18,Repair,99425,4373.5,1940.72,BAT01
SRV00125,BMWV00696,D057,2024-08-27,Inspection,132018,2030.82,1244.56,NONE
SRV00126,BMWV00358,D055,2026-08-19,Battery Check,31333,3684.67,623.03,BRK01
SRV00127,BMWV00731,D019,2026-06-09,Inspection,137287,207.14,1020.95,NONE
SRV00128,BMWV00310,D087,2025-07-15,Battery Check,49054,4487.22,1912.35,ENG01
SRV00129,BMWV00680,D070,2024-09-03,Oil Change,60480,893.64,1891.21,NONE
SRV00130,BMWV00110,D056,2026-01-02,Routine Service,47004,4648.57,686.68,ENG01
SRV00131,BMWV00786,D036,2024-08-13,Repair,72535,3346.37,1905.43,NONE
SRV00132,BMWV00683,D018,2026-08-02,Inspection,133964,497.69,1398.98,BRK01
SRV00133,BMWV00956,D074,2026-02-23,Inspection,21952,3237.73,785.17,ENG01
SRV00134,BMWV00671,D083,2026-03-14,Inspection,119547,4051.82,485.92,NONE
SRV00135,BMWV00299,D012,2024-04-24,Routine Service,94191,3715.88,1877.56,NONE
SRV00136,BMWV00588,D048,2024-05-10,Brake Service,104665,2905.74,53.27,NONE
SRV00137,BMWV00606,D069,2024-07-13,Battery Check,116070,1632.23,761.8,BRK01
SRV00138,BMWV00534,D085,2025-09-08,Inspection,63233,577.6,67.92,ENG01
SRV00139,BMWV00325,D019,2026-04-15,Brake Service,62384,2524.17,938.78,ELEC01
SRV00140,BMWV00292,D019,2026-02-03,Repair,14003,3014.46,652.34,NONE
SRV00141,BMWV00282,D091,2025-08-10,Battery Check,61545,2500.38,1423.07,ENG01
SRV00142,BMWV00062,D043,2024-06-05,Repair,60210,4247.95,1872.14,BRK01
SRV00143,BMWV00719,D095,2024-02-23,Oil Change,132796,3650.61,633.25,BRK01
SRV00144,BMWV00023,D071,2025-02-05,Brake Service,115739,3405.6,1981.11,ENG01
SRV00145,BMWV00402,D010,2025-06-24,Repair,79197,1447.7,1849.97,ELEC01
SRV00146,BMWV00405,D013,2024-05-14,Brake Service,19188,4256.56,1433.7,ENG01
SRV00147,BMWV00672,D021,2025-08-14,Oil Change,120837,3494.98,617.61,BRK01
SRV00148,BMWV00216,D028,2026-04-03,Repair,56289,3689.83,67.81,ELEC01
SRV00149,BMWV00106,D087,2026-03-15,Oil Change,103711,4754.47,882.87,BRK01
SRV00150,BMWV00950,D008,2024-04-08,Brake Service,129223,939.18,152.32,ELEC01
SRV00151,BMWV00667,D044,2025-08-30,Battery Check,43946,3153.51,837.79,NONE
SRV00152,BMWV00123,D031,2025-02-10,Battery Check,84348,3455.52,1911.38,ENG01
SRV00153,BMWV00796,D089,2026-03-25,Repair,28491,3899.77,1736.55,ENG01
SRV00154,BMWV00283,D081,2025-10-30,Battery Check,101291,107.43,277.42,NONE
SRV00155,BMWV00502,D083,2025-11-15,Inspection,63965,163.98,1167.31,ELEC01
SRV00156,BMWV00493,D036,2025-12-11,Repair,29786,3982.0,403.14,ENG01
SRV00157,BMWV00662,D090,2025-03-20,Brake Service,37829,542.23,173.82,ELEC01
SRV00158,BMWV00191,D052,2026-04-12,Repair,10176,1999.29,1644.05,ELEC01
SRV00159,BMWV00502,D009,2025-06-15,Inspection,146290,3583.06,1590.63,NONE
SRV00160,BMWV00773,D097,2024-07-31,Repair,35756,944.29,1218.25,BRK01
SRV00161,BMWV00006,D072,2025-04-02,Brake Service,37255,243.76,1171.41,BRK01
SRV00162,BMWV00091,D072,2024-09-19,Routine Service,27180,4900.65,1036.99,BAT01
SRV00163,BMWV00991,D070,2024-06-24,Battery Check,5022,1279.27,140.02,ELEC01
SRV00164,BMWV00928,D038,2025-11-05,Inspection,121633,742.28,1006.36,BAT01
SRV00165,BMWV00537,D046,2025-09-12,Inspection,138848,1088.71,243.07,NONE
SRV00166,BMWV00244,D005,2024-07-11,Oil Change,83566,4287.62,469.67,BRK01
SRV00167,BMWV00618,D071,2024-08-09,Inspection,99126,1423.11,1471.75,ENG01
SRV00168,BMWV00078,D071,2024-09-18,Brake Service,105081,3266.36,368.47,ENG01
SRV00169,BMWV00087,D033,2025-11-23,Battery Check,42550,2702.73,187.59,BAT01
SRV00170,BMWV00650,D090,2025-10-23,Oil Change,102554,2840.03,1313.15,ELEC01
SRV00171,BMWV00621,D021,2025-03-05,Oil Change,87931,4962.62,895.57,NONE
SRV00172,BMWV00989,D078,2024-09-10,Routine Service,75811,666.88,264.48,ELEC01
SRV00173,BMWV00418,D009,2024-12-03,Repair,28324,1845.96,700.36,BAT01
SRV00174,BMWV00151,D029,2024-10-07,Routine Service,30676,1916.92,1939.11,ENG01
SRV00175,BMWV00976,D014,2026-03-12,Routine Service,51066,2656.05,1757.25,ELEC01
SRV00176,BMWV00843,D063,2024-04-07,Inspection,96462,3517.25,1737.53,ELEC01
SRV00177,BMWV00279,D078,2024-04-11,Routine Service,49760,1624.08,1516.15,BRK01
SRV00178,BMWV00355,D095,2025-11-25,Inspection,149617,2993.35,1706.78,ENG01
SRV00179,BMWV00608,D017,2024-09-22,Routine Service,139628,3580.45,1332.25,BRK01
SRV00180,BMWV00389,D073,2026-01-23,Brake Service,18858,4596.29,1296.43,BAT01
SRV00181,BMWV00726,D100,2024-09-12,Repair,114640,3548.59,407.05,BAT01
SRV00182,BMWV00819,D060,2025-05-29,Brake Service,77305,4765.45,1065.16,BRK01
SRV00183,BMWV00314,D082,2026-05-28,Routine Service,85127,2062.25,659.84,NONE
SRV00184,BMWV00651,D010,2024-03-19,Repair,67924,4727.09,371.97,NONE
SRV00185,BMWV00088,D096,2024-10-19,Inspection,134197,4051.32,70.85,ENG01
SRV00186,BMWV00695,D066,2026-08-12,Repair,40763,2424.3,1054.27,ELEC01
SRV00187,BMWV00716,D016,2025-02-19,Routine Service,54855,4558.89,1504.54,ENG01
SRV00188,BMWV00721,D069,2026-02-06,Brake Service,69022,4971.4,1339.29,ELEC01
SRV00189,BMWV00702,D078,2024-02-13,Inspection,122611,4825.0,1365.32,ELEC01
SRV00190,BMWV00927,D029,2024-06-28,Routine Service,101220,4205.07,1051.68,NONE
SRV00191,BMWV00434,D064,2025-01-23,Oil Change,102854,4850.16,709.02,BRK01
SRV00192,BMWV00853,D070,2026-05-21,Routine Service,81038,1530.93,622.41,BRK01
SRV00193,BMWV00003,D095,2025-10-08,Inspection,108185,1126.44,644.4,ELEC01
SRV00194,BMWV00847,D005,2026-08-15,Battery Check,132996,334.61,61.49,ENG01
SRV00195,BMWV00338,D039,2024-12-28,Routine Service,6351,1781.12,1458.75,ENG01
SRV00196,BMWV00365,D002,2024-04-13,Battery Check,133986,1027.84,1081.74,BRK01
SRV00197,BMWV00422,D016,2026-07-24,Battery Check,6811,820.37,1330.44,BRK01
SRV00198,BMWV00483,D051,2025-01-18,Brake Service,100550,2170.29,405.25,BAT01
SRV00199,BMWV00113,D057,2025-11-03,Battery Check,47423,742.38,1506.83,NONE
SRV00200,BMWV00369,D091,2024-07-22,Routine Service,54693,1460.25,310.68,ENG01
SRV00201,BMWV00763,D043,2026-07-11,Routine Service,47024,3347.71,1899.33,BAT01
SRV00202,BMWV00123,D054,2025-05-15,Inspection,134910,4009.11,1442.93,BAT01
SRV00203,BMWV00771,D098,2026-03-10,Battery Check,136559,3643.67,1496.69,ENG01
SRV00204,BMWV00136,D015,2024-04-20,Routine Service,38062,819.93,1025.0,BRK01
SRV00205,BMWV00055,D087,2026-04-29,Brake Service,117634,4883.37,1487.99,ENG01
SRV00206,BMWV00493,D038,2024-10-15,Battery Check,26656,3816.45,533.11,BRK01
SRV00207,BMWV00748,D066,2024-07-10,Oil Change,78698,3845.3,1735.13,BRK01
SRV00208,BMWV00684,D055,2024-07-22,Battery Check,32017,3520.67,1029.55,BRK01
SRV00209,BMWV00195,D076,2025-10-06,Repair,43987,1185.45,307.98,NONE
SRV00210,BMWV00282,D025,2026-08-09,Oil Change,116752,137.42,439.3,NONE
SRV00211,BMWV00391,D053,2025-06-21,Brake Service,65667,1147.79,880.85,NONE
SRV00212,BMWV00524,D055,2025-10-21,Routine Service,84767,594.77,758.97,BAT01
SRV00213,BMWV00730,D054,2024-09-09,Brake Service,17466,949.67,51.05,BAT01
SRV00214,BMWV00219,D037,2025-04-28,Brake Service,31414,2182.99,541.91,ENG01
SRV00215,BMWV00374,D043,2024-11-07,Routine Service,30398,3361.29,1381.77,BRK01
SRV00216,BMWV00341,D047,2026-01-29,Brake Service,143638,3043.33,514.59,BAT01
SRV00217,BMWV00217,D075,2025-01-28,Routine Service,32883,695.9,1498.05,NONE
SRV00218,BMWV00043,D076,2026-07-23,Repair,54921,1004.99,919.25,NONE
SRV00219,BMWV00078,D070,2025-09-25,Brake Service,84030,3640.49,1979.81,BRK01
SRV00220,BMWV00548,D093,2024-06-06,Routine Service,38510,998.95,1123.47,BAT01
SRV00221,BMWV00914,D098,2026-05-23,Inspection,96052,4479.82,924.54,NONE
SRV00222,BMWV00934,D056,2024-03-10,Battery Check,114839,2642.63,1907.27,NONE
SRV00223,BMWV00172,D077,2024-10-07,Repair,38799,1483.8,1913.82,NONE
SRV00224,BMWV00815,D089,2024-07-13,Repair,109200,2500.38,1088.32,ELEC01
SRV00225,BMWV00996,D010,2024-06-18,Battery Check,138504,1951.54,1569.78,ENG01
SRV00226,BMWV00623,D035,2024-07-30,Oil Change,5943,842.02,474.73,NONE
SRV00227,BMWV00902,D066,2025-04-11,Inspection,142644,1331.23,1712.33,BAT01
SRV00228,BMWV00727,D035,2025-07-19,Routine Service,49855,1158.45,1090.45,BAT01
SRV00229,BMWV00041,D082,2024-05-31,Brake Service,39857,1388.65,1591.71,BRK01
SRV00230,BMWV00845,D027,2025-07-01,Routine Service,5366,3260.8,1283.73,BAT01
SRV00231,BMWV00334,D010,2026-08-27,Repair,148989,1356.99,310.54,ELEC01
SRV00232,BMWV00303,D042,2024-02-28,Repair,7728,4128.46,477.6,BAT01
SRV00233,BMWV00182,D033,2024-01-17,Inspection,32903,3626.88,1391.83,BAT01
SRV00234,BMWV00892,D081,2025-10-11,Inspection,149409,1070.49,912.26,BAT01
SRV00235,BMWV00277,D027,2025-08-18,Repair,108668,820.43,501.86,ENG01
SRV00236,BMWV00379,D019,2026-07-12,Battery Check,29560,2505.01,945.81,BRK01
SRV00237,BMWV00195,D073,2025-05-17,Repair,52292,3255.44,91.04,BRK01
SRV00238,BMWV00908,D023,2026-04-17,Battery Check,54243,393.8,190.49,BRK01
SRV00239,BMWV00467,D083,2025-02-16,Routine Service,143091,729.59,1513.37,NONE
SRV00240,BMWV00619,D013,2025-01-21,Battery Check,10430,594.68,76.43,NONE
SRV00241,BMWV00137,D032,2026-02-27,Routine Service,75164,756.05,1273.4,NONE
SRV00242,BMWV00813,D002,2026-03-21,Routine Service,147179,3693.85,709.86,NONE
SRV00243,BMWV00209,D018,2025-05-06,Inspection,121477,4086.55,649.4,ENG01
SRV00244,BMWV00160,D032,2024-02-27,Inspection,75112,3156.05,290.0,NONE
SRV00245,BMWV00107,D070,2024-10-30,Routine Service,139097,4437.96,859.81,NONE
SRV00246,BMWV00936,D029,2024-01-25,Oil Change,116970,1957.65,738.95,BAT01
SRV00247,BMWV00233,D088,2025-01-28,Repair,34467,2484.51,1982.0,BRK01
SRV00248,BMWV00106,D037,2024-12-31,Routine Service,92483,635.84,1850.47,NONE
SRV00249,BMWV00919,D006,2025-09-11,Oil Change,51679,2171.71,702.95,BRK01
SRV00250,BMWV00697,D055,2024-06-02,Repair,84053,3142.55,609.66,NONE
SRV00251,BMWV00279,D064,2025-11-08,Brake Service,74573,4063.06,1437.05,NONE
SRV00252,BMWV00809,D001,2026-06-01,Oil Change,43427,1635.27,811.67,ENG01
SRV00253,BMWV00836,D009,2024-04-25,Inspection,117054,4799.95,593.03,NONE
SRV00254,BMWV00332,D017,2024-07-05,Battery Check,97434,1630.61,876.47,ENG01
SRV00255,BMWV00618,D082,2024-12-07,Oil Change,69463,1946.77,1121.21,ELEC01
SRV00256,BMWV00548,D064,2025-06-29,Inspection,65323,1953.9,1182.88,ENG01
SRV00257,BMWV00541,D074,2026-03-06,Repair,62497,3530.31,508.63,NONE
SRV00258,BMWV00210,D003,2025-01-06,Inspection,129236,4790.2,1845.76,NONE
SRV00259,BMWV00935,D045,2025-01-04,Oil Change,82253,2328.92,1678.74,ELEC01
SRV00260,BMWV00997,D054,2024-09-05,Oil Change,63874,326.54,318.71,BRK01
SRV00261,BMWV00388,D094,2024-01-27,Repair,116334,1889.84,1417.73,ELEC01
SRV00262,BMWV00077,D062,2026-05-07,Inspection,46464,199.42,762.23,NONE
SRV00263,BMWV00252,D010,2024-01-13,Inspection,114181,791.1,405.73,BRK01
SRV00264,BMWV00768,D068,2025-12-16,Brake Service,128256,2087.04,707.81,NONE
SRV00265,BMWV00295,D015,2024-06-08,Routine Service,13419,3040.66,388.48,BRK01
SRV00266,BMWV00012,D051,2026-05-02,Battery Check,124091,2793.07,1667.56,ELEC01
SRV00267,BMWV00515,D040,2025-12-27,Oil Change,116062,4660.68,580.06,NONE
SRV00268,BMWV00536,D049,2026-08-31,Oil Change,60538,2031.99,159.19,ENG01
SRV00269,BMWV00190,D096,2025-07-26,Inspection,25239,4091.97,963.45,BAT01
SRV00270,BMWV00670,D083,2025-02-18,Battery Check,48207,320.62,774.38,ENG01
SRV00271,BMWV00201,D035,2024-04-21,Routine Service,25397,1845.37,1568.65,BAT01
SRV00272,BMWV00029,D031,2024-10-15,Oil Change,146968,577.0,463.22,NONE
SRV00273,BMWV00776,D040,2024-07-11,Inspection,57881,3210.03,113.12,BAT01
SRV00274,BMWV00089,D073,2025-08-01,Routine Service,131827,276.12,663.43,BAT01
SRV00275,BMWV00009,D046,2026-02-08,Brake Service,109369,2526.07,663.22,ENG01
SRV00276,BMWV00745,D046,2024-05-12,Repair,30527,1690.03,1798.2,ELEC01
SRV00277,BMWV00105,D065,2026-04-06,Oil Change,11208,2956.52,795.12,ELEC01
SRV00278,BMWV00891,D005,2024-10-24,Oil Change,44724,3427.75,203.57,NONE
SRV00279,BMWV00977,D092,2024-08-25,Oil Change,41926,3855.69,364.04,ELEC01
SRV00280,BMWV00530,D094,2025-09-15,Repair,142176,4654.62,715.76,BRK01
SRV00281,BMWV00349,D038,2025-01-03,Inspection,117958,248.06,1439.89,ENG01
SRV00282,BMWV00246,D027,2025-09-17,Inspection,24660,4792.18,1155.46,ENG01
SRV00283,BMWV00100,D002,2024-05-26,Brake Service,148428,4344.29,1604.9,NONE
SRV00284,BMWV00512,D013,2025-04-10,Brake Service,49490,4673.58,364.87,BAT01
SRV00285,BMWV00592,D047,2024-12-27,Routine Service,23647,936.97,1555.28,BAT01
SRV00286,BMWV00486,D033,2026-02-20,Battery Check,41817,4702.16,1944.78,ENG01
SRV00287,BMWV00041,D047,2026-05-29,Brake Service,110103,2074.71,1258.38,BRK01
SRV00288,BMWV00453,D047,2025-06-08,Inspection,87220,1899.73,1380.29,ELEC01
SRV00289,BMWV00462,D034,2026-06-17,Repair,16187,3122.04,1305.54,BRK01
SRV00290,BMWV00718,D072,2024-01-09,Oil Change,32603,1488.77,358.5,ENG01
SRV00291,BMWV00876,D010,2024-08-16,Battery Check,126183,3362.3,730.43,ENG01
SRV00292,BMWV00659,D069,2026-07-10,Battery Check,33604,474.82,1476.97,ENG01
SRV00293,BMWV00788,D056,2024-07-23,Battery Check,91172,369.13,717.73,ELEC01
SRV00294,BMWV00499,D028,2025-12-20,Repair,129838,615.92,936.43,ELEC01
SRV00295,BMWV00161,D061,2024-05-29,Repair,60959,1634.92,111.08,ELEC01
SRV00296,BMWV00794,D049,2024-03-04,Brake Service,117750,4893.88,466.17,BRK01
SRV00297,BMWV00890,D003,2026-02-15,Repair,115866,1385.75,1289.59,NONE
SRV00298,BMWV00147,D009,2024-10-07,Battery Check,26419,1526.77,1438.8,ENG01
SRV00299,BMWV00539,D028,2025-11-16,Brake Service,53255,4161.22,230.26,ENG01
SRV00300,BMWV00352,D097,2024-10-31,Oil Change,57063,1778.92,867.25,ENG01
SRV00301,BMWV00550,D089,2026-03-13,Oil Change,119500,1805.73,1401.16,ENG01
SRV00302,BMWV00844,D002,2025-07-28,Inspection,57051,435.15,1352.53,ELEC01
SRV00303,BMWV00150,D042,2025-11-11,Repair,87972,120.22,1798.18,BRK01
SRV00304,BMWV00513,D041,2024-04-26,Repair,111531,1350.87,1458.46,ENG01
SRV00305,BMWV00967,D017,2025-10-11,Battery Check,30544,230.61,1504.13,BRK01
SRV00306,BMWV00432,D090,2025-07-13,Oil Change,103974,1119.88,459.04,BRK01
SRV00307,BMWV00997,D087,2025-08-13,Routine Service,102060,4078.21,81.57,BAT01
SRV00308,BMWV00516,D016,2025-12-17,Battery Check,124537,2099.57,735.87,ELEC01
SRV00309,BMWV00438,D067,2026-02-22,Brake Service,34721,4635.43,944.71,BAT01
SRV00310,BMWV00183,D071,2025-09-01,Oil Change,147282,2207.59,605.8,ENG01
SRV00311,BMWV00651,D037,2025-12-19,Inspection,31011,4977.05,1621.58,NONE
SRV00312,BMWV00093,D084,2024-01-17,Inspection,112814,563.19,1512.39,ELEC01
SRV00313,BMWV00951,D070,2024-04-12,Repair,121419,2541.64,1621.45,BAT01
SRV00314,BMWV00874,D054,2024-08-04,Oil Change,124178,2780.36,273.28,ENG01
SRV00315,BMWV00975,D016,2024-12-25,Battery Check,113248,4544.57,1307.48,ENG01
SRV00316,BMWV00008,D048,2026-03-11,Oil Change,138054,1453.84,1765.23,BAT01
SRV00317,BMWV00316,D054,2025-11-20,Oil Change,6089,4505.93,858.39,NONE
SRV00318,BMWV00027,D020,2026-03-20,Brake Service,141043,4109.17,1219.89,BAT01
SRV00319,BMWV00176,D074,2025-03-16,Oil Change,107593,1003.67,1306.65,NONE
SRV00320,BMWV00822,D074,2025-03-15,Oil Change,107344,4887.91,388.75,BAT01
SRV00321,BMWV00531,D021,2025-03-23,Oil Change,31103,3564.62,296.34,NONE
SRV00322,BMWV00648,D074,2026-03-14,Battery Check,73217,4194.82,360.15,BAT01
SRV00323,BMWV00210,D012,2024-04-05,Routine Service,119667,107.11,1551.56,BRK01
SRV00324,BMWV00029,D080,2025-12-25,Inspection,25649,2880.38,99.32,BRK01
SRV00325,BMWV00466,D082,2025-10-08,Brake Service,53904,1236.62,1800.92,BAT01
SRV00326,BMWV00200,D069,2026-05-10,Oil Change,104118,3863.44,1335.55,BAT01
SRV00327,BMWV00086,D019,2025-10-04,Routine Service,32110,599.11,1858.04,NONE
SRV00328,BMWV00111,D019,2024-10-16,Brake Service,52350,509.25,1013.78,BAT01
SRV00329,BMWV00936,D027,2025-02-04,Routine Service,133722,3987.44,856.8,ENG01
SRV00330,BMWV00984,D081,2024-03-19,Oil Change,115076,1907.51,661.49,ENG01
SRV00331,BMWV00829,D021,2024-07-03,Brake Service,7658,4523.01,1336.35,ELEC01
SRV00332,BMWV00877,D005,2024-04-30,Brake Service,95907,2445.36,1247.31,ELEC01
SRV00333,BMWV00006,D021,2025-06-18,Repair,71715,4636.59,426.05,NONE
SRV00334,BMWV00550,D003,2025-06-14,Inspection,44936,1120.72,761.54,BRK01
SRV00335,BMWV00031,D042,2024-05-21,Oil Change,26874,3652.33,1882.7,BAT01
SRV00336,BMWV00282,D062,2024-07-23,Routine Service,96371,3555.01,1321.25,ENG01
SRV00337,BMWV00765,D064,2025-03-22,Inspection,109842,4615.62,537.68,BRK01
SRV00338,BMWV00705,D092,2024-10-14,Battery Check,31973,2939.06,1544.58,BAT01
SRV00339,BMWV00171,D027,2026-01-09,Battery Check,118631,4420.14,876.29,BAT01
SRV00340,BMWV00837,D041,2025-09-29,Routine Service,105413,2175.1,1155.93,BAT01
SRV00341,BMWV00921,D081,2026-04-19,Routine Service,122808,877.88,115.83,ELEC01
SRV00342,BMWV00261,D076,2025-02-23,Brake Service,144066,1793.65,108.38,BRK01
SRV00343,BMWV00830,D042,2025-03-15,Oil Change,98780,1264.32,469.61,BAT01
SRV00344,BMWV00382,D019,2026-03-09,Brake Service,37061,97.68,1392.17,BAT01
SRV00345,BMWV00220,D060,2025-08-04,Brake Service,65987,2830.12,801.9,ELEC01
SRV00346,BMWV00219,D068,2024-08-10,Routine Service,77888,3595.51,1895.23,NONE
SRV00347,BMWV00589,D083,2025-03-07,Repair,119086,1623.03,674.24,BRK01
SRV00348,BMWV00052,D064,2025-05-25,Routine Service,76936,2135.12,291.98,BRK01
SRV00349,BMWV00617,D042,2025-08-28,Battery Check,66976,2903.25,605.82,ELEC01
SRV00350,BMWV00005,D060,2024-10-18,Oil Change,110594,233.19,1090.26,ELEC01
SRV00351,BMWV00041,D044,2025-10-22,Routine Service,23206,2375.97,1668.21,ENG01
SRV00352,BMWV00742,D039,2024-10-08,Brake Service,95655,2031.7,1135.08,BAT01
SRV00353,BMWV00507,D079,2024-02-18,Battery Check,83235,3497.46,936.43,NONE
SRV00354,BMWV00865,D048,2026-08-18,Inspection,31933,194.98,143.28,NONE
SRV00355,BMWV00144,D014,2024-11-26,Repair,119211,1170.39,221.63,BAT01
SRV00356,BMWV00837,D069,2024-01-06,Repair,18760,1335.45,1580.64,NONE
SRV00357,BMWV00050,D039,2024-03-17,Brake Service,91331,3455.21,1593.67,ENG01
SRV00358,BMWV00278,D090,2024-06-23,Oil Change,125768,643.51,672.7,BRK01
SRV00359,BMWV00773,D075,2026-06-28,Battery Check,122120,3357.76,1067.44,BRK01
SRV00360,BMWV00593,D062,2025-11-08,Battery Check,78542,1643.46,1475.19,BRK01
SRV00361,BMWV00096,D034,2026-02-23,Brake Service,26704,1797.4,1679.31,BRK01
SRV00362,BMWV00677,D083,2026-01-22,Oil Change,25451,421.96,1014.48,BRK01
SRV00363,BMWV00014,D086,2024-08-09,Battery Check,105941,980.19,253.84,BRK01
SRV00364,BMWV00835,D076,2026-02-18,Inspection,139722,4299.37,1532.95,BAT01
SRV00365,BMWV00727,D059,2025-11-02,Oil Change,137254,573.02,303.62,BAT01
SRV00366,BMWV00396,D058,2026-06-07,Inspection,139601,1054.95,830.4,NONE
SRV00367,BMWV00286,D055,2024-06-17,Repair,85516,4759.9,1175.62,NONE
SRV00368,BMWV00152,D060,2026-06-16,Routine Service,33888,1240.78,1793.49,BRK01
SRV00369,BMWV00275,D004,2025-05-02,Repair,144168,2290.57,567.88,ELEC01
SRV00370,BMWV00088,D046,2025-03-17,Oil Change,44484,2014.79,890.15,BAT01
SRV00371,BMWV00056,D057,2024-10-06,Brake Service,30641,293.22,795.92,ENG01
SRV00372,BMWV00200,D038,2024-07-12,Battery Check,51306,2990.54,1082.65,ENG01
SRV00373,BMWV00533,D056,2024-04-21,Repair,18073,3249.41,1919.99,BRK01
SRV00374,BMWV00119,D007,2026-07-05,Routine Service,74777,1231.9,1087.66,BAT01
SRV00375,BMWV00233,D080,2025-12-17,Repair,111052,1989.95,247.54,BAT01
SRV00376,BMWV00509,D027,2024-06-24,Oil Change,96129,3202.65,1426.41,BAT01
SRV00377,BMWV00753,D001,2024-04-06,Oil Change,136921,4543.52,1263.13,BAT01
SRV00378,BMWV00875,D089,2024-09-01,Oil Change,87604,3423.14,374.96,BAT01
SRV00379,BMWV00923,D059,2024-05-25,Routine Service,129413,2168.22,90.61,BAT01
SRV00380,BMWV00904,D010,2024-06-23,Repair,7551,2990.33,1940.61,ELEC01
SRV00381,BMWV00002,D063,2026-06-13,Oil Change,128880,591.46,1646.91,ELEC01
SRV00382,BMWV00698,D038,2026-05-05,Oil Change,142696,2540.58,1522.24,NONE
SRV00383,BMWV00104,D039,2026-04-03,Repair,92995,2290.45,1482.89,ELEC01
SRV00384,BMWV00265,D085,2025-05-13,Brake Service,100496,2320.82,1664.11,BAT01
SRV00385,BMWV00729,D043,2026-07-01,Inspection,131970,608.17,1387.28,NONE
SRV00386,BMWV00153,D053,2026-05-26,Oil Change,42128,1818.11,110.26,ELEC01
SRV00387,BMWV00760,D090,2025-03-17,Brake Service,59082,3734.61,427.99,ENG01
SRV00388,BMWV00656,D014,2024-10-07,Repair,147846,4501.15,926.08,ELEC01
SRV00389,BMWV00181,D034,2026-07-21,Repair,96447,4445.57,812.5,ENG01
SRV00390,BMWV00969,D036,2024-11-12,Oil Change,15774,2918.61,1418.58,ELEC01
SRV00391,BMWV00127,D056,2026-03-25,Battery Check,95963,1477.62,1940.47,ENG01
SRV00392,BMWV00951,D088,2024-05-30,Battery Check,44381,2639.77,615.07,ELEC01
SRV00393,BMWV00682,D021,2024-11-06,Battery Check,80565,369.85,624.72,ENG01
SRV00394,BMWV00042,D028,2024-10-16,Inspection,37357,313.31,646.35,ENG01
SRV00395,BMWV00362,D085,2026-05-04,Routine Service,18081,1294.6,732.93,BAT01
SRV00396,BMWV00806,D065,2025-11-12,Inspection,45642,4770.74,1440.73,BRK01
SRV00397,BMWV00752,D026,2025-03-18,Inspection,26159,1489.47,112.67,BAT01
SRV00398,BMWV00256,D087,2025-10-14,Battery Check,115772,2025.61,1813.12,BAT01
SRV00399,BMWV00944,D039,2025-09-03,Brake Service,50430,2841.34,1373.9,BAT01
SRV00400,BMWV00825,D075,2024-05-22,Repair,57299,1287.6,861.81,BRK01
SRV00401,BMWV00310,D040,2024-03-28,Brake Service,125888,2751.86,783.13,ENG01
SRV00402,BMWV00100,D018,2025-06-23,Battery Check,87119,2543.89,1386.07,BAT01
SRV00403,BMWV00481,D046,2025-03-13,Battery Check,115233,4809.16,949.5,ELEC01
SRV00404,BMWV00028,D099,2025-03-07,Routine Service,41853,3095.28,639.66,BRK01
SRV00405,BMWV00596,D066,2025-01-17,Oil Change,147414,4504.57,1761.72,NONE
SRV00406,BMWV00775,D051,2024-05-08,Battery Check,6560,2340.9,1537.84,ELEC01
SRV00407,BMWV00473,D007,2024-03-27,Routine Service,75824,4157.98,1317.27,BAT01
SRV00408,BMWV00610,D013,2026-04-21,Brake Service,131213,3468.43,1735.41,NONE
SRV00409,BMWV00760,D075,2025-11-21,Inspection,18898,3522.78,1056.71,ELEC01
SRV00410,BMWV00760,D064,2024-05-19,Oil Change,45573,1539.42,656.24,NONE
SRV00411,BMWV00826,D063,2025-09-30,Repair,57612,617.81,50.07,ELEC01
SRV00412,BMWV00903,D016,2025-06-16,Routine Service,69803,1061.25,973.8,ELEC01
SRV00413,BMWV00456,D051,2024-02-26,Routine Service,83623,2052.56,1966.26,BRK01
SRV00414,BMWV00863,D070,2024-09-23,Inspection,120115,4303.6,1253.46,ENG01
SRV00415,BMWV00151,D082,2024-01-23,Oil Change,42142,4101.82,1332.06,BRK01
SRV00416,BMWV00525,D095,2025-12-17,Inspection,57520,2406.98,615.57,NONE
SRV00417,BMWV00984,D076,2025-05-19,Brake Service,77137,1986.39,1410.42,NONE
SRV00418,BMWV00477,D054,2026-04-13,Battery Check,43840,188.45,941.31,ELEC01
SRV00419,BMWV00400,D002,2025-08-17,Brake Service,13934,3243.29,1791.78,ELEC01
SRV00420,BMWV00457,D006,2026-07-18,Brake Service,41517,2366.14,1459.98,BAT01
SRV00421,BMWV00010,D021,2025-01-01,Inspection,136912,1093.36,1809.97,ELEC01
SRV00422,BMWV00401,D066,2024-03-05,Oil Change,44689,1791.74,1452.46,BAT01
SRV00423,BMWV00472,D092,2026-05-29,Oil Change,77965,3935.56,1333.97,ENG01
SRV00424,BMWV00071,D083,2025-05-10,Battery Check,128667,3048.92,401.73,ELEC01
SRV00425,BMWV00796,D085,2025-06-22,Brake Service,38927,3503.96,1198.26,ELEC01
SRV00426,BMWV00358,D075,2025-09-24,Battery Check,22713,272.4,1711.46,BRK01
SRV00427,BMWV00239,D013,2025-11-12,Routine Service,135923,4674.46,979.01,BRK01
SRV00428,BMWV00792,D094,2026-03-25,Oil Change,32638,4503.98,389.3,ENG01
SRV00429,BMWV00775,D054,2026-08-02,Routine Service,21233,3078.92,273.22,NONE
SRV00430,BMWV00454,D098,2025-01-18,Inspection,12722,4621.58,676.26,ENG01
SRV00431,BMWV00388,D018,2025-10-14,Inspection,57359,1018.8,1007.65,BAT01
SRV00432,BMWV00232,D026,2026-01-29,Oil Change,118787,4078.5,1626.91,BRK01
SRV00433,BMWV00090,D075,2024-01-25,Repair,30219,1057.52,1629.52,NONE
SRV00434,BMWV00370,D100,2025-02-21,Inspection,148282,4329.23,714.39,ELEC01
SRV00435,BMWV00510,D025,2026-05-02,Oil Change,129186,2529.21,745.15,ELEC01
SRV00436,BMWV00875,D018,2026-03-31,Routine Service,120049,2166.18,783.43,NONE
SRV00437,BMWV00584,D010,2024-05-10,Inspection,83178,549.52,1022.49,NONE
SRV00438,BMWV00617,D070,2024-12-04,Routine Service,63725,4115.57,615.3,BAT01
SRV00439,BMWV00401,D091,2025-01-01,Routine Service,46382,4842.17,195.82,ELEC01
SRV00440,BMWV00249,D067,2026-08-12,Inspection,136084,1595.58,1256.36,ELEC01
SRV00441,BMWV00716,D015,2025-08-19,Battery Check,73957,3283.5,112.94,ENG01
SRV00442,BMWV00269,D026,2024-12-08,Routine Service,41513,1060.95,1642.69,BAT01
SRV00443,BMWV00948,D097,2025-11-10,Routine Service,66765,2493.1,1621.04,ELEC01
SRV00444,BMWV00928,D079,2025-12-20,Routine Service,95661,4906.23,1902.32,ELEC01
SRV00445,BMWV00759,D079,2026-08-09,Routine Service,149552,2419.92,302.46,NONE
SRV00446,BMWV00108,D005,2025-05-23,Inspection,64046,3269.17,891.46,BAT01
SRV00447,BMWV00802,D030,2024-01-22,Routine Service,11908,3879.39,1632.16,ELEC01
SRV00448,BMWV00624,D049,2025-11-29,Repair,9743,2784.86,151.67,ENG01
SRV00449,BMWV00714,D017,2025-03-16,Repair,116891,2770.25,275.39,NONE
SRV00450,BMWV00920,D079,2026-07-14,Brake Service,97219,1008.55,901.22,NONE
SRV00451,BMWV00245,D030,2024-04-04,Inspection,7634,1174.27,1507.58,ELEC01
SRV00452,BMWV00583,D006,2026-04-01,Routine Service,70515,4072.48,199.39,BRK01
SRV00453,BMWV00451,D024,2024-10-16,Routine Service,87346,1780.85,1327.66,BRK01
SRV00454,BMWV00301,D017,2025-09-12,Battery Check,130488,3305.03,1330.35,NONE
SRV00455,BMWV00258,D070,2024-07-29,Battery Check,98574,4493.32,1724.58,ENG01
SRV00456,BMWV00732,D039,2026-08-22,Brake Service,149547,1498.78,1324.61,ELEC01
SRV00457,BMWV00916,D035,2024-11-22,Repair,146929,2542.05,155.3,ENG01
SRV00458,BMWV00724,D080,2025-05-12,Brake Service,25564,1057.6,317.41,ELEC01
SRV00459,BMWV00238,D040,2026-01-29,Inspection,60251,657.6,1463.58,BRK01
SRV00460,BMWV00037,D031,2025-12-16,Battery Check,123951,4767.57,91.51,NONE
SRV00461,BMWV00278,D036,2025-08-25,Battery Check,83751,4144.54,214.76,BAT01
SRV00462,BMWV00877,D079,2025-01-28,Battery Check,9941,4320.73,800.09,NONE
SRV00463,BMWV00231,D027,2025-01-23,Oil Change,118006,2685.84,1337.78,NONE
SRV00464,BMWV00556,D098,2024-12-22,Routine Service,93137,4617.36,1819.53,ELEC01
SRV00465,BMWV00223,D097,2024-01-29,Brake Service,118790,4335.42,1576.09,NONE
SRV00466,BMWV00828,D014,2025-07-20,Battery Check,80345,4299.64,1879.05,ENG01
SRV00467,BMWV00436,D074,2026-01-06,Inspection,141029,1337.5,1922.59,ENG01
SRV00468,BMWV00765,D031,2024-05-15,Routine Service,78583,4007.97,1904.39,NONE
SRV00469,BMWV00257,D099,2025-07-09,Brake Service,93482,2876.86,125.28,BAT01
SRV00470,BMWV00372,D035,2025-11-06,Brake Service,8234,665.32,1158.46,BAT01
SRV00471,BMWV00858,D034,2026-05-17,Oil Change,121341,2340.49,907.82,ENG01
SRV00472,BMWV00038,D046,2025-05-06,Repair,62106,2072.62,1180.16,NONE
SRV00473,BMWV00285,D079,2025-07-18,Brake Service,21788,2230.18,553.11,BAT01
SRV00474,BMWV00267,D064,2024-05-10,Oil Change,50742,777.16,1255.0,NONE
SRV00475,BMWV00240,D015,2025-11-01,Routine Service,53301,3437.98,1728.11,ELEC01
SRV00476,BMWV00326,D006,2025-07-20,Repair,64756,351.02,1443.37,BAT01
SRV00477,BMWV01000,D033,2024-01-17,Repair,97624,2725.18,137.23,BRK01
SRV00478,BMWV00360,D014,2024-03-20,Inspection,121342,610.25,201.03,BRK01
SRV00479,BMWV00335,D074,2025-01-15,Repair,114043,403.4,881.63,BAT01
SRV00480,BMWV00148,D004,2024-11-30,Inspection,99447,1708.18,845.87,BAT01
SRV00481,BMWV00483,D038,2025-09-28,Routine Service,47025,1873.09,617.2,BRK01
SRV00482,BMWV00935,D076,2024-01-27,Routine Service,60438,4049.77,1046.05,ELEC01
SRV00483,BMWV00804,D075,2025-12-30,Brake Service,61326,1925.26,1186.24,BRK01
SRV00484,BMWV00392,D098,2025-10-26,Routine Service,25266,4795.19,1985.02,ELEC01
SRV00485,BMWV00517,D074,2025-10-07,Inspection,114597,2717.89,286.42,ELEC01
SRV00486,BMWV00819,D007,2025-09-13,Battery Check,142480,2625.66,668.03,BRK01
SRV00487,BMWV00858,D074,2024-10-27,Oil Change,91162,1253.21,1546.9,BAT01
SRV00488,BMWV00238,D059,2024-11-18,Repair,35255,3480.71,917.76,ENG01
SRV00489,BMWV00372,D010,2024-12-26,Inspection,137551,428.4,756.48,ENG01
SRV00490,BMWV00621,D030,2025-04-04,Battery Check,65231,2868.24,1662.23,BRK01
SRV00491,BMWV00949,D069,2024-09-07,Battery Check,41212,3047.45,1601.92,BAT01
SRV00492,BMWV00323,D016,2024-03-24,Battery Check,115368,2549.88,339.38,ENG01
SRV00493,BMWV00649,D099,2024-07-21,Oil Change,124031,126.79,285.54,BAT01
SRV00494,BMWV00785,D071,2025-12-29,Battery Check,31475,675.67,116.45,ENG01
SRV00495,BMWV00025,D089,2024-06-19,Routine Service,39702,2598.74,1082.15,ENG01
SRV00496,BMWV00927,D055,2024-12-28,Oil Change,110465,3499.8,520.8,BAT01
SRV00497,BMWV00123,D044,2026-07-07,Brake Service,33251,4970.96,138.21,BAT01
SRV00498,BMWV00974,D058,2026-07-21,Battery Check,122900,3716.45,899.6,ENG01
SRV00499,BMWV00718,D018,2026-01-21,Oil Change,138529,464.76,1796.42,ELEC01
SRV00500,BMWV00609,D048,2025-11-21,Repair,123889,1927.9,905.24,ELEC01
SRV00501,BMWV00741,D076,2024-10-13,Routine Service,65886,1521.88,715.18,ELEC01
SRV00502,BMWV00532,D068,2025-08-16,Inspection,116854,1462.02,798.93,BRK01
SRV00503,BMWV00978,D019,2024-02-12,Repair,60228,2181.16,592.6,ELEC01
SRV00504,BMWV00323,D013,2024-12-21,Brake Service,48409,636.83,584.0,ENG01
SRV00505,BMWV00231,D022,2024-10-22,Brake Service,32818,4626.35,1349.55,BRK01
SRV00506,BMWV00100,D027,2025-07-19,Inspection,49263,185.38,1809.96,ELEC01
SRV00507,BMWV00552,D025,2024-01-07,Battery Check,11757,1879.23,599.58,ELEC01
SRV00508,BMWV00438,D094,2025-03-31,Inspection,38076,4163.64,625.14,NONE
SRV00509,BMWV00735,D091,2026-07-30,Routine Service,121498,4449.95,1011.85,NONE
SRV00510,BMWV00887,D018,2024-10-12,Repair,35529,4843.78,1617.1,BRK01
SRV00511,BMWV00746,D010,2024-11-30,Oil Change,137922,1709.92,934.25,ELEC01
SRV00512,BMWV00690,D100,2024-03-16,Repair,87525,4466.75,124.8,NONE
SRV00513,BMWV00956,D091,2026-03-24,Inspection,88237,992.47,1138.43,NONE
SRV00514,BMWV00973,D082,2025-10-04,Routine Service,69464,727.53,783.61,BRK01
SRV00515,BMWV00691,D026,2024-09-28,Battery Check,44697,2448.31,414.85,ENG01
SRV00516,BMWV00291,D017,2024-07-22,Repair,28255,4756.62,1721.46,BRK01
SRV00517,BMWV00004,D056,2024-03-09,Battery Check,59669,3564.45,125.68,BAT01
SRV00518,BMWV00630,D049,2025-10-08,Inspection,66529,3206.69,994.25,BRK01
SRV00519,BMWV00900,D039,2026-05-10,Oil Change,81576,3356.48,1005.93,ENG01
SRV00520,BMWV00614,D046,2025-07-10,Battery Check,82441,527.84,269.12,BAT01
SRV00521,BMWV00431,D058,2024-11-29,Oil Change,116375,623.3,956.24,BAT01
SRV00522,BMWV00678,D015,2024-12-21,Repair,109356,3538.85,1558.68,ENG01
SRV00523,BMWV00862,D063,2025-09-07,Battery Check,66567,193.36,572.45,BRK01
SRV00524,BMWV00913,D053,2024-03-03,Inspection,89722,1344.95,669.36,ENG01
SRV00525,BMWV00830,D057,2025-03-11,Battery Check,73340,4566.23,573.22,BRK01
SRV00526,BMWV00349,D082,2026-04-18,Routine Service,85874,2265.8,481.55,BRK01
SRV00527,BMWV00550,D027,2026-03-09,Repair,33918,4742.0,1245.94,BAT01
SRV00528,BMWV00134,D078,2025-07-06,Routine Service,10535,4021.94,225.99,BAT01
SRV00529,BMWV00936,D046,2026-02-24,Inspection,21636,3291.91,1061.37,BAT01
SRV00530,BMWV00550,D026,2024-06-09,Inspection,108684,4305.63,497.2,BRK01
SRV00531,BMWV00934,D048,2024-12-05,Battery Check,61522,2787.11,534.97,NONE
SRV00532,BMWV00037,D003,2026-02-12,Inspection,31875,2532.42,1593.12,NONE
SRV00533,BMWV00162,D037,2024-11-04,Routine Service,65294,3176.2,1391.74,NONE
SRV00534,BMWV00280,D096,2024-05-06,Battery Check,110054,699.41,1494.03,BAT01
SRV00535,BMWV00884,D010,2024-03-19,Routine Service,137254,3624.46,1536.65,ENG01
SRV00536,BMWV00021,D002,2026-01-30,Inspection,44805,523.01,1196.98,ENG01
SRV00537,BMWV00200,D078,2026-05-29,Brake Service,89863,2154.51,1499.79,BAT01
SRV00538,BMWV00282,D059,2024-07-26,Routine Service,74276,4847.85,1173.59,ENG01
SRV00539,BMWV00300,D055,2024-04-05,Oil Change,111517,2826.93,992.53,ELEC01
SRV00540,BMWV00520,D032,2025-01-26,Routine Service,135294,3651.41,1905.34,ELEC01
SRV00541,BMWV00733,D014,2025-04-08,Oil Change,11525,2016.88,502.63,BAT01
SRV00542,BMWV00490,D073,2024-04-21,Repair,86424,1695.56,1628.88,NONE
SRV00543,BMWV00099,D072,2024-06-22,Oil Change,133401,2987.38,213.58,ENG01
SRV00544,BMWV00633,D061,2025-06-19,Repair,65930,341.72,1012.16,ENG01
SRV00545,BMWV00320,D095,2024-12-11,Oil Change,14570,1641.14,1152.36,ENG01
SRV00546,BMWV00894,D001,2024-10-01,Repair,59846,3787.44,1599.66,ELEC01
SRV00547,BMWV00513,D041,2025-10-29,Oil Change,89367,2333.79,991.84,ELEC01
SRV00548,BMWV00881,D095,2026-01-20,Routine Service,32536,2157.23,201.13,BRK01
SRV00549,BMWV00777,D002,2024-06-14,Inspection,36844,872.68,903.32,NONE
SRV00550,BMWV00040,D055,2025-05-22,Oil Change,142517,2461.61,1510.54,ELEC01
SRV00551,BMWV00430,D052,2024-01-10,Brake Service,35823,2205.62,623.74,BAT01
SRV00552,BMWV00537,D042,2025-09-21,Brake Service,48501,750.51,1070.34,BRK01
SRV00553,BMWV00824,D079,2026-01-01,Brake Service,141152,3042.36,970.61,BRK01
SRV00554,BMWV00960,D043,2026-08-07,Repair,40478,862.98,1444.41,ENG01
SRV00555,BMWV00011,D041,2025-03-02,Oil Change,44413,2378.94,1986.96,NONE
SRV00556,BMWV00321,D090,2024-07-11,Oil Change,29601,2711.77,695.52,NONE
SRV00557,BMWV00641,D060,2025-08-31,Oil Change,22503,1784.74,1140.35,BRK01
SRV00558,BMWV00355,D081,2024-01-15,Oil Change,76979,1456.73,1827.45,ENG01
SRV00559,BMWV00600,D094,2024-11-09,Brake Service,110714,4674.82,1144.17,BRK01
SRV00560,BMWV00081,D076,2024-06-05,Routine Service,61738,1435.93,562.73,NONE
SRV00561,BMWV00131,D067,2025-08-24,Repair,105387,1684.29,1555.36,ELEC01
SRV00562,BMWV00621,D036,2026-04-06,Repair,129100,1086.07,55.21,BRK01
SRV00563,BMWV00223,D012,2026-08-09,Inspection,43401,759.5,977.15,NONE
SRV00564,BMWV00333,D010,2026-07-06,Routine Service,40907,2582.94,907.39,ENG01
SRV00565,BMWV00336,D039,2025-05-27,Routine Service,68117,2822.72,785.75,ENG01
SRV00566,BMWV00725,D061,2024-12-29,Brake Service,141835,1619.01,202.49,ELEC01
SRV00567,BMWV00864,D028,2024-06-19,Repair,77807,3571.17,1687.76,ELEC01
SRV00568,BMWV00454,D063,2025-12-12,Brake Service,36520,2811.63,899.06,BAT01
SRV00569,BMWV00184,D004,2026-06-05,Brake Service,127178,3865.19,724.68,ENG01
SRV00570,BMWV00220,D079,2025-07-27,Oil Change,105258,1902.32,1869.73,NONE
SRV00571,BMWV00202,D057,2025-01-04,Inspection,56088,77.79,655.26,NONE
SRV00572,BMWV00934,D048,2026-07-26,Brake Service,136804,4611.74,1233.21,NONE
SRV00573,BMWV00664,D036,2025-10-19,Battery Check,109410,267.39,1406.22,BAT01
SRV00574,BMWV00282,D081,2024-02-28,Inspection,12976,4322.77,1858.77,ELEC01
SRV00575,BMWV00649,D059,2025-05-17,Oil Change,129111,3762.18,1312.72,ELEC01
SRV00576,BMWV00828,D014,2024-02-09,Brake Service,12559,3083.96,1440.96,BRK01
SRV00577,BMWV00893,D017,2024-03-25,Battery Check,36307,327.44,1293.08,NONE
SRV00578,BMWV00323,D013,2026-05-28,Inspection,77739,4917.85,428.66,ELEC01
SRV00579,BMWV00757,D003,2024-12-06,Repair,87963,4493.8,379.97,ELEC01
SRV00580,BMWV00741,D047,2025-06-12,Routine Service,110689,2111.07,1352.06,NONE
SRV00581,BMWV00068,D025,2026-04-24,Inspection,43669,3658.34,213.74,ENG01
SRV00582,BMWV00046,D036,2025-09-15,Oil Change,137504,2075.79,1288.83,NONE
SRV00583,BMWV00320,D036,2025-07-28,Brake Service,35858,1740.19,1157.94,NONE
SRV00584,BMWV00581,D060,2024-03-31,Routine Service,28740,953.38,218.51,BAT01
SRV00585,BMWV00607,D081,2024-01-21,Oil Change,7736,1126.75,780.33,NONE
SRV00586,BMWV00900,D093,2026-08-23,Oil Change,85683,4194.68,1302.52,BRK01
SRV00587,BMWV00767,D097,2026-01-25,Oil Change,86392,314.01,1426.53,BRK01
SRV00588,BMWV00287,D018,2025-08-01,Brake Service,113523,1168.5,417.08,BRK01
SRV00589,BMWV00183,D038,2024-09-22,Repair,120238,1359.5,1005.28,ELEC01
SRV00590,BMWV00374,D045,2026-03-01,Repair,142112,2275.88,1280.5,BRK01
SRV00591,BMWV00038,D075,2025-01-29,Oil Change,146020,2865.12,1987.82,ENG01
SRV00592,BMWV00357,D083,2026-04-10,Repair,80678,1076.86,1414.32,ELEC01
SRV00593,BMWV00566,D096,2026-03-24,Brake Service,28791,2590.7,460.91,BRK01
SRV00594,BMWV00480,D034,2024-02-02,Routine Service,140536,3308.74,413.53,BRK01
SRV00595,BMWV00480,D076,2024-11-26,Brake Service,104066,3308.61,1807.49,BAT01
SRV00596,BMWV00720,D014,2025-10-06,Brake Service,7070,835.81,977.22,BAT01
SRV00597,BMWV00665,D013,2024-07-10,Brake Service,85288,855.59,1116.22,NONE
SRV00598,BMWV00451,D079,2025-04-12,Inspection,119024,3668.23,973.47,BRK01
SRV00599,BMWV00260,D093,2025-01-17,Inspection,93572,2438.66,832.25,NONE
SRV00600,BMWV00996,D030,2026-02-20,Inspection,33273,2133.88,1559.44,ELEC01
SRV00601,BMWV00412,D076,2024-01-30,Oil Change,139271,873.6,636.14,ELEC01
SRV00602,BMWV00990,D090,2026-08-23,Inspection,57025,4759.89,1157.58,BRK01
SRV00603,BMWV00135,D085,2024-12-07,Routine Service,28697,1580.9,1543.36,BAT01
SRV00604,BMWV00471,D051,2024-06-18,Battery Check,5221,3310.11,440.79,BRK01
SRV00605,BMWV00310,D040,2024-03-23,Oil Change,66914,4295.92,901.27,BRK01
SRV00606,BMWV00159,D088,2025-07-22,Brake Service,6296,2412.85,722.19,ENG01
SRV00607,BMWV00565,D088,2025-02-07,Repair,60703,4568.52,1353.45,ENG01
SRV00608,BMWV00725,D032,2026-02-20,Routine Service,106600,686.09,1537.94,BRK01
SRV00609,BMWV00411,D099,2024-11-30,Brake Service,116304,3004.85,1091.52,BAT01
SRV00610,BMWV00502,D086,2026-01-28,Inspection,12050,1147.39,1236.62,BRK01
SRV00611,BMWV00379,D047,2024-12-14,Inspection,5417,3072.3,1515.78,NONE
SRV00612,BMWV00663,D030,2024-05-21,Battery Check,54275,269.03,638.78,NONE
SRV00613,BMWV00349,D050,2025-10-31,Oil Change,116597,796.2,656.63,ENG01
SRV00614,BMWV00036,D034,2025-03-07,Oil Change,47871,2021.17,1058.83,NONE
SRV00615,BMWV00478,D010,2024-12-20,Repair,31582,3296.55,838.72,NONE
SRV00616,BMWV00166,D041,2024-05-11,Inspection,137899,1950.75,936.65,ENG01
SRV00617,BMWV00671,D086,2025-02-15,Battery Check,19289,1549.62,554.37,NONE
SRV00618,BMWV00620,D058,2025-05-29,Brake Service,129137,3574.52,1696.13,BAT01
SRV00619,BMWV00116,D023,2025-03-10,Inspection,105524,4358.06,206.02,NONE
SRV00620,BMWV00347,D091,2025-08-27,Brake Service,56803,2598.74,1248.31,ENG01
SRV00621,BMWV00447,D007,2025-04-20,Brake Service,15444,651.68,1004.76,BAT01
SRV00622,BMWV00053,D077,2025-12-03,Brake Service,71145,2157.23,1366.24,NONE
SRV00623,BMWV00557,D035,2024-07-02,Brake Service,98555,2114.45,921.2,BAT01
SRV00624,BMWV00653,D005,2025-09-02,Routine Service,98649,3672.93,1085.97,ENG01
SRV00625,BMWV00256,D023,2024-03-27,Inspection,29791,673.97,332.06,ENG01
SRV00626,BMWV00443,D036,2024-12-19,Battery Check,68989,4597.94,1811.98,ELEC01
SRV00627,BMWV00584,D059,2024-02-11,Routine Service,90613,1895.34,336.16,NONE
SRV00628,BMWV00393,D066,2026-01-12,Routine Service,93545,4640.83,1511.07,ENG01
SRV00629,BMWV00412,D003,2024-07-07,Repair,72333,3621.89,1498.24,NONE
SRV00630,BMWV00858,D056,2024-04-29,Oil Change,73413,4974.85,1250.38,ELEC01
SRV00631,BMWV00876,D032,2025-12-11,Routine Service,103103,2888.01,469.66,ENG01
SRV00632,BMWV00283,D096,2025-12-06,Oil Change,77575,2532.74,139.2,ENG01
SRV00633,BMWV00933,D024,2025-11-25,Brake Service,76481,75.0,453.92,ENG01
SRV00634,BMWV00674,D017,2024-10-08,Brake Service,126226,3015.44,1953.0,BAT01
SRV00635,BMWV00100,D029,2024-08-18,Routine Service,90094,1144.24,1242.2,ELEC01
SRV00636,BMWV00848,D059,2025-08-25,Battery Check,91180,2730.22,977.43,ELEC01
SRV00637,BMWV00013,D044,2024-12-14,Brake Service,95797,4122.01,345.97,ENG01
SRV00638,BMWV00217,D069,2025-12-15,Oil Change,107252,1315.68,112.92,ELEC01
SRV00639,BMWV00992,D010,2025-10-08,Battery Check,95518,461.31,1508.62,ELEC01
SRV00640,BMWV00380,D039,2024-10-25,Brake Service,123357,3388.78,107.65,ELEC01
SRV00641,BMWV00600,D022,2025-10-01,Brake Service,118123,2106.2,1541.63,BAT01
SRV00642,BMWV00571,D096,2025-05-17,Oil Change,103378,4609.82,306.81,ELEC01
SRV00643,BMWV00973,D016,2024-04-09,Battery Check,62227,1095.96,265.73,BAT01
SRV00644,BMWV00184,D021,2026-02-24,Repair,110150,2772.85,736.45,BRK01
SRV00645,BMWV00430,D077,2024-10-12,Brake Service,100204,3169.86,1345.26,BAT01
SRV00646,BMWV00516,D069,2025-06-29,Battery Check,64008,4302.33,1014.92,ENG01
SRV00647,BMWV00295,D058,2024-06-09,Oil Change,109871,1477.62,1088.7,BAT01
SRV00648,BMWV00783,D060,2025-11-02,Oil Change,30774,1947.6,1323.55,ENG01
SRV00649,BMWV00422,D025,2025-10-13,Routine Service,63770,735.93,1258.84,NONE
SRV00650,BMWV00615,D074,2026-01-19,Battery Check,10985,1658.85,537.38,ELEC01
SRV00651,BMWV00642,D061,2025-12-01,Routine Service,102070,162.46,1222.62,ENG01
SRV00652,BMWV00567,D066,2026-06-03,Oil Change,47304,2315.96,1459.97,BRK01
SRV00653,BMWV00181,D061,2026-08-17,Repair,57372,1647.48,621.31,NONE
SRV00654,BMWV00213,D074,2025-04-17,Battery Check,69237,3434.17,915.12,BRK01
SRV00655,BMWV00817,D023,2025-04-17,Inspection,34139,4028.25,1683.86,BRK01
SRV00656,BMWV00252,D060,2026-01-09,Routine Service,6804,3755.61,1379.95,ENG01
SRV00657,BMWV00889,D067,2025-04-26,Battery Check,23445,3926.06,1917.27,ELEC01
SRV00658,BMWV00125,D092,2026-03-06,Inspection,145029,3588.08,905.12,NONE
SRV00659,BMWV00301,D051,2026-04-28,Repair,15461,1848.7,1447.42,ELEC01
SRV00660,BMWV00646,D084,2025-03-26,Battery Check,37520,562.93,1701.79,ELEC01
SRV00661,BMWV00773,D015,2026-01-09,Oil Change,101066,2093.82,712.68,BRK01
SRV00662,BMWV00816,D062,2024-08-03,Brake Service,30460,1683.63,1402.75,ENG01
SRV00663,BMWV00922,D091,2025-05-18,Oil Change,73157,1745.09,1393.93,BAT01
SRV00664,BMWV00808,D058,2025-12-17,Brake Service,77167,2992.42,1534.58,BRK01
SRV00665,BMWV00536,D037,2024-01-27,Oil Change,102216,2839.52,1441.92,BAT01
SRV00666,BMWV00969,D092,2024-06-11,Inspection,84886,2402.66,907.73,BAT01
SRV00667,BMWV00160,D096,2026-04-04,Repair,38699,775.3,620.05,ENG01
SRV00668,BMWV00265,D082,2024-08-21,Routine Service,60485,2936.99,339.31,NONE
SRV00669,BMWV00267,D047,2026-01-08,Inspection,140480,2058.93,1256.0,BRK01
SRV00670,BMWV00997,D045,2025-10-21,Oil Change,136359,1605.77,780.01,ENG01
SRV00671,BMWV00665,D022,2026-06-10,Inspection,131367,918.17,1799.41,NONE
SRV00672,BMWV00686,D009,2024-12-16,Oil Change,86083,1071.82,342.67,ELEC01
SRV00673,BMWV00798,D094,2026-03-19,Routine Service,56627,1814.68,945.68,NONE
SRV00674,BMWV00862,D096,2026-05-16,Inspection,64866,3719.82,758.94,NONE
SRV00675,BMWV00410,D081,2024-04-11,Brake Service,138016,382.63,1128.9,ELEC01
SRV00676,BMWV00868,D095,2025-07-04,Routine Service,19673,2260.83,1069.75,BRK01
SRV00677,BMWV00264,D095,2024-07-06,Repair,69248,1180.28,1448.89,BRK01
SRV00678,BMWV00042,D078,2024-09-29,Inspection,77738,502.23,420.53,NONE
SRV00679,BMWV00929,D017,2025-06-19,Brake Service,20955,1078.27,525.68,ELEC01
SRV00680,BMWV00490,D060,2024-04-10,Inspection,18391,1628.35,1286.12,BRK01
SRV00681,BMWV00491,D015,2025-03-28,Routine Service,129789,1027.11,1107.62,BRK01
SRV00682,BMWV00614,D063,2024-11-03,Inspection,7517,2929.48,1729.22,NONE
SRV00683,BMWV00739,D057,2026-03-07,Repair,56065,2965.24,1288.12,ENG01
SRV00684,BMWV00001,D033,2026-02-11,Battery Check,75973,2488.4,394.24,ELEC01
SRV00685,BMWV00496,D066,2024-10-17,Repair,83548,1357.79,1087.77,BAT01
SRV00686,BMWV00283,D087,2025-07-28,Inspection,85951,3148.31,267.37,BRK01
SRV00687,BMWV00501,D001,2024-11-22,Inspection,128340,2504.15,398.65,ENG01
SRV00688,BMWV00691,D039,2024-04-06,Battery Check,94766,3207.52,1100.25,BRK01
SRV00689,BMWV00200,D100,2024-04-21,Oil Change,60893,1570.64,645.5,ELEC01
SRV00690,BMWV00485,D014,2025-12-02,Brake Service,60126,2876.49,351.47,BRK01
SRV00691,BMWV00198,D099,2025-02-09,Oil Change,46403,3070.11,356.41,ELEC01
SRV00692,BMWV00487,D084,2025-09-01,Battery Check,75617,1182.18,562.57,BAT01
SRV00693,BMWV00381,D019,2024-11-09,Brake Service,97781,4154.69,664.93,BAT01
SRV00694,BMWV00437,D073,2025-02-06,Battery Check,6487,3823.0,837.96,ENG01
SRV00695,BMWV00364,D083,2026-04-04,Oil Change,124770,3846.89,87.99,BRK01
SRV00696,BMWV00215,D085,2026-01-03,Brake Service,82279,4171.13,96.17,ENG01
SRV00697,BMWV00811,D049,2024-11-29,Inspection,57285,3997.5,1254.23,ENG01
SRV00698,BMWV00878,D036,2024-04-19,Routine Service,68737,844.07,1459.56,ELEC01
SRV00699,BMWV00483,D006,2026-03-10,Repair,107252,3454.61,1822.33,ENG01
SRV00700,BMWV00257,D036,2025-09-13,Inspection,103308,343.62,159.42,BAT01
SRV00701,BMWV00284,D069,2025-01-13,Battery Check,79510,599.6,311.86,NONE
SRV00702,BMWV00334,D100,2026-01-20,Battery Check,44786,4376.06,1200.13,ELEC01
SRV00703,BMWV00206,D072,2024-03-31,Battery Check,69284,1672.82,1115.84,BAT01
SRV00704,BMWV00572,D068,2026-04-16,Brake Service,10728,745.31,1551.32,BAT01
SRV00705,BMWV00982,D047,2026-07-15,Battery Check,61311,961.49,963.24,ENG01
SRV00706,BMWV00372,D043,2024-07-22,Repair,72902,1314.02,1507.92,NONE
SRV00707,BMWV00145,D016,2025-10-19,Battery Check,117022,2011.72,998.4,NONE
SRV00708,BMWV00853,D068,2024-03-02,Inspection,102904,130.2,902.55,NONE
SRV00709,BMWV00984,D065,2026-06-13,Brake Service,146245,2485.45,1170.89,NONE
SRV00710,BMWV00754,D010,2025-08-01,Routine Service,34447,2682.22,1607.25,NONE
SRV00711,BMWV00589,D060,2025-09-16,Repair,55040,3771.94,1545.87,ENG01
SRV00712,BMWV00839,D036,2025-04-21,Battery Check,44899,3269.7,192.4,ELEC01
SRV00713,BMWV00349,D059,2025-06-24,Repair,118350,4452.52,832.86,BAT01
SRV00714,BMWV00007,D080,2026-04-28,Battery Check,9947,92.26,678.65,BRK01
SRV00715,BMWV00267,D029,2025-08-21,Repair,90621,2685.2,1324.54,BRK01
SRV00716,BMWV00790,D074,2026-08-05,Brake Service,45004,984.79,339.15,BAT01
SRV00717,BMWV00187,D013,2024-01-27,Inspection,15342,3908.34,1103.15,NONE
SRV00718,BMWV00337,D041,2026-08-08,Oil Change,59737,1048.42,368.41,BAT01
SRV00719,BMWV00240,D028,2026-03-01,Brake Service,12155,729.7,1802.82,ENG01
SRV00720,BMWV00128,D049,2024-01-27,Battery Check,59679,1933.06,921.28,ENG01
SRV00721,BMWV00205,D027,2026-02-28,Battery Check,37676,509.62,391.44,ELEC01
SRV00722,BMWV00743,D067,2024-05-04,Oil Change,59955,645.77,1003.76,ELEC01
SRV00723,BMWV00368,D096,2024-11-20,Battery Check,55064,1091.12,227.04,ELEC01
SRV00724,BMWV00370,D062,2024-09-18,Inspection,34358,4727.24,81.48,ENG01
SRV00725,BMWV00824,D054,2025-02-13,Routine Service,97977,1833.94,654.46,NONE
SRV00726,BMWV00446,D084,2024-11-03,Oil Change,27138,3269.64,1629.83,ENG01
SRV00727,BMWV00017,D036,2026-01-17,Repair,89743,274.58,1702.46,BRK01
SRV00728,BMWV00580,D002,2024-05-11,Inspection,45831,744.09,966.13,NONE
SRV00729,BMWV00064,D077,2026-04-01,Oil Change,81830,1889.93,859.01,BRK01
SRV00730,BMWV00431,D023,2024-06-27,Inspection,44683,3722.74,1630.12,BRK01
SRV00731,BMWV00375,D015,2026-03-16,Oil Change,12859,2512.9,646.83,BAT01
SRV00732,BMWV00932,D034,2025-09-28,Brake Service,12465,3927.18,696.58,ENG01
SRV00733,BMWV00036,D095,2026-06-11,Oil Change,111864,280.17,785.22,ELEC01
SRV00734,BMWV00741,D068,2024-06-22,Oil Change,31244,123.95,1799.52,NONE
SRV00735,BMWV00431,D009,2024-04-25,Battery Check,126748,4917.68,1719.47,ELEC01
SRV00736,BMWV00452,D018,2026-05-27,Inspection,5189,1591.58,965.5,BAT01
SRV00737,BMWV00133,D042,2025-11-03,Inspection,100835,4786.68,1353.44,NONE
SRV00738,BMWV00491,D064,2026-02-05,Inspection,56455,672.87,1053.73,BRK01
SRV00739,BMWV00232,D085,2024-03-25,Repair,29848,3600.48,600.48,ELEC01
SRV00740,BMWV00109,D032,2024-08-19,Brake Service,53398,3663.65,637.16,ENG01
SRV00741,BMWV00686,D076,2025-06-16,Inspection,74920,3811.47,306.83,ENG01
SRV00742,BMWV00385,D085,2024-05-28,Inspection,13971,3752.28,1609.55,NONE
SRV00743,BMWV00815,D026,2024-07-05,Routine Service,42474,3191.42,1678.99,BRK01
SRV00744,BMWV00167,D051,2024-11-26,Routine Service,131032,2445.03,720.61,ELEC01
SRV00745,BMWV00417,D058,2024-08-07,Battery Check,73892,2752.1,279.75,BAT01
SRV00746,BMWV00673,D099,2025-06-10,Brake Service,93409,4983.59,413.32,BAT01
SRV00747,BMWV00828,D063,2026-03-01,Inspection,124620,3333.08,1352.62,BAT01
SRV00748,BMWV00783,D067,2024-09-26,Routine Service,100793,2161.25,99.56,ELEC01
SRV00749,BMWV00131,D013,2024-08-20,Battery Check,34133,645.37,1439.76,BRK01
SRV00750,BMWV00896,D045,2024-11-10,Battery Check,119337,2788.83,1882.12,ELEC01
SRV00751,BMWV00188,D051,2026-04-19,Inspection,56086,751.46,1377.12,NONE
SRV00752,BMWV00205,D094,2026-02-01,Brake Service,142776,3024.63,345.95,ELEC01
SRV00753,BMWV00539,D007,2026-03-30,Inspection,100068,2720.31,1402.7,ELEC01
SRV00754,BMWV00172,D048,2024-06-11,Routine Service,48420,3192.79,1724.93,BRK01
SRV00755,BMWV00865,D097,2026-01-03,Oil Change,146773,4713.85,1238.85,BRK01
SRV00756,BMWV00287,D007,2026-08-29,Battery Check,82724,1979.37,1067.41,ENG01
SRV00757,BMWV00917,D061,2025-04-24,Brake Service,40683,3621.66,634.99,NONE
SRV00758,BMWV00259,D091,2025-07-23,Repair,86685,1083.34,1480.25,ELEC01
SRV00759,BMWV00984,D009,2024-03-01,Battery Check,41779,761.77,1653.76,BRK01
SRV00760,BMWV00402,D021,2025-10-23,Battery Check,107498,2977.51,534.72,BAT01
SRV00761,BMWV00074,D029,2026-08-29,Brake Service,41815,4468.56,290.77,ELEC01
SRV00762,BMWV00969,D087,2024-06-04,Oil Change,121229,754.92,587.17,BAT01
SRV00763,BMWV00012,D082,2024-04-30,Inspection,86568,2644.99,1554.73,ELEC01
SRV00764,BMWV00484,D030,2025-11-07,Battery Check,83334,4120.09,1105.46,ELEC01
SRV00765,BMWV00467,D020,2024-03-13,Repair,94489,4382.42,1901.5,NONE
SRV00766,BMWV00392,D033,2024-04-25,Repair,127296,2158.26,378.49,ENG01
SRV00767,BMWV00778,D038,2024-08-18,Inspection,32013,488.44,1476.93,ELEC01
SRV00768,BMWV00887,D047,2024-09-04,Repair,134638,4191.71,1928.33,ENG01
SRV00769,BMWV00060,D082,2024-04-17,Brake Service,77316,4528.42,1298.52,BAT01
SRV00770,BMWV00431,D086,2026-05-06,Brake Service,98496,461.31,247.21,ENG01
SRV00771,BMWV00250,D075,2025-05-21,Oil Change,118709,3344.86,252.73,ENG01
SRV00772,BMWV00576,D078,2026-05-07,Inspection,103519,3052.81,1747.27,ENG01
SRV00773,BMWV00044,D078,2024-04-20,Inspection,30841,2899.35,279.07,BRK01
SRV00774,BMWV00371,D075,2025-11-19,Repair,115580,4085.65,1450.66,NONE
SRV00775,BMWV00357,D083,2026-03-18,Battery Check,125781,2888.06,1069.39,ENG01
SRV00776,BMWV00834,D081,2026-02-01,Battery Check,11721,1119.4,402.44,BAT01
SRV00777,BMWV00103,D038,2026-07-31,Battery Check,12438,3658.83,1706.39,BAT01
SRV00778,BMWV00369,D088,2024-12-18,Brake Service,70195,1419.33,1578.23,BAT01
SRV00779,BMWV00471,D090,2025-10-12,Brake Service,47098,1086.44,1553.08,ELEC01
SRV00780,BMWV00665,D042,2026-01-28,Battery Check,96367,3915.79,385.51,ENG01
SRV00781,BMWV00879,D012,2024-12-07,Brake Service,146095,3712.3,1680.66,BRK01
SRV00782,BMWV00326,D040,2024-04-13,Repair,28706,3215.29,660.2,ENG01
SRV00783,BMWV00656,D024,2026-02-13,Battery Check,57992,1360.17,1429.42,BAT01
SRV00784,BMWV00347,D057,2026-07-06,Brake Service,46737,4798.58,679.38,NONE
SRV00785,BMWV00196,D075,2024-11-13,Inspection,82648,3796.01,1099.6,ENG01
SRV00786,BMWV00635,D090,2024-03-18,Oil Change,29474,498.18,1216.04,ENG01
SRV00787,BMWV00874,D034,2024-05-29,Repair,94171,2687.5,823.68,ENG01
SRV00788,BMWV00108,D095,2026-04-14,Brake Service,26551,1652.99,488.41,NONE
SRV00789,BMWV00253,D071,2024-06-07,Repair,76771,180.48,487.71,BRK01
SRV00790,BMWV00253,D029,2025-03-26,Repair,61614,769.61,628.75,NONE
SRV00791,BMWV00880,D079,2025-05-09,Battery Check,113665,2803.8,1996.83,BRK01
SRV00792,BMWV00424,D024,2026-05-18,Inspection,109757,3154.91,1782.78,ENG01
SRV00793,BMWV00766,D034,2025-12-24,Brake Service,74089,2185.01,760.8,BRK01
SRV00794,BMWV00329,D070,2024-12-31,Routine Service,40256,1642.23,1663.52,BRK01
SRV00795,BMWV00816,D069,2025-08-15,Oil Change,30328,4906.0,1579.23,ELEC01
SRV00796,BMWV00727,D061,2025-07-02,Brake Service,32474,4045.91,1227.98,BAT01
SRV00797,BMWV00736,D090,2025-10-22,Inspection,63710,2353.17,1169.81,NONE
SRV00798,BMWV00473,D080,2025-03-24,Battery Check,119343,370.06,1991.79,NONE
SRV00799,BMWV00575,D058,2025-07-26,Repair,20085,4484.42,979.42,BRK01
SRV00800,BMWV00067,D088,2024-12-28,Routine Service,77375,2870.28,1897.33,NONE
SRV00801,BMWV00732,D077,2025-05-17,Battery Check,39958,4931.72,469.65,ENG01
SRV00802,BMWV00319,D069,2025-12-14,Repair,84865,1686.14,1161.22,ELEC01
SRV00803,BMWV00970,D053,2024-05-27,Inspection,87433,4320.53,1943.23,NONE
SRV00804,BMWV00731,D097,2025-01-01,Inspection,36374,3884.37,188.48,NONE
SRV00805,BMWV00544,D053,2026-01-17,Oil Change,56018,1281.56,1222.97,BRK01
SRV00806,BMWV00857,D024,2024-01-31,Repair,134754,3656.9,696.99,NONE
SRV00807,BMWV00970,D052,2025-08-10,Repair,106567,4034.32,793.52,ENG01
SRV00808,BMWV00143,D044,2024-07-06,Routine Service,86578,1808.03,1429.16,BAT01
SRV00809,BMWV00513,D012,2024-07-07,Brake Service,110231,1043.01,734.84,NONE
SRV00810,BMWV00349,D058,2026-02-08,Routine Service,142328,1325.95,1764.64,NONE
SRV00811,BMWV00572,D008,2025-11-30,Brake Service,30032,884.14,1929.02,ELEC01
SRV00812,BMWV00013,D001,2024-11-30,Battery Check,85285,186.89,1815.03,ELEC01
SRV00813,BMWV00385,D009,2024-06-25,Oil Change,135600,949.84,475.83,BAT01
SRV00814,BMWV00100,D088,2026-07-23,Oil Change,103085,2891.23,1788.3,BRK01
SRV00815,BMWV00521,D020,2026-04-13,Battery Check,12953,3129.31,1873.82,NONE
SRV00816,BMWV00828,D040,2026-08-15,Brake Service,33252,1777.82,401.81,ELEC01
SRV00817,BMWV00173,D013,2025-05-24,Oil Change,45698,4986.84,1844.0,ENG01
SRV00818,BMWV00952,D085,2025-07-15,Battery Check,122423,4722.85,1353.97,NONE
SRV00819,BMWV00348,D032,2025-01-09,Oil Change,67770,4803.92,1007.0,ENG01
SRV00820,BMWV00043,D046,2024-03-01,Battery Check,30894,4246.48,227.36,BAT01
SRV00821,BMWV00935,D068,2025-07-30,Inspection,144441,2632.28,1526.0,BRK01
SRV00822,BMWV00291,D042,2024-05-18,Battery Check,56915,1500.15,1271.36,ENG01
SRV00823,BMWV00447,D049,2024-03-25,Battery Check,11247,2481.64,676.95,ENG01
SRV00824,BMWV00626,D050,2024-11-09,Battery Check,80286,3865.67,1412.86,ELEC01
SRV00825,BMWV00853,D006,2024-07-11,Routine Service,85509,4465.86,1508.31,ELEC01
SRV00826,BMWV00557,D023,2025-10-18,Brake Service,17571,2694.75,142.05,BAT01
SRV00827,BMWV00396,D025,2024-12-26,Inspection,18745,4127.54,1384.12,ENG01
SRV00828,BMWV00758,D066,2025-06-20,Oil Change,138364,1885.58,1413.41,BRK01
SRV00829,BMWV00103,D059,2026-08-30,Oil Change,63082,3576.43,192.28,BRK01
SRV00830,BMWV00509,D027,2025-08-07,Repair,9087,273.91,793.9,NONE
SRV00831,BMWV00948,D038,2024-01-05,Oil Change,91704,4922.79,1974.82,BRK01
SRV00832,BMWV00382,D052,2024-02-15,Oil Change,42137,3013.82,1262.44,BAT01
SRV00833,BMWV00905,D055,2025-11-27,Inspection,86196,1064.14,1763.43,BAT01
SRV00834,BMWV00421,D089,2024-01-11,Battery Check,113433,1916.8,1693.14,BRK01
SRV00835,BMWV00838,D100,2025-05-14,Brake Service,7734,3151.36,821.16,ENG01
SRV00836,BMWV00133,D085,2025-12-07,Oil Change,23487,3206.11,274.79,ENG01
SRV00837,BMWV00070,D024,2025-07-03,Brake Service,48874,4720.34,550.17,ENG01
SRV00838,BMWV00293,D069,2024-10-20,Brake Service,73550,587.04,282.83,BRK01
SRV00839,BMWV00975,D012,2025-07-22,Battery Check,57635,679.22,1991.34,ENG01
SRV00840,BMWV00492,D014,2024-04-24,Oil Change,14969,4173.82,409.73,NONE
SRV00841,BMWV00249,D056,2025-09-22,Brake Service,119847,3704.81,911.95,NONE
SRV00842,BMWV00680,D065,2026-02-24,Oil Change,60163,3638.31,135.33,NONE
SRV00843,BMWV00973,D020,2024-12-15,Brake Service,51013,1783.08,441.27,NONE
SRV00844,BMWV00402,D049,2024-06-05,Brake Service,137538,365.06,408.73,BRK01
SRV00845,BMWV00345,D085,2026-01-08,Battery Check,11634,4363.12,185.3,BRK01
SRV00846,BMWV00618,D068,2024-10-21,Inspection,47230,759.65,1930.14,NONE
SRV00847,BMWV00116,D088,2024-03-07,Battery Check,140802,2694.66,1256.24,BRK01
SRV00848,BMWV00743,D042,2025-01-14,Routine Service,42614,4512.52,1384.42,NONE
SRV00849,BMWV00392,D001,2025-07-30,Routine Service,106587,3855.04,283.3,BRK01
SRV00850,BMWV00782,D081,2024-02-06,Inspection,148021,415.92,1315.28,ENG01
SRV00851,BMWV00961,D074,2025-10-22,Battery Check,79047,3443.77,804.2,BRK01
SRV00852,BMWV00701,D063,2025-09-19,Brake Service,95478,4901.65,1291.56,ENG01
SRV00853,BMWV00943,D020,2025-04-10,Inspection,99407,1158.01,609.38,BRK01
SRV00854,BMWV00988,D050,2024-09-20,Oil Change,101489,3713.03,891.89,BAT01
SRV00855,BMWV00149,D006,2025-04-15,Battery Check,146950,4265.83,1975.6,BRK01
SRV00856,BMWV00862,D081,2024-12-27,Oil Change,111376,2134.65,864.56,ENG01
SRV00857,BMWV00456,D050,2025-04-19,Brake Service,93552,1663.75,827.82,ELEC01
SRV00858,BMWV00212,D032,2024-08-10,Repair,55060,2863.51,1898.61,ELEC01
SRV00859,BMWV00374,D060,2025-07-15,Battery Check,103255,3237.8,466.35,BRK01
SRV00860,BMWV00483,D014,2025-07-09,Repair,123572,1536.59,1674.13,ELEC01
SRV00861,BMWV00424,D007,2024-07-23,Oil Change,93521,2780.88,355.6,ENG01
SRV00862,BMWV00961,D067,2025-03-18,Oil Change,121124,167.99,452.58,ELEC01
SRV00863,BMWV00685,D023,2024-10-06,Repair,45856,3224.13,1171.38,BRK01
SRV00864,BMWV00156,D053,2024-11-20,Battery Check,69408,4346.75,304.58,ENG01
SRV00865,BMWV00325,D079,2026-08-13,Inspection,144090,3689.82,1758.04,NONE
SRV00866,BMWV00807,D009,2024-03-28,Routine Service,7272,4604.85,1745.45,BAT01
SRV00867,BMWV00875,D012,2024-11-16,Brake Service,58217,3730.74,1918.02,BAT01
SRV00868,BMWV00862,D009,2025-01-06,Inspection,87706,2938.07,1665.1,ENG01
SRV00869,BMWV00348,D091,2024-06-28,Brake Service,84492,552.42,1145.68,BRK01
SRV00870,BMWV00169,D054,2024-05-01,Inspection,112395,833.49,1127.03,ENG01
SRV00871,BMWV00718,D036,2025-12-07,Oil Change,34716,3336.15,335.96,ENG01
SRV00872,BMWV00100,D097,2024-02-10,Oil Change,104863,2390.42,979.92,NONE
SRV00873,BMWV00602,D089,2026-04-17,Brake Service,120588,2945.21,404.58,NONE
SRV00874,BMWV00995,D063,2026-08-27,Repair,95132,4433.74,1976.24,BAT01
SRV00875,BMWV00072,D023,2024-05-18,Inspection,83670,3403.0,1837.69,NONE
SRV00876,BMWV00959,D086,2024-07-20,Repair,89069,1497.13,1595.92,NONE
SRV00877,BMWV00365,D078,2026-03-29,Battery Check,9182,3128.22,1201.13,BRK01
SRV00878,BMWV00375,D033,2024-07-15,Inspection,78464,4911.08,1813.35,NONE
SRV00879,BMWV00503,D041,2026-07-16,Oil Change,18634,3264.56,1416.0,BAT01
SRV00880,BMWV00461,D056,2024-12-11,Routine Service,76522,3762.49,1531.54,ENG01
SRV00881,BMWV00677,D010,2024-12-06,Inspection,13224,696.72,1957.58,ELEC01
SRV00882,BMWV00011,D095,2025-08-10,Routine Service,84353,1934.32,1813.84,ENG01
SRV00883,BMWV00399,D005,2025-12-12,Repair,75853,3499.44,704.49,ELEC01
SRV00884,BMWV00876,D055,2025-02-20,Repair,94686,705.08,725.17,BAT01
SRV00885,BMWV00567,D025,2025-05-15,Brake Service,74906,462.37,927.25,NONE
SRV00886,BMWV00826,D086,2026-07-24,Brake Service,138376,4484.3,94.86,BRK01
SRV00887,BMWV00827,D098,2024-04-19,Oil Change,24507,926.68,176.67,ELEC01
SRV00888,BMWV00822,D031,2026-03-08,Routine Service,24768,97.74,76.22,BAT01
SRV00889,BMWV00893,D080,2024-03-13,Oil Change,125786,3173.46,695.26,NONE
SRV00890,BMWV00629,D016,2024-02-27,Repair,41363,1037.63,1504.82,NONE
SRV00891,BMWV00192,D012,2026-01-05,Routine Service,6006,2193.2,1386.92,BRK01
SRV00892,BMWV00053,D092,2024-03-22,Battery Check,88992,3145.99,425.65,BRK01
SRV00893,BMWV00727,D064,2025-09-11,Repair,53775,2372.59,1476.55,ELEC01
SRV00894,BMWV00887,D008,2025-03-29,Oil Change,138060,81.25,392.91,BRK01
SRV00895,BMWV00271,D019,2026-06-18,Inspection,54635,3514.84,1420.59,NONE
SRV00896,BMWV00194,D024,2026-05-18,Brake Service,64694,854.0,1288.83,ELEC01
SRV00897,BMWV00305,D077,2025-02-26,Inspection,79816,1130.38,539.35,BAT01
SRV00898,BMWV00755,D031,2025-06-27,Routine Service,70973,1443.17,364.47,NONE
SRV00899,BMWV00066,D064,2024-12-18,Repair,20834,3118.23,1644.52,NONE
SRV00900,BMWV00692,D098,2026-07-09,Repair,121898,109.39,1501.32,NONE
SRV00901,BMWV00328,D076,2026-02-28,Brake Service,22269,2867.55,1467.94,BAT01
SRV00902,BMWV00463,D046,2026-01-30,Battery Check,102109,2523.49,1538.65,BAT01
SRV00903,BMWV00561,D096,2024-07-13,Oil Change,49709,261.36,738.15,ENG01
SRV00904,BMWV00903,D060,2024-11-28,Battery Check,126536,4349.98,955.57,BRK01
SRV00905,BMWV00147,D095,2026-02-07,Battery Check,114994,4750.69,1753.06,BAT01
SRV00906,BMWV00392,D081,2024-06-01,Battery Check,100868,119.05,1593.18,BRK01
SRV00907,BMWV00156,D076,2026-08-26,Oil Change,61883,519.49,813.02,BRK01
SRV00908,BMWV00279,D044,2024-07-21,Routine Service,135370,1991.55,641.87,ELEC01
SRV00909,BMWV00286,D030,2024-07-13,Battery Check,135845,2192.64,1897.3,BRK01
SRV00910,BMWV00501,D086,2024-03-02,Brake Service,32790,381.19,680.4,ENG01
SRV00911,BMWV00624,D038,2024-05-24,Oil Change,140990,4719.52,1617.06,ENG01
SRV00912,BMWV00504,D002,2024-11-11,Repair,46576,1725.97,655.69,ELEC01
SRV00913,BMWV00441,D079,2024-05-04,Inspection,38928,2671.7,715.14,BAT01
SRV00914,BMWV00828,D089,2026-06-03,Oil Change,101879,2848.37,973.37,NONE
SRV00915,BMWV00459,D048,2025-03-03,Oil Change,59907,4725.65,1392.15,BAT01
SRV00916,BMWV00651,D061,2026-03-16,Brake Service,94327,2907.24,695.57,BRK01
SRV00917,BMWV00925,D017,2024-11-25,Repair,65011,3555.12,1238.3,BRK01
SRV00918,BMWV00502,D073,2025-04-26,Routine Service,87171,2579.25,236.39,BRK01
SRV00919,BMWV00640,D042,2024-03-24,Inspection,133697,2340.31,1805.84,BAT01
SRV00920,BMWV00070,D058,2025-02-02,Oil Change,77406,3573.94,759.38,NONE
SRV00921,BMWV00487,D032,2024-08-16,Repair,5800,1669.71,1658.43,ENG01
SRV00922,BMWV00577,D019,2026-03-13,Brake Service,88895,2449.25,662.63,ELEC01
SRV00923,BMWV00206,D083,2024-07-11,Inspection,36552,1513.32,168.1,BRK01
SRV00924,BMWV00538,D065,2024-10-16,Oil Change,103568,2143.81,1646.24,NONE
SRV00925,BMWV00307,D034,2024-07-28,Oil Change,82621,175.15,1320.69,ENG01
SRV00926,BMWV00082,D048,2025-04-21,Oil Change,122095,3148.15,1132.77,ELEC01
SRV00927,BMWV00456,D098,2024-11-17,Routine Service,76710,2306.92,435.67,ELEC01
SRV00928,BMWV00466,D037,2024-06-15,Inspection,38694,1647.88,83.06,NONE
SRV00929,BMWV00890,D042,2025-07-19,Battery Check,101684,751.68,1672.02,ENG01
SRV00930,BMWV00565,D004,2025-10-05,Battery Check,89904,2007.91,686.89,NONE
SRV00931,BMWV00661,D037,2024-11-27,Inspection,15323,4422.14,158.93,BRK01
SRV00932,BMWV00510,D009,2026-08-07,Routine Service,41676,800.27,1069.42,BRK01
SRV00933,BMWV00096,D097,2025-01-03,Brake Service,93646,451.74,719.97,NONE
SRV00934,BMWV00506,D052,2025-07-12,Routine Service,142541,2110.95,1589.97,BRK01
SRV00935,BMWV00563,D012,2026-04-13,Oil Change,122571,837.35,1537.39,BAT01
SRV00936,BMWV00234,D031,2024-02-27,Repair,11350,309.79,1693.64,BRK01
SRV00937,BMWV00492,D006,2024-02-13,Oil Change,65991,4752.33,1911.12,BRK01
SRV00938,BMWV00514,D041,2024-11-26,Battery Check,108758,145.32,1542.8,ENG01
SRV00939,BMWV00025,D086,2026-01-01,Repair,113773,2772.65,128.25,ELEC01
SRV00940,BMWV00037,D027,2024-08-23,Inspection,133834,85.4,1418.56,ELEC01
SRV00941,BMWV00904,D048,2025-06-05,Oil Change,109118,1103.25,1095.65,ELEC01
SRV00942,BMWV00290,D035,2025-07-23,Brake Service,138924,1972.68,1677.9,ELEC01
SRV00943,BMWV00264,D043,2024-07-19,Brake Service,73247,1993.53,1318.4,ENG01
SRV00944,BMWV00030,D058,2025-09-09,Repair,139166,3861.58,448.95,NONE
SRV00945,BMWV00043,D050,2026-04-03,Routine Service,58892,1040.71,1161.9,BAT01
SRV00946,BMWV00854,D089,2025-11-21,Oil Change,84526,1836.64,156.02,BRK01
SRV00947,BMWV00582,D033,2024-08-10,Inspection,11242,1584.01,472.03,BRK01
SRV00948,BMWV00883,D043,2024-07-30,Battery Check,106861,3613.85,942.87,ENG01
SRV00949,BMWV00618,D097,2024-06-18,Battery Check,130875,2826.11,606.42,BRK01
SRV00950,BMWV00081,D079,2024-04-19,Routine Service,13178,3115.42,1721.47,BAT01
SRV00951,BMWV00954,D001,2024-11-06,Battery Check,104987,3657.3,1924.36,NONE
SRV00952,BMWV00056,D048,2024-08-08,Repair,55013,4856.15,1496.6,BAT01
SRV00953,BMWV00079,D036,2025-03-03,Repair,10870,1522.48,118.24,NONE
SRV00954,BMWV00311,D019,2024-09-26,Battery Check,58651,645.61,1291.58,NONE
SRV00955,BMWV00903,D061,2024-06-27,Routine Service,34513,476.17,507.87,ELEC01
SRV00956,BMWV00713,D072,2024-10-06,Brake Service,10913,3529.24,985.46,BRK01
SRV00957,BMWV00222,D009,2025-02-11,Repair,103939,198.0,1019.98,ENG01
SRV00958,BMWV00424,D023,2024-01-14,Inspection,16543,3300.22,1920.89,BAT01
SRV00959,BMWV00728,D037,2026-01-06,Battery Check,58136,4019.61,97.61,BAT01
SRV00960,BMWV00988,D025,2024-08-28,Repair,122437,4061.25,1991.88,NONE
SRV00961,BMWV00896,D073,2026-05-05,Battery Check,133064,3970.22,1445.36,NONE
SRV00962,BMWV00295,D047,2024-03-31,Inspection,101284,2308.47,971.33,BRK01
SRV00963,BMWV00384,D085,2026-07-12,Brake Service,149447,2726.8,675.39,BAT01
SRV00964,BMWV00418,D023,2025-08-17,Battery Check,102546,2364.05,727.5,BAT01
SRV00965,BMWV00153,D087,2026-02-08,Battery Check,147152,2068.74,1924.7,NONE
SRV00966,BMWV00618,D033,2026-06-25,Oil Change,92242,4627.36,1308.66,ENG01
SRV00967,BMWV00773,D070,2026-06-01,Repair,48064,4454.22,719.73,BRK01
SRV00968,BMWV00615,D044,2025-07-07,Repair,46793,4262.93,1168.7,BRK01
SRV00969,BMWV00846,D089,2025-02-09,Routine Service,114832,4409.58,1981.48,ELEC01
SRV00970,BMWV00043,D067,2024-04-16,Inspection,6059,1310.85,1123.37,BRK01
SRV00971,BMWV00759,D030,2025-12-01,Repair,92791,2471.44,684.7,BAT01
SRV00972,BMWV00563,D051,2025-06-19,Repair,107970,1134.4,734.71,ENG01
SRV00973,BMWV00706,D097,2024-04-18,Oil Change,123922,820.72,1403.19,BRK01
SRV00974,BMWV00735,D001,2026-07-03,Inspection,33259,2501.25,1835.9,BAT01
SRV00975,BMWV00249,D097,2025-02-19,Brake Service,59852,2732.74,238.35,BRK01
SRV00976,BMWV00025,D003,2024-02-01,Brake Service,36739,1075.08,1663.93,NONE
SRV00977,BMWV00070,D033,2025-04-08,Routine Service,115603,4727.13,1340.09,NONE
SRV00978,BMWV00716,D077,2024-11-03,Brake Service,106645,1905.83,642.38,ELEC01
SRV00979,BMWV00605,D062,2025-10-12,Inspection,15977,3411.63,1955.18,ENG01
SRV00980,BMWV00329,D045,2024-02-01,Brake Service,129150,4312.82,798.32,ELEC01
SRV00981,BMWV00790,D013,2025-03-08,Repair,97026,4748.16,1385.45,NONE
SRV00982,BMWV00391,D005,2025-05-14,Routine Service,129484,1298.17,229.5,BRK01
SRV00983,BMWV00743,D092,2025-10-08,Routine Service,124193,1930.26,707.9,ELEC01
SRV00984,BMWV00482,D005,2024-11-26,Brake Service,149867,3896.96,1716.55,BRK01
SRV00985,BMWV00630,D053,2024-04-07,Routine Service,38655,2987.47,1366.72,NONE
SRV00986,BMWV00959,D065,2025-03-31,Routine Service,136615,947.1,585.75,ELEC01
SRV00987,BMWV00399,D069,2025-10-31,Repair,17770,1303.36,279.45,ELEC01
SRV00988,BMWV00504,D023,2026-07-12,Battery Check,81910,4275.1,127.64,ELEC01
SRV00989,BMWV00341,D055,2024-04-22,Repair,45578,4844.4,199.8,ENG01
SRV00990,BMWV00499,D032,2024-01-06,Battery Check,51302,3873.69,135.56,BRK01
SRV00991,BMWV00230,D044,2026-06-05,Repair,134329,1182.23,917.1,NONE
SRV00992,BMWV00105,D022,2024-05-22,Oil Change,11207,2218.58,765.02,ENG01
SRV00993,BMWV00022,D091,2025-06-21,Repair,101544,3192.42,257.34,ENG01
SRV00994,BMWV00035,D036,2025-03-22,Inspection,115691,381.35,220.12,BAT01
SRV00995,BMWV00488,D052,2025-06-03,Oil Change,41051,649.0,365.89,ELEC01
SRV00996,BMWV00193,D086,2024-07-20,Battery Check,148109,1897.92,562.86,NONE
SRV00997,BMWV00996,D085,2024-07-08,Inspection,113332,623.46,127.52,BRK01
SRV00998,BMWV00152,D039,2024-05-16,Repair,107422,105.41,166.99,NONE
SRV00999,BMWV00117,D068,2025-11-12,Brake Service,144072,93.84,1766.75,BRK01
SRV01000,BMWV00329,D032,2026-05-31,Battery Check,60983,983.9,975.78,ENG01
