sale_id,vehicle_id,dealer_id,customer_id,sale_date,model,region,price,quantity
S00001,BMWV00838,D031,C0081,2025-04-15,BMW 3 Series,West,86081.72,3
S00002,BMWV00460,D012,C0878,2025-05-25,BMW X3,West,86412.83,1
S00003,BMWV00511,D096,C0670,2024-01-19,BMW 5 Series,East,46803.98,2
S00004,BMWV00037,D072,C0563,2024-01-01,BMW 7 Series,South,129979.51,3
S00005,BMWV00988,D080,C0653,2024-11-07,BMW 2 Series,East,137362.75,3
S00006,BMWV00213,D084,C0688,2025-04-12,BMW i4,North,144290.84,2
S00007,BMWV00847,D007,C0837,2024-08-16,BMW X1,North,132096.51,2
S00008,BMWV00575,D099,C0635,2025-09-06,BMW 3 Series,South,89410.37,3
S00009,BMWV00374,D092,C0464,2024-04-26,BMW 3 Series,West,46205.26,3
S00010,BMWV00229,D001,C0350,2024-12-29,BMW 3 Series,North,130436.65,2
S00011,BMWV00562,D067,C0383,2025-12-19,BMW 3 Series,West,47227.06,1
S00012,BMWV00506,D018,C0842,2026-01-04,BMW X1,East,120388.75,2
S00013,BMWV00111,D033,C0626,2024-07-19,BMW 2 Series,East,56567.49,2
S00014,BMWV00222,D059,C0845,2026-03-11,BMW 3 Series,West,56916.56,2
S00015,BMWV00112,D097,C0425,2024-02-17,BMW 2 Series,South,141562.05,3
S00016,BMWV00604,D016,C0791,2026-07-02,BMW 5 Series,East,86808.03,3
S00017,BMWV00605,D065,C0138,2025-05-25,BMW 3 Series,West,35498.83,3
S00018,BMWV00050,D071,C0958,2025-03-19,BMW X7,South,131463.85,2
S00019,BMWV00948,D066,C0800,2026-08-01,BMW i4,West,139670.87,3
S00020,BMWV00594,D023,C0749,2026-04-14,BMW 2 Series,East,49763.9,2
S00020,BMWV00675,D077,C0621,2026-06-22,BMW 2 Series,East,72012.03,2
S00022,BMWV00430,D078,C0938,2025-12-10,BMW iX,North,122673.09,2
S00023,BMWV00409,D044,C0994,2024-10-28,BMW 3 Series,West,87077.26,1
S00024,BMWV00143,D053,C0617,2025-12-17,BMW 3 Series,West,136940.24,3
S00025,BMWV00308,D090,C0561,2026-05-31,BMW X5,East,71099.74,3
S00026,BMWV00959,D071,C0648,2024-08-10,BMW X5,South,58102.24,3
S00027,BMWV00733,D038,C0704,2024-12-19,BMW X5,North,140937.05,1
S00028,BMWV00729,D084,C0999,2024-07-01,BMW 3 Series,North,92947.75,3
S00029,BMWV00654,D042,C0728,2024-04-28,BMW 5 Series,North,122489.13,3
S00030,BMWV00493,D075,C0585,2026-08-23,BMW 5 Series,East,111723.08,2
S00031,BMWV00692,D096,C0916,2026-05-11,BMW iX,East,96398.82,2
S00032,BMWV00829,D002,C0536,2024-04-19,BMW i4,South,37906.3,1
S00033,BMWV00056,D086,C0058,2024-07-23,BMW iX,East,65702.5,1
S00034,BMWV00295,D088,C0257,2024-05-29,BMW 5 Series,West,131528.91,3
S00035,BMWV00805,D038,C0209,2026-02-10,BMW iX,North,97234.79,2
S00036,BMWV00835,D058,C0105,2025-09-22,BMW i4,North,134824.07,3
S00037,BMWV00577,D029,C0761,2025-10-24,BMW 3 Series,North,99546.11,1
S00038,BMWV00525,D090,C0295,2025-12-10,BMW 3 Series,East,111416.76,2
S00039,BMWV00398,D054,C0980,2026-03-18,BMW i4,West,147219.61,2
S00040,BMWV00991,D071,C0056,2024-01-14,BMW 7 Series,South,120522.05,1
S00041,,D100,C0882,2026-06-10,BMW 2 Series,South,85952.34,1
S00042,BMWV00935,D082,C0722,2025-12-27,BMW 2 Series,West,109477.72,3
S00043,BMWV00561,D095,C0618,2024-07-20,BMW X7,South,124256.88,1
S00044,BMWV00303,D058,C0182,2025-11-30,BMW X7,North,43563.93,1
S00045,BMWV00754,D066,C0123,2025-01-21,BMW 3 Series,West,39672.94,2
S00046,BMWV00571,D034,C0134,2024-06-13,BMW X3,West,102158.4,2
S00047,BMWV00006,D043,C0478,2025-12-27,BMW i4,West,142811.86,1
S00048,BMWV00159,D042,C0612,2024-02-22,BMW iX,North,123971.01,3
S00049,BMWV00632,D085,C0309,2025-05-17,BMW X3,North,125839.44,3
S00050,BMWV00368,D010,C0803,2025-12-25,BMW 5 Series,East,71553.79,1
S00051,BMWV00981,D024,C0534,2024-03-10,BMW X1,East,125419.7,1
S00052,BMWV00427,D070,C0550,2025-02-17,BMW X3,South,45573.74,1
S00053,BMWV00906,D028,C0680,2024-12-05,BMW 2 Series,South,73072.65,2
S00054,BMWV00225,D097,C0634,2025-06-27,BMW 5 Series,South,89608.58,3
S00055,BMWV00845,D097,C0665,2024-01-10,BMW 3 Series,South,48193.02,2
S00056,BMWV00458,D031,C0927,2025-10-19,BMW X7,West,105575.63,3
S00057,BMWV00251,D006,C0699,2026-06-25,BMW 2 Series,West,71907.76,1
S00058,BMWV00397,D033,C0554,2026-01-11,BMW iX,East,67525.33,3
S00059,BMWV00843,D099,C0384,2025-06-10,BMW 7 Series,South,127323.92,2
S00060,BMWV00500,D006,C0304,2026-07-08,BMW 7 Series,West,109925.74,2
S00061,BMWV00528,D010,C0971,2024-04-08,BMW i4,North,-5000,3
S00062,BMWV00548,D001,C0642,2024-03-08,BMW X3,North,59239.87,3
S00063,BMWV00794,D028,C0886,2025-12-02,BMW 5 Series,South,83784.09,1
S00064,BMWV00212,D069,C0849,2025-12-20,BMW X3,East,136043.28,3
S00065,BMWV00795,D056,C0663,2026-04-16,BMW 3 Series,North,143071.38,3
S00066,BMWV00704,D020,C0025,2025-04-15,BMW X5,South,117439.85,1
S00067,BMWV00091,D010,C0056,2024-07-01,BMW X7,East,126334.7,3
S00068,BMWV00074,D074,C0842,2024-08-21,BMW iX,North,139763.46,2
S00069,BMWV00399,D058,C0646,2025-02-18,BMW 7 Series,North,84797.88,1
S00070,BMWV00400,D087,C0122,2025-07-01,BMW X7,South,35678.38,3
S00071,BMWV00635,D009,C0775,2026-02-02,BMW X5,East,102344.92,3
S00072,BMWV00870,D010,C0367,2026-08-08,BMW X7,East,92826.25,2
S00073,BMWV00807,D088,C0309,2025-09-13,BMW i4,West,44948.1,2
S00074,BMWV00392,D051,C0842,2025-11-07,BMW X1,East,38544.2,1
S00075,BMWV00548,D029,C0140,2026-02-03,BMW X3,North,79964.15,3
S00076,BMWV00304,D082,C0148,2024-11-01,BMW i4,West,112888.24,3
S00077,BMWV00665,D048,C0981,2026-08-30,BMW X1,North,36282.27,3
S00078,BMWV00146,D016,C0043,2024-01-06,BMW 7 Series,East,100862.64,2
S00079,BMWV00552,D071,C0970,2024-03-28,BMW X3,South,70039.48,3
S00080,BMWV00761,D093,C0353,2024-08-04,BMW 5 Series,North,82455.27,3
S00081,BMWV00873,D066,C0146,not-a-date,BMW 5 Series,West,56159.16,3
S00082,BMWV00856,D033,C0199,2024-04-27,BMW 5 Series,East,55856.17,3
S00083,BMWV00874,D007,C0872,2026-02-08,BMW X1,North,142222.53,3
S00084,BMWV00474,D083,C0563,2024-03-15,BMW X7,North,68425.06,1
S00085,BMWV00258,D013,C0203,2026-01-13,BMW 7 Series,East,101768.5,2
S00086,BMWV00367,D017,C0688,2025-11-02,BMW X7,South,61971.28,2
S00087,BMWV00636,D009,C0922,2024-07-17,BMW i4,East,71545.38,2
S00088,BMWV00338,D079,C0676,2024-11-09,BMW X1,North,114747.68,1
S00089,BMWV00581,D073,C0374,2026-04-07,BMW 3 Series,South,71378.31,2
S00090,BMWV00174,D001,C0321,2024-09-09,BMW X1,North,125350.91,3
S00091,BMWV00759,D083,C0447,2024-10-10,BMW X7,North,131612.66,1
S00092,BMWV00697,D094,C0340,2026-06-17,BMW iX,South,90194.71,2
S00093,BMWV00369,D100,C0313,2025-05-13,BMW X5,South,98442.26,1
S00094,BMWV00663,D078,C0084,2026-05-11,BMW X1,North,67270.83,1
S00095,BMWV00914,D069,C0202,2024-09-26,BMW X5,East,119357.63,3
S00096,BMWV00080,D094,C0078,2026-07-02,BMW X3,South,37142.48,3
S00097,BMWV00648,D004,C0833,2025-08-18,BMW X7,North,101573.59,3
S00098,BMWV00219,D005,C0565,2024-09-23,BMW i4,North,97498.97,3
S00099,BMWV00485,D084,C0794,2024-06-01,BMW i4,North,77069.14,1
S00100,BMWV00914,D099,C0604,2026-01-20,BMW X5,South,133573.88,1
S00101,BMWV00477,D065,C0523,2024-04-02,BMW 2 Series,West,80630.29,3
S00102,BMWV00011,D085,C0245,2026-05-18,BMW i4,North,145860.03,3
S00103,BMWV00702,D022,C0776,2025-06-10,BMW 7 Series,North,51142.63,1
S00104,BMWV00185,D073,C0972,2025-08-02,BMW 3 Series,South,110832.53,1
S00105,BMWV00755,D094,C0496,2026-08-19,BMW i4,South,76261.49,1
S00106,BMWV00781,D063,C0238,2024-03-05,BMW 5 Series,South,65401.07,1
S00107,BMWV00044,D086,C0212,2025-06-14,BMW X3,East,139388.5,2
S00108,BMWV00399,D061,C0940,2025-04-10,BMW 7 Series,West,136378.48,1
S00109,BMWV00666,D042,C0106,2025-12-21,BMW X1,North,146370.76,3
S00110,BMWV00851,D036,C0855,2026-01-29,BMW i4,North,65281.35,3
S00111,BMWV00585,D023,C0386,2025-10-31,BMW X5,East,78529.63,3
S00112,BMWV00671,D010,C0530,2024-09-14,BMW 7 Series,East,78277.81,1
S00113,BMWV00530,D052,C0362,2026-04-16,BMW X5,West,134787.73,2
S00114,BMWV00813,D062,C0909,2025-09-10,BMW X3,North,35758.73,1
S00115,BMWV00452,D022,C0236,2024-03-19,BMW 3 Series,North,94172.25,2
S00116,BMWV00218,D020,C0192,2024-06-10,BMW X7,South,76655.64,3
S00117,BMWV00838,D016,C0677,2024-08-23,BMW 3 Series,East,82680.57,2
S00118,BMWV00739,D015,C0494,2025-11-22,BMW 2 Series,North,90063.68,1
S00119,BMWV00606,D021,C0663,2026-05-03,BMW 5 Series,,82253.41,1
S00120,BMWV00045,D017,C0588,2025-08-29,BMW i4,South,53529.85,3
S00121,BMWV00526,D006,C0913,2025-08-09,BMW X7,West,51889.49,1
S00122,BMWV00266,D024,C0530,2025-02-19,BMW 2 Series,East,103926.12,3
S00123,BMWV00654,D003,C0900,2026-01-06,BMW 5 Series,North,118717.05,2
S00124,BMWV00971,D010,C0222,2025-04-04,BMW X1,North,104750.48,2
S00125,BMWV00890,D062,C0175,2024-08-12,BMW X1,North,130491.81,3
S00126,BMWV00148,D075,C0841,2026-02-24,BMW 7 Series,East,55916.68,3
S00127,BMWV00525,D034,C0172,2026-01-11,BMW 3 Series,West,113842.98,2
S00128,BMWV00612,D076,C0071,2024-08-23,BMW X3,East,78494.31,1
S00129,BMWV00113,D003,C0208,2025-06-19,BMW X3,North,133853.04,3
S00130,BMWV00702,D054,C0847,2024-06-02,BMW 7 Series,West,104633.77,1
S00131,BMWV00489,D079,C0615,2024-02-09,BMW i4,North,135941.55,3
S00132,BMWV00517,D097,C0121,2024-04-05,BMW iX,South,90457.71,1
S00133,BMWV00925,D078,C0553,2026-04-27,BMW 2 Series,North,35138.02,3
S00134,BMWV00666,D056,C0535,2025-03-06,BMW X1,North,77593.41,1
S00135,BMWV00716,D068,C0440,2024-08-22,BMW X1,North,142918.49,2
S00136,BMWV00810,D099,C0391,2024-12-24,BMW 2 Series,South,102740.53,3
S00137,BMWV00931,D098,C0858,2025-12-14,BMW 5 Series,West,101253.89,2
S00138,BMWV00139,D033,C0489,2026-02-23,BMW 3 Series,East,61738.98,1
S00139,BMWV00292,D077,C0898,2025-07-10,BMW 2 Series,East,81994.37,1
S00140,BMWV00006,D091,C0762,2026-03-19,BMW i4,South,35818.12,3
S00141,BMWV00122,D067,C0008,2025-01-19,BMW 3 Series,West,110272.8,3
S00142,BMWV00825,D041,C0419,2025-01-05,BMW X7,North,47257.07,2
S00143,BMWV00669,D075,C0260,2024-09-24,BMW X1,East,133322.35,2
S00144,BMWV00580,D047,C0627,2024-10-09,BMW X3,North,149056.85,2
S00145,BMWV00775,D027,C0424,2025-07-19,BMW X1,West,125135.67,2
S00146,BMWV00185,D048,C0573,2025-07-22,BMW 3 Series,North,90632.42,2
S00147,BMWV00593,D045,C0793,2025-12-23,BMW iX,South,80784.92,1
S00148,BMWV00877,D085,C0122,2026-02-04,BMW X7,North,61423.7,3
S00149,BMWV00974,D021,C0103,2024-08-07,BMW 2 Series,,93459.51,2
S00150,BMWV00822,D071,C0629,2025-12-14,BMW 2 Series,South,113724.91,1
S00151,BMWV00166,D050,C0988,2025-10-13,BMW 7 Series,North,35608.42,1
S00152,BMWV00845,D019,C0483,2026-08-06,BMW 3 Series,North,104028.23,1
S00153,BMWV00067,D034,C0228,2025-01-14,BMW 2 Series,West,44204.57,1
S00154,BMWV00743,D050,C0954,2025-02-14,BMW X1,North,105606.04,3
S00155,BMWV00295,D092,C0987,2025-09-03,BMW 5 Series,West,41608.25,1
S00156,BMWV00657,D064,C0450,2024-01-11,BMW i4,South,58196.33,3
S00157,BMWV00955,D067,C0293,2024-07-18,BMW X3,West,38865.08,3
S00158,BMWV00524,D067,C0716,2024-08-25,BMW 3 Series,West,105746.85,3
S00159,BMWV00037,D047,C0245,2025-11-01,BMW 7 Series,North,35033.04,1
S00160,BMWV00090,D036,C0799,2025-02-13,BMW X7,North,75609.68,2
S00161,BMWV00417,D076,C0206,2025-06-14,BMW i4,East,36767.15,3
S00162,BMWV00072,D012,C0563,2024-10-18,BMW 3 Series,West,118505.95,3
S00163,BMWV00938,D075,C0357,2024-12-21,BMW 3 Series,East,145778.08,2
S00164,BMWV00233,D078,C0987,2024-07-18,BMW X5,North,87297.29,2
S00165,BMWV00590,D001,C0268,2024-06-28,BMW 2 Series,North,81820.48,1
S00166,BMWV00574,D010,C0516,2024-10-28,BMW X3,East,74096.08,1
S00167,BMWV00824,D066,C0980,2024-09-20,BMW X1,West,135753.0,3
S00168,BMWV00258,D089,C0454,2025-01-21,BMW 7 Series,North,99764.39,1
S00169,BMWV00777,D044,C0985,2026-03-05,BMW X1,West,87767.57,2
S00170,BMWV00920,D076,C0883,2024-01-29,BMW X1,East,90426.57,2
S00171,BMWV00071,D049,C0649,2026-03-18,BMW X5,South,149332.77,3
S00172,BMWV00720,D030,C0820,2024-11-19,BMW 2 Series,West,82428.99,2
S00173,BMWV00530,D069,C0010,2025-12-18,BMW X5,East,130700.36,1
S00174,BMWV00296,D012,C0409,2025-11-20,BMW 2 Series,West,121110.64,2
S00175,BMWV00079,D071,C0954,2024-07-01,BMW X3,South,89803.88,2
S00176,BMWV00225,D074,C0276,2024-07-06,BMW 5 Series,North,143918.58,3
S00177,BMWV00954,D025,C0511,2026-01-24,BMW X1,West,57961.65,3
S00178,BMWV00249,D034,C0212,2024-08-22,BMW 7 Series,West,58318.15,1
S00179,BMWV00858,D080,C0365,2024-06-08,BMW X5,East,124577.93,1
S00180,BMWV00944,D010,C0693,2025-11-10,BMW 5 Series,North,91656.46,1
S00181,BMWV00784,D070,C0981,2024-02-13,BMW 7 Series,South,132521.22,2
S00182,BMWV00637,D041,C0505,2026-07-08,BMW 2 Series,North,148316.55,3
S00183,BMWV00891,D036,C0503,2024-07-06,BMW X5,North,148205.39,3
S00184,BMWV00288,D051,C0228,2026-02-07,BMW 2 Series,East,101316.5,1
S00185,BMWV00540,D055,C0490,2026-08-20,BMW X3,West,97188.31,3
S00186,BMWV00357,D051,C0882,2025-12-03,BMW 7 Series,East,124228.96,2
S00187,BMWV00125,D090,C0531,2025-04-16,BMW iX,East,71299.9,1
S00188,BMWV00013,D087,C0216,2025-01-23,BMW iX,South,101815.95,2
S00189,BMWV00372,D079,C0883,2024-09-22,BMW 7 Series,North,56522.53,2
S00190,BMWV00244,D035,C0483,2025-09-19,BMW X7,East,74456.09,1
S00191,BMWV00512,D055,C0216,2025-03-05,BMW 7 Series,West,115581.95,2
S00192,BMWV00375,D052,C0287,2025-04-06,BMW X7,West,55687.26,1
S00193,BMWV00591,D088,C0235,2026-04-13,BMW 3 Series,West,46485.02,2
S00194,BMWV00825,D031,C0569,2025-03-18,BMW X7,West,133475.5,1
S00195,BMWV00151,D095,C0154,2025-04-29,BMW X5,South,127651.86,1
S00196,BMWV00433,D064,C0138,2026-07-03,BMW X7,South,132679.84,3
S00197,BMWV00548,D093,C0324,2026-03-15,BMW X3,North,90961.32,2
S00198,BMWV00577,D073,C0049,2025-02-11,BMW 3 Series,South,46382.1,1
S00199,BMWV00063,D028,C0834,2024-09-17,BMW X3,South,89802.03,3
S00200,BMWV00100,D058,C0763,2024-12-08,BMW 3 Series,North,64873.45,2
S00201,BMWV00575,D072,C0955,2026-04-09,BMW 3 Series,South,64637.2,1
S00202,BMWV00423,D016,C0360,2026-06-07,BMW 2 Series,East,113152.37,3
S00203,BMWV00205,D074,C0590,2025-10-27,BMW X1,North,109650.06,1
S00204,BMWV00801,D037,C0364,2024-11-28,BMW X1,South,112417.18,2
S00205,BMWV00795,D095,C0458,2026-06-29,BMW 3 Series,South,44016.86,3
S00206,BMWV00295,D060,C0647,2024-05-28,BMW 5 Series,West,134849.63,3
S00207,BMWV00829,D044,C0432,2025-10-08,BMW i4,West,105415.67,2
S00208,BMWV00871,D010,C0082,2024-06-14,BMW 7 Series,East,74516.93,2
S00209,BMWV00326,D084,C0299,2025-12-28,BMW X5,North,65759.32,3
S00210,BMWV00406,D035,C0909,2025-03-31,BMW X5,East,124812.01,2
S00211,BMWV00767,D076,C0534,2025-04-06,BMW iX,East,82608.74,1
S00212,BMWV00876,D003,C0129,2026-01-15,BMW iX,North,61982.13,2
S00213,BMWV00965,D096,C0718,2026-02-06,BMW 5 Series,East,44207.44,1
S00214,BMWV00408,D014,C0098,2024-03-06,BMW 2 Series,North,142731.27,2
S00215,BMWV00563,D007,C0027,2026-02-28,BMW iX,North,80656.44,1
S00216,BMWV00108,D034,C0633,2024-06-08,BMW X3,West,44695.8,2
S00217,BMWV00318,D030,C0254,2026-01-25,BMW X7,West,67680.16,3
S00218,BMWV00131,D017,C0540,2026-05-08,BMW X1,South,54619.92,1
S00219,BMWV00681,D046,C0882,2026-07-26,BMW 5 Series,East,72398.15,2
S00220,BMWV00480,D070,C0958,2024-10-05,BMW 3 Series,South,98082.71,1
S00221,BMWV00994,D090,C0553,2024-06-30,BMW i4,East,102945.56,2
S00222,BMWV00648,D096,C0652,2026-06-17,BMW X7,East,99858.22,3
S00223,BMWV00657,D082,C0547,2024-11-13,BMW i4,West,139526.16,2
S00224,BMWV00554,D030,C0825,2024-04-01,BMW 3 Series,West,85813.94,2
S00225,BMWV00424,D034,C0160,2024-11-06,BMW X1,West,36213.92,3
S00226,BMWV00836,D098,C0869,2024-05-19,BMW i4,West,74546.77,2
S00227,BMWV00549,D002,C0705,2026-08-02,BMW iX,South,91572.14,2
S00228,BMWV00308,D002,C0785,2025-03-16,BMW X5,South,126765.95,3
S00229,BMWV00238,D001,C0562,2025-01-17,BMW 7 Series,North,56685.66,3
S00230,BMWV00449,D051,C0256,2024-06-16,BMW 2 Series,East,117217.87,3
S00231,BMWV00401,D049,C0226,2024-09-26,BMW iX,South,44109.12,3
S00232,BMWV00247,D067,C0783,2026-03-30,BMW 2 Series,West,139644.76,3
S00233,BMWV00703,D035,C0292,2025-10-26,BMW X3,East,120436.59,2
S00234,BMWV00424,D025,C0874,2024-03-11,BMW X1,West,55976.83,2
S00235,BMWV00115,D082,C0467,2025-09-24,BMW 3 Series,West,87068.23,3
S00236,BMWV00639,D063,C0193,2024-11-24,BMW iX,South,37230.47,1
S00237,BMWV00994,D069,C0023,2024-07-09,BMW i4,East,146818.25,2
S00238,BMWV00277,D017,C0733,2025-03-24,BMW 3 Series,South,118617.31,1
S00239,BMWV00094,D020,C0016,2025-05-20,BMW 5 Series,South,59976.63,2
S00240,BMWV00321,D064,C0381,2025-04-19,BMW 2 Series,South,115147.5,1
S00241,BMWV00340,D010,C0864,2026-02-07,BMW X5,North,144439.06,1
S00242,BMWV00274,D100,C0402,2024-03-14,BMW 3 Series,South,97467.07,1
S00243,BMWV00198,D033,C0837,2025-01-25,BMW X5,East,130248.99,1
S00244,BMWV00999,D099,C0732,2024-09-11,BMW X3,South,79251.76,2
S00245,BMWV00255,D095,C0035,2024-07-22,BMW X1,South,87995.98,1
S00246,BMWV00535,D086,C0214,2025-04-29,BMW X1,East,79749.14,2
S00247,BMWV00960,D042,C0163,2025-10-06,BMW 3 Series,North,118747.26,3
S00248,BMWV00961,D071,C0534,2024-05-05,BMW 3 Series,South,64130.97,3
S00249,BMWV00307,D026,C0370,2026-06-27,BMW X7,East,40990.06,3
S00250,BMWV00225,D015,C0242,2025-10-10,BMW 5 Series,North,84928.59,1
S00251,BMWV00173,D036,C0599,2024-05-02,BMW iX,North,80517.95,1
S00252,BMWV00010,D006,C0596,2026-03-13,BMW 5 Series,West,114436.41,3
S00253,BMWV00612,D020,C0381,2026-02-28,BMW X3,South,45290.19,1
S00254,BMWV00513,D012,C0703,2025-09-25,BMW X1,West,73918.54,3
S00255,BMWV00063,D008,C0365,2025-10-22,BMW X3,East,52700.62,3
S00256,BMWV00812,D014,C0129,2025-05-14,BMW X3,North,61757.58,3
S00257,BMWV00809,D083,C0775,2024-12-21,BMW X5,North,127635.42,2
S00258,BMWV00752,D025,C0022,2025-12-06,BMW X1,West,78443.43,3
S00259,BMWV00139,D033,C0921,2024-02-10,BMW 3 Series,East,90809.75,2
S00260,BMWV00574,D038,C0556,2025-12-14,BMW X3,North,91360.58,3
S00261,BMWV00193,D070,C0357,2024-11-27,BMW i4,South,119226.28,2
S00262,BMWV00890,D077,C0937,2026-05-31,BMW X1,East,98769.84,1
S00263,BMWV00545,D020,C0461,2024-10-29,BMW X3,South,129233.13,3
S00264,BMWV00377,D059,C0001,2026-03-05,BMW X1,West,108373.0,2
S00265,BMWV00753,D024,C0905,2024-01-20,BMW 5 Series,East,106269.48,2
S00266,BMWV00796,D080,C0245,2024-11-24,BMW 7 Series,East,117915.41,3
S00267,BMWV00992,D069,C0839,2025-01-31,BMW 3 Series,East,56834.99,3
S00268,BMWV00511,D099,C0565,2024-06-06,BMW 5 Series,South,105499.51,2
S00269,BMWV00421,D083,C0330,2024-04-23,BMW 3 Series,North,46069.47,3
S00270,BMWV00070,D006,C0856,2026-08-18,BMW X3,West,49924.04,1
S00271,BMWV00208,D014,C0498,2024-07-15,BMW i4,North,46356.66,3
S00272,BMWV00659,D050,C0674,2025-05-16,BMW i4,North,95469.46,3
S00273,BMWV00606,D033,C0051,2025-01-10,BMW 5 Series,East,60383.12,3
S00274,BMWV00074,D002,C0953,2026-08-01,BMW iX,South,59004.88,2
S00275,BMWV00952,D010,C0480,2026-03-31,BMW 5 Series,North,108475.42,2
S00276,BMWV00573,D096,C0961,2026-06-30,BMW iX,East,82834.62,2
S00277,BMWV00815,D091,C0060,2026-04-23,BMW X1,South,105947.33,3
S00278,BMWV00042,D094,C0073,2026-05-04,BMW 5 Series,South,69949.02,1
S00279,BMWV00985,D067,C0100,2024-04-13,BMW iX,West,118394.77,3
S00280,BMWV00396,D025,C0198,2025-06-22,BMW X5,West,110540.8,3
S00281,BMWV00642,D023,C0572,2026-02-06,BMW 7 Series,East,99186.28,3
S00282,BMWV00110,D099,C0654,2025-08-13,BMW iX,South,76165.79,2
S00283,BMWV00721,D086,C0438,2026-06-23,BMW iX,East,46971.78,1
S00284,BMWV00565,D052,C0517,2024-12-11,BMW 7 Series,West,110616.17,3
S00285,BMWV00616,D057,C0956,2024-12-26,BMW 7 Series,North,138785.77,3
S00286,BMWV00334,D048,C0423,2026-02-21,BMW i4,North,107822.69,3
S00287,BMWV00333,D078,C0247,2025-07-30,BMW iX,North,97747.02,2
S00288,BMWV00786,D071,C0949,2026-02-01,BMW 2 Series,South,64220.25,2
S00289,BMWV00460,D051,C0001,2026-01-13,BMW X3,East,38986.23,2
S00290,BMWV00612,D003,C0531,2024-05-18,BMW X3,North,149242.38,2
S00291,BMWV00007,D039,C0228,2024-08-07,BMW i4,North,133407.85,1
S00292,BMWV00792,D089,C0843,2024-10-09,BMW 3 Series,North,140697.89,3
S00293,BMWV00571,D074,C0949,2025-08-08,BMW X3,North,52792.2,1
S00294,BMWV00473,D046,C0160,2024-05-21,BMW 5 Series,East,65473.64,3
S00295,BMWV00257,D030,C0263,2026-04-10,BMW X7,West,69534.78,3
S00296,BMWV00411,D073,C0940,2024-08-10,BMW iX,South,119440.58,3
S00297,BMWV00334,D062,C0178,2025-05-14,BMW i4,North,129956.1,3
S00298,BMWV00721,D074,C0840,2026-07-18,BMW iX,North,45966.87,3
S00299,BMWV00309,D005,C0749,2026-04-07,BMW 5 Series,North,101272.63,1
S00300,BMWV00800,D008,C0944,2026-02-28,BMW iX,East,73454.81,2
S00301,BMWV00428,D016,C0891,2026-02-27,BMW 3 Series,East,61072.53,3
S00302,BMWV00871,D078,C0951,2024-01-12,BMW 7 Series,North,107897.02,3
S00303,BMWV00393,D007,C0313,2025-06-20,BMW X3,North,39735.96,3
S00304,BMWV00580,D020,C0335,2025-05-29,BMW X3,South,115243.4,1
S00305,BMWV00053,D087,C0750,2025-02-06,BMW iX,South,146669.63,3
S00306,BMWV00591,D065,C0093,2024-08-15,BMW 3 Series,West,84672.6,2
S00307,BMWV00153,D017,C0345,2024-03-25,BMW 2 Series,South,89723.29,3
S00308,BMWV00052,D071,C0409,2024-09-25,BMW 3 Series,South,44784.08,3
S00309,BMWV00446,D100,C0715,2024-05-13,BMW i4,South,122633.79,2
S00310,BMWV00574,D026,C0500,2025-02-08,BMW X3,East,110008.57,1
S00311,BMWV00576,D079,C0754,2025-06-20,BMW iX,North,63318.27,1
S00312,BMWV00274,D100,C0441,2024-11-27,BMW 3 Series,South,113744.87,3
S00313,BMWV00093,D015,C0688,2025-02-27,BMW X3,North,83707.17,2
S00314,BMWV00197,D042,C0353,2025-08-31,BMW i4,North,110372.13,2
S00315,BMWV00175,D045,C0632,2026-04-21,BMW X3,South,148868.31,2
S00316,BMWV00640,D019,C0452,2024-02-15,BMW i4,North,141284.52,1
S00317,BMWV00206,D088,C0383,2024-06-08,BMW 7 Series,West,122139.38,1
S00318,BMWV00117,D095,C0056,2024-09-05,BMW X3,South,144128.21,1
S00319,BMWV00891,D037,C0015,2024-12-17,BMW X5,South,114786.45,1
S00320,BMWV00314,D058,C0483,2024-01-24,BMW i4,North,73165.82,3
S00321,BMWV00552,D028,C0209,2025-07-13,BMW X3,South,95175.58,2
S00322,BMWV00563,D062,C0638,2026-01-17,BMW iX,North,149114.74,3
S00323,BMWV00717,D086,C0019,2025-01-20,BMW X1,East,102045.57,3
S00324,BMWV00541,D006,C0262,2024-06-23,BMW 5 Series,West,41912.66,1
S00325,BMWV00810,D090,C0633,2024-10-04,BMW 2 Series,East,41104.8,3
S00326,BMWV00969,D002,C0069,2025-02-01,BMW 2 Series,South,110942.87,3
S00327,BMWV00874,D085,C0369,2026-06-04,BMW X1,North,47407.51,2
S00328,BMWV00890,D084,C0396,2024-08-24,BMW X1,North,147676.18,3
S00329,BMWV00728,D013,C0926,2024-11-19,BMW 7 Series,East,90736.15,3
S00330,BMWV00546,D012,C0191,2024-07-22,BMW X3,West,92574.84,2
S00331,BMWV00576,D092,C0023,2024-02-10,BMW iX,West,63450.1,3
S00332,BMWV00314,D043,C0502,2025-02-06,BMW i4,West,120604.93,1
S00333,BMWV00357,D088,C0361,2024-12-29,BMW 7 Series,West,106901.56,1
S00334,BMWV00515,D036,C0832,2024-03-04,BMW 5 Series,North,106966.12,2
S00335,BMWV00913,D004,C0967,2025-07-22,BMW 7 Series,North,144148.39,1
S00336,BMWV00157,D044,C0919,2025-02-06,BMW iX,West,110547.15,1
S00337,BMWV00749,D049,C0534,2025-11-25,BMW 2 Series,South,105431.57,3
S00338,BMWV00704,D030,C0428,2024-09-03,BMW X5,West,100883.33,2
S00339,BMWV00995,D040,C0932,2025-09-11,BMW X3,East,72867.74,3
S00340,BMWV00136,D027,C0669,2024-05-21,BMW 3 Series,West,101818.53,3
S00341,BMWV00821,D026,C0884,2024-05-21,BMW X7,East,70534.82,3
S00342,BMWV00922,D068,C0932,2024-05-18,BMW X1,North,84457.39,1
S00343,BMWV00673,D073,C0940,2024-06-10,BMW X5,South,71512.06,3
S00344,BMWV00547,D093,C0122,2024-07-07,BMW X3,North,71523.72,1
S00345,BMWV00746,D004,C0784,2024-11-22,BMW i4,North,136215.17,2
S00346,BMWV00986,D053,C0311,2025-03-29,BMW X1,West,120745.12,3
S00347,BMWV00957,D095,C0281,2024-06-04,BMW 3 Series,South,124597.41,1
S00348,BMWV00136,D024,C0027,2026-02-19,BMW 3 Series,East,148384.89,3
S00349,BMWV00275,D078,C0581,2025-09-19,BMW 2 Series,North,61554.81,1
S00350,BMWV00238,D088,C0027,2025-01-02,BMW 7 Series,West,44139.67,2
S00351,BMWV00139,D065,C0867,2025-09-11,BMW 3 Series,West,88907.8,3
S00352,BMWV00384,D024,C0873,2025-01-31,BMW X1,East,91516.24,1
S00353,BMWV00169,D025,C0232,2024-02-03,BMW 5 Series,West,81987.75,1
S00354,BMWV00949,D035,C0974,2025-02-26,BMW 3 Series,East,60593.73,3
S00355,BMWV00209,D097,C0210,2024-03-08,BMW X1,South,55363.99,2
S00356,BMWV00889,D079,C0502,2025-12-05,BMW 7 Series,North,72363.0,2
S00357,BMWV00910,D032,C0438,2025-02-18,BMW X1,North,124264.69,3
S00358,BMWV00754,D049,C0738,2024-11-16,BMW 3 Series,South,80327.33,3
S00359,BMWV00587,D077,C0550,2025-06-21,BMW X1,East,108760.29,3
S00360,BMWV00807,D005,C0534,2024-04-21,BMW i4,North,86935.1,1
S00361,BMWV00900,D032,C0532,2025-07-04,BMW X7,North,80495.29,3
S00362,BMWV00041,D072,C0397,2025-06-12,BMW X5,South,122993.39,1
S00363,BMWV00196,D038,C0451,2025-02-11,BMW X3,North,136705.72,2
S00364,BMWV00474,D022,C0433,2024-10-28,BMW X7,North,105510.44,1
S00365,BMWV00708,D067,C0926,2024-05-25,BMW 5 Series,West,88311.58,3
S00366,BMWV00464,D012,C0740,2025-05-27,BMW 5 Series,West,48014.73,3
S00367,BMWV00962,D090,C0560,2024-05-18,BMW 7 Series,East,80202.67,2
S00368,BMWV00463,D004,C0184,2025-04-09,BMW X7,North,102886.28,3
S00369,BMWV00919,D026,C0904,2025-04-10,BMW X5,East,45370.66,2
S00370,BMWV00710,D084,C0929,2025-12-29,BMW 2 Series,North,126595.92,3
S00371,BMWV00752,D016,C0094,2024-04-26,BMW X1,East,116216.07,3
S00372,BMWV00373,D010,C0537,2025-12-25,BMW i4,North,79170.05,3
S00373,BMWV00628,D021,C0388,2025-07-17,BMW X1,,78769.81,1
S00374,BMWV00936,D043,C0580,2026-06-11,BMW X3,West,110845.99,1
S00375,BMWV00168,D019,C0184,2026-02-26,BMW 5 Series,North,116885.46,2
S00376,BMWV00317,D040,C0748,2026-02-26,BMW 5 Series,East,145511.1,2
S00377,BMWV00643,D024,C0121,2026-07-09,BMW 7 Series,East,50130.67,1
S00378,BMWV00004,D080,C0784,2024-09-16,BMW 7 Series,East,36403.89,2
S00379,BMWV00877,D064,C0557,2026-04-06,BMW X7,South,35661.31,2
S00380,BMWV00245,D028,C0603,2025-11-06,BMW 5 Series,South,89706.88,2
S00381,BMWV00454,D010,C0616,2025-09-06,BMW X7,North,35755.9,3
S00382,BMWV00286,D080,C0644,2025-07-24,BMW X1,East,129313.96,1
S00383,BMWV00052,D024,C0152,2024-02-26,BMW 3 Series,East,110126.84,1
S00384,BMWV00150,D005,C0684,2025-08-14,BMW 2 Series,North,131371.66,2
S00385,BMWV00341,D012,C0051,2024-04-21,BMW 2 Series,West,82950.05,1
S00386,BMWV00167,D087,C0292,2025-09-17,BMW 5 Series,South,111006.33,3
S00387,BMWV00611,D074,C0807,2025-07-29,BMW 7 Series,North,55403.22,2
S00388,BMWV00769,D075,C0369,2026-08-11,BMW 3 Series,East,39121.6,2
S00389,BMWV00332,D048,C0920,2025-01-23,BMW X3,North,129330.45,2
S00390,BMWV00865,D071,C0067,2024-10-26,BMW 5 Series,South,89143.94,1
S00391,BMWV00713,D036,C0338,2025-06-23,BMW 5 Series,North,82582.16,1
S00392,BMWV00714,D027,C0627,2024-02-29,BMW 5 Series,West,47569.76,3
S00393,BMWV00646,D068,C0090,2025-05-10,BMW X1,North,118268.53,3
S00394,BMWV00958,D091,C0295,2025-03-13,BMW i4,South,105017.13,2
S00395,BMWV00267,D068,C0589,2025-09-30,BMW X3,North,75693.13,1
S00396,BMWV00631,D073,C0509,2025-06-16,BMW 3 Series,South,118856.25,2
S00397,BMWV00506,D024,C0905,2025-09-16,BMW X1,East,61762.99,2
S00398,BMWV00200,D001,C0122,2024-01-25,BMW iX,North,88461.85,1
S00399,BMWV00757,D027,C0819,2025-09-22,BMW i4,West,149883.51,2
S00400,BMWV00047,D043,C0359,2025-07-27,BMW 2 Series,West,127695.0,1
S00401,BMWV00012,D082,C0207,2025-12-07,BMW 2 Series,West,67387.07,1
S00402,BMWV00317,D039,C0519,2025-07-17,BMW 5 Series,North,72251.24,1
S00403,BMWV00118,D088,C0342,2024-12-15,BMW 7 Series,West,80545.67,3
S00404,BMWV00632,D004,C0853,2024-06-28,BMW X3,North,57311.79,2
S00405,BMWV00946,D087,C0491,2026-07-27,BMW iX,South,89567.55,1
S00406,BMWV00663,D018,C0494,2024-06-08,BMW X1,East,107128.06,3
S00407,BMWV00919,D043,C0474,2026-03-13,BMW X5,West,128629.16,3
S00408,BMWV00059,D067,C0307,2025-08-01,BMW iX,West,118370.88,2
S00409,BMWV00570,D069,C0020,2024-08-01,BMW 5 Series,East,101400.73,2
S00410,BMWV00820,D046,C0068,2024-06-01,BMW X3,East,67252.9,1
S00411,BMWV00349,D049,C0642,2025-07-01,BMW 5 Series,South,131876.66,3
S00412,BMWV00622,D050,C0192,2025-09-01,BMW iX,North,48437.13,2
S00413,BMWV00724,D041,C0727,2024-02-02,BMW 3 Series,North,66222.2,1
S00414,BMWV00510,D031,C0381,2025-04-07,BMW 5 Series,West,130387.61,2
S00415,BMWV00223,D068,C0310,2024-06-28,BMW i4,North,47906.6,1
S00416,BMWV00798,D026,C0936,2024-04-04,BMW X1,East,86034.02,1
S00417,BMWV00820,D062,C0927,2025-05-27,BMW X3,North,52718.94,2
S00418,BMWV00947,D062,C0751,2026-06-13,BMW X3,North,95217.22,2
S00419,BMWV00148,D099,C0893,2024-04-10,BMW 7 Series,South,129545.93,3
S00420,BMWV00694,D017,C0211,2026-01-11,BMW i4,South,39203.54,2
S00421,BMWV00732,D067,C0119,2024-01-05,BMW 5 Series,West,70762.85,1
S00422,BMWV00705,D077,C0893,2024-03-30,BMW i4,East,73328.32,1
S00423,BMWV00107,D067,C0785,2025-11-05,BMW X1,West,120738.79,1
S00424,BMWV00593,D098,C0320,2025-10-16,BMW iX,West,137595.59,2
S00425,BMWV00207,D025,C0294,2024-10-10,BMW X7,West,96211.72,2
S00426,BMWV00689,D016,C0280,2024-06-01,BMW X1,East,53112.04,1
S00427,BMWV00016,D080,C0574,2025-06-10,BMW X7,East,46773.16,3
S00428,BMWV00360,D071,C0327,2024-10-04,BMW 3 Series,South,51279.04,3
S00429,BMWV00825,D037,C0588,2024-09-07,BMW X7,South,54696.62,2
S00430,BMWV00629,D044,C0554,2025-03-30,BMW 5 Series,West,40833.51,1
S00431,BMWV00484,D087,C0052,2024-04-18,BMW X5,South,79113.96,1
S00432,BMWV00438,D051,C0184,2025-12-22,BMW X7,East,103553.96,3
S00433,BMWV00646,D089,C0717,2025-04-01,BMW X1,North,105876.26,2
S00434,BMWV00342,D026,C0731,2026-02-15,BMW X5,East,112150.08,3
S00435,BMWV00082,D097,C0783,2025-04-21,BMW 7 Series,South,100295.77,1
S00436,BMWV00834,D090,C0480,2024-04-09,BMW 2 Series,East,87392.18,3
S00437,BMWV00661,D091,C0785,2025-04-21,BMW X1,South,89112.78,1
S00438,BMWV00149,D079,C0265,2026-07-23,BMW X7,North,76796.67,1
S00439,BMWV00718,D086,C0339,2026-03-18,BMW X1,East,133991.03,2
S00440,BMWV00466,D063,C0031,2024-03-07,BMW X5,South,89663.45,2
S00441,BMWV00492,D060,C0867,2024-06-23,BMW i4,West,67459.6,2
S00442,BMWV00620,D074,C0131,2025-06-04,BMW X5,North,46837.2,3
S00443,BMWV00817,D014,C0334,2025-07-23,BMW i4,North,109686.91,2
S00444,BMWV00547,D060,C0411,2025-08-27,BMW X3,West,82545.82,3
S00445,BMWV00251,D071,C0163,2025-05-08,BMW 2 Series,South,79138.89,2
S00446,BMWV00215,D089,C0606,2025-03-17,BMW 7 Series,North,125196.11,2
S00447,BMWV00582,D044,C0558,2025-12-11,BMW 2 Series,West,62157.75,3
S00448,BMWV00687,D010,C0758,2026-08-11,BMW 5 Series,East,116869.51,2
S00449,BMWV00119,D076,C0611,2025-04-19,BMW 2 Series,East,72418.48,1
S00450,BMWV00843,D057,C0181,2024-11-11,BMW 7 Series,North,144926.6,1
S00451,BMWV00614,D014,C0702,2026-04-13,BMW X1,North,103586.62,2
S00452,BMWV00337,D064,C0661,2025-11-07,BMW X1,South,42070.46,1
S00453,BMWV00838,D018,C0909,2025-08-17,BMW 3 Series,East,138874.44,3
S00454,BMWV00831,D001,C0776,2024-05-30,BMW X5,North,111001.36,2
S00455,BMWV00546,D038,C0400,2025-09-22,BMW X3,North,101462.11,1
S00456,BMWV00212,D088,C0899,2024-11-20,BMW X3,West,69469.56,3
S00457,BMWV00313,D056,C0736,2026-07-26,BMW X7,North,74590.43,1
S00458,BMWV00598,D002,C0627,2025-06-06,BMW i4,South,81482.7,1
S00459,BMWV00874,D038,C0064,2025-01-13,BMW X1,North,138623.7,1
S00460,BMWV00001,D091,C0574,2026-04-20,BMW i4,South,147550.07,1
S00461,BMWV00883,D037,C0887,2024-02-01,BMW 7 Series,South,62052.73,3
S00462,BMWV00606,D051,C0641,2024-11-21,BMW 5 Series,East,116853.97,2
S00463,BMWV00392,D056,C0559,2024-08-04,BMW X1,North,111186.07,2
S00464,BMWV00144,D025,C0569,2025-01-28,BMW X1,West,131982.68,2
S00465,BMWV00862,D054,C0158,2024-10-22,BMW 7 Series,West,149707.44,3
S00466,BMWV00130,D018,C0012,2024-03-14,BMW 7 Series,East,109564.76,1
S00467,BMWV00740,D063,C0674,2025-03-23,BMW iX,South,147122.13,1
S00468,BMWV00088,D018,C0658,2026-04-05,BMW X5,East,82823.38,2
S00469,BMWV00917,D090,C0619,2026-08-10,BMW 5 Series,East,83955.98,1
S00470,BMWV00467,D066,C0435,2025-07-19,BMW 7 Series,West,129308.21,2
S00471,BMWV00365,D029,C0191,2025-03-10,BMW 7 Series,North,104525.92,3
S00472,BMWV00512,D094,C0243,2025-12-30,BMW 7 Series,South,92698.81,2
S00473,BMWV00950,D070,C0591,2025-01-10,BMW i4,South,38848.12,1
S00474,BMWV00583,D062,C0722,2025-01-12,BMW i4,North,48013.9,2
S00475,BMWV00986,D089,C0082,2024-05-25,BMW X1,North,118971.33,3
S00476,BMWV00881,D097,C0798,2024-10-13,BMW 2 Series,South,88467.68,1
S00477,BMWV00537,D079,C0091,2024-09-08,BMW X5,North,89331.93,3
S00478,BMWV00681,D086,C0080,2025-12-01,BMW 5 Series,East,107874.08,3
S00479,BMWV00321,D079,C0055,2026-07-14,BMW 2 Series,North,74507.81,1
S00480,BMWV00482,D059,C0525,2026-07-16,BMW X7,West,88961.73,3
S00481,BMWV00341,D054,C0362,2026-03-28,BMW 2 Series,West,68881.06,1
S00482,BMWV00037,D089,C0946,2025-09-03,BMW 7 Series,North,121183.91,3
S00483,BMWV00805,D073,C0267,2024-03-03,BMW iX,South,107369.51,3
S00484,BMWV00175,D074,C0053,2025-11-03,BMW X3,North,148891.96,3
S00485,BMWV00641,D004,C0294,2025-05-11,BMW X3,North,44488.67,3
S00486,BMWV00080,D036,C0259,2024-05-15,BMW X3,North,105816.74,2
S00487,BMWV00880,D033,C0015,2026-01-29,BMW 2 Series,East,47828.18,1
S00488,BMWV00933,D076,C0757,2024-06-03,BMW X5,East,110802.9,2
S00489,BMWV00829,D023,C0268,2026-03-12,BMW i4,East,115589.11,2
S00490,BMWV00187,D068,C0883,2024-02-03,BMW i4,North,74427.52,1
S00491,BMWV00992,D019,C0610,2026-08-14,BMW 3 Series,North,129498.23,2
S00492,BMWV00772,D053,C0789,2025-01-27,BMW X5,West,62363.96,2
S00493,BMWV00745,D082,C0172,2024-08-03,BMW 7 Series,West,101442.1,2
S00494,BMWV00057,D083,C0271,2026-02-12,BMW 3 Series,North,129246.07,1
S00495,BMWV00173,D060,C0409,2025-05-02,BMW iX,West,69657.22,3
S00496,BMWV00973,D097,C0945,2025-06-29,BMW 3 Series,South,61871.05,3
S00497,BMWV00724,D050,C0486,2024-09-25,BMW 3 Series,North,51692.23,2
S00498,BMWV00013,D037,C0950,2026-03-27,BMW iX,South,86614.37,3
S00499,BMWV00325,D068,C0700,2024-02-12,BMW X3,North,46196.9,3
S00500,BMWV00654,D046,C0980,2026-05-14,BMW 5 Series,East,84655.38,3
S00501,BMWV00880,D035,C0344,2024-10-03,BMW 2 Series,East,65715.1,1
S00502,BMWV00263,D084,C0599,2025-02-04,BMW iX,North,88027.49,3
S00503,BMWV00769,D031,C0752,2025-11-19,BMW 3 Series,West,102703.29,1
S00504,BMWV00534,D044,C0694,2025-12-07,BMW i4,West,149219.71,2
S00505,BMWV00562,D002,C0689,2024-01-09,BMW 3 Series,South,130644.29,1
S00506,BMWV00423,D013,C0538,2024-04-16,BMW 2 Series,East,113832.45,2
S00507,BMWV00226,D093,C0291,2024-09-14,BMW 7 Series,North,57204.15,1
S00508,BMWV00636,D012,C0059,2026-08-19,BMW i4,West,103325.94,1
S00509,BMWV00975,D077,C0654,2024-05-04,BMW 5 Series,East,116428.64,1
S00510,BMWV00090,D078,C0134,2025-01-19,BMW X7,North,110485.38,3
S00511,BMWV00581,D024,C0918,2024-04-23,BMW 3 Series,East,115000.17,2
S00512,BMWV00303,D060,C0677,2026-08-16,BMW X7,West,43707.13,2
S00513,BMWV00946,D036,C0788,2025-03-13,BMW iX,North,114605.47,3
S00514,BMWV00790,D099,C0332,2024-09-20,BMW iX,South,53626.09,1
S00515,BMWV00285,D100,C0064,2025-01-26,BMW 5 Series,South,79687.9,1
S00516,BMWV00266,D034,C0183,2025-03-27,BMW 2 Series,West,42980.83,1
S00517,BMWV00626,D051,C0183,2025-10-22,BMW 5 Series,East,91586.59,1
S00518,BMWV00555,D099,C0442,2024-08-11,BMW X1,South,105606.12,1
S00519,BMWV00936,D057,C0733,2024-09-22,BMW X3,North,46878.02,1
S00520,BMWV00074,D074,C0746,2024-09-13,BMW iX,North,124382.27,1
S00521,BMWV00920,D064,C0153,2025-10-30,BMW X1,South,108638.56,1
S00522,BMWV00682,D050,C0273,2024-06-04,BMW i4,North,115506.35,2
S00523,BMWV00590,D001,C0528,2025-12-25,BMW 2 Series,North,143089.77,2
S00524,BMWV00491,D056,C0414,2026-05-14,BMW i4,North,118693.25,1
S00525,BMWV00555,D029,C0004,2025-01-28,BMW X1,North,144727.86,2
S00526,BMWV00126,D073,C0549,2026-08-15,BMW 5 Series,South,149034.16,2
S00527,BMWV00700,D039,C0411,2024-02-26,BMW 3 Series,North,107711.34,3
S00528,BMWV00094,D047,C0548,2026-05-23,BMW 5 Series,North,145506.44,1
S00529,BMWV00863,D059,C0779,2026-02-23,BMW 7 Series,West,68345.25,1
S00530,BMWV00182,D071,C0041,2025-01-28,BMW 5 Series,South,110984.42,2
S00531,BMWV00714,D050,C0918,2024-04-19,BMW 5 Series,North,107520.96,2
S00532,BMWV00500,D010,C0907,2025-10-09,BMW 7 Series,North,85368.13,1
S00533,BMWV00145,D005,C0198,2024-01-26,BMW iX,North,117769.99,3
S00534,BMWV00246,D063,C0399,2024-03-05,BMW iX,South,126165.0,3
S00535,BMWV00317,D064,C0547,2026-05-04,BMW 5 Series,South,128354.48,1
S00536,BMWV00038,D044,C0058,2024-12-11,BMW X5,West,125594.53,1
S00537,BMWV00417,D016,C0217,2026-04-06,BMW i4,East,110192.74,3
S00538,BMWV00471,D087,C0892,2026-06-14,BMW X7,South,96704.56,3
S00539,BMWV00595,D030,C0948,2024-03-14,BMW 2 Series,West,39240.93,1
S00540,BMWV00502,D084,C0020,2025-04-27,BMW X7,North,139325.57,3
S00541,BMWV00047,D032,C0719,2025-10-26,BMW 2 Series,North,50011.84,1
S00542,BMWV00649,D007,C0927,2024-11-10,BMW iX,North,129385.01,1
S00543,BMWV00469,D079,C0175,2026-05-05,BMW X5,North,102969.89,1
S00544,BMWV00118,D064,C0610,2026-03-29,BMW 7 Series,South,105797.28,1
S00545,BMWV00825,D026,C0437,2024-12-11,BMW X7,East,128324.92,3
S00546,BMWV00696,D052,C0333,2024-05-03,BMW i4,West,147223.13,3
S00547,BMWV00560,D018,C0330,2026-05-06,BMW X1,East,145939.62,1
S00548,BMWV00784,D006,C0608,2024-06-26,BMW 7 Series,West,73582.93,1
S00549,BMWV00282,D019,C0776,2025-03-01,BMW i4,North,54325.85,2
S00550,BMWV00568,D022,C0450,2024-09-06,BMW 3 Series,North,141452.69,1
S00551,BMWV00138,D013,C0811,2026-05-17,BMW X7,East,107702.38,2
S00552,BMWV00798,D021,C0017,2026-06-19,BMW X1,,91001.26,1
S00553,BMWV00008,D023,C0949,2024-04-01,BMW X7,East,116275.24,3
S00554,BMWV00910,D037,C0427,2025-12-11,BMW X1,South,127852.36,2
S00555,BMWV00710,D017,C0212,2024-05-26,BMW 2 Series,South,108579.96,3
S00556,BMWV00463,D053,C0245,2026-08-18,BMW X7,West,55073.13,3
S00557,BMWV00039,D077,C0185,2026-01-04,BMW 7 Series,East,92487.08,1
S00558,BMWV00644,D039,C0357,2025-03-04,BMW 3 Series,North,35525.55,1
S00559,BMWV00198,D016,C0543,2024-04-07,BMW X5,East,106175.91,3
S00560,BMWV00521,D029,C0476,2026-02-27,BMW X5,North,107043.39,1
S00561,BMWV00285,D007,C0199,2024-04-25,BMW 5 Series,North,126610.49,3
S00562,BMWV00866,D061,C0510,2024-06-29,BMW iX,West,53372.35,1
S00563,BMWV00057,D083,C0373,2024-10-18,BMW 3 Series,North,59102.82,2
S00564,BMWV00344,D079,C0825,2026-06-30,BMW 2 Series,North,122216.92,1
S00565,BMWV00108,D095,C0054,2026-08-05,BMW X3,South,96796.47,1
S00566,BMWV00806,D004,C0497,2025-06-11,BMW X7,North,48347.48,1
S00567,BMWV00740,D057,C0607,2025-08-16,BMW iX,North,72486.82,1
S00568,BMWV00767,D087,C0920,2024-11-29,BMW iX,South,61457.27,1
S00569,BMWV00335,D030,C0101,2024-08-30,BMW i4,West,119841.0,1
S00570,BMWV00386,D029,C0076,2025-04-27,BMW 7 Series,North,102285.61,1
S00571,BMWV00913,D056,C0149,2024-08-09,BMW 7 Series,North,141707.02,2
S00572,BMWV00184,D050,C0383,2024-05-19,BMW X5,North,87640.12,1
S00573,BMWV00649,D046,C0999,2024-10-03,BMW iX,East,58254.25,1
S00574,BMWV00033,D089,C0583,2024-03-02,BMW X7,North,67269.48,1
S00575,BMWV00874,D060,C0470,2025-03-04,BMW X1,West,54688.15,2
S00576,BMWV00227,D038,C0619,2024-06-09,BMW X7,North,125797.9,3
S00577,BMWV00977,D079,C0928,2024-06-23,BMW X5,North,101483.97,3
S00578,BMWV00877,D030,C0089,2025-02-25,BMW X7,West,133551.98,2
S00579,BMWV00884,D028,C0606,2025-04-29,BMW X1,South,131253.74,2
S00580,BMWV00015,D094,C0439,2026-01-23,BMW i4,South,135348.82,1
S00581,BMWV00337,D056,C0594,2024-08-15,BMW X1,North,137559.6,3
S00582,BMWV00970,D020,C0936,2025-08-10,BMW X3,South,138298.96,2
S00583,BMWV00046,D006,C0482,2026-01-21,BMW 3 Series,West,123389.73,1
S00584,BMWV00437,D068,C0404,2025-05-05,BMW i4,North,128117.4,3
S00585,BMWV00843,D013,C0464,2025-05-22,BMW 7 Series,East,62658.82,3
S00586,BMWV00773,D002,C0710,2026-01-19,BMW X7,South,81761.08,1
S00587,BMWV00137,D046,C0303,2024-09-01,BMW X5,East,109478.62,1
S00588,BMWV00017,D062,C0686,2024-11-08,BMW iX,North,53607.33,2
S00589,BMWV00880,D074,C0766,2025-08-20,BMW 2 Series,North,37807.55,2
S00590,BMWV00476,D099,C0142,2026-06-14,BMW i4,South,115860.51,1
S00591,BMWV00810,D048,C0642,2025-04-20,BMW 2 Series,North,115948.74,1
S00592,BMWV00883,D081,C0073,2025-01-29,BMW 7 Series,North,137744.96,2
S00593,BMWV00545,D005,C0304,2025-03-12,BMW X3,North,121582.12,3
S00594,BMWV00970,D079,C0556,2025-08-12,BMW X3,North,126365.06,3
S00595,BMWV00084,D080,C0902,2024-12-09,BMW 3 Series,East,119612.49,1
S00596,BMWV00529,D087,C0373,2026-06-28,BMW X5,South,40929.7,2
S00597,BMWV00376,D060,C0634,2024-02-11,BMW X1,West,77040.68,1
S00598,BMWV00665,D072,C0722,2024-03-09,BMW X1,South,99487.19,1
S00599,BMWV00143,D043,C0245,2025-07-06,BMW 3 Series,West,48059.13,2
S00600,BMWV00757,D097,C0595,2026-06-11,BMW i4,South,145296.93,1
S00601,BMWV00773,D096,C0780,2024-08-18,BMW X7,East,71853.34,2
S00602,BMWV00517,D088,C0434,2024-10-10,BMW iX,West,41262.9,2
S00603,BMWV00355,D058,C0498,2025-05-28,BMW 3 Series,North,95568.5,1
S00604,BMWV00483,D091,C0545,2025-11-25,BMW 5 Series,South,129918.59,2
S00605,BMWV00464,D080,C0377,2026-03-30,BMW 5 Series,East,112430.25,3
S00606,BMWV00830,D009,C0193,2026-07-02,BMW 2 Series,East,136657.58,1
S00607,BMWV00084,D051,C0920,2024-07-02,BMW 3 Series,East,68162.86,1
S00608,BMWV00113,D022,C0283,2024-04-24,BMW X3,North,115164.44,2
S00609,BMWV00156,D027,C0534,2025-10-04,BMW i4,West,37609.38,2
S00610,BMWV00994,D088,C0555,2026-08-12,BMW i4,West,50183.15,2
S00611,BMWV00432,D057,C0756,2025-10-22,BMW 3 Series,North,37470.46,1
S00612,BMWV00066,D003,C0893,2026-04-01,BMW X5,North,61717.73,3
S00613,BMWV00662,D043,C0422,2025-08-15,BMW X5,West,74421.14,3
S00614,BMWV00807,D042,C0498,2025-08-30,BMW i4,North,111573.36,3
S00615,BMWV00864,D071,C0456,2025-04-13,BMW 2 Series,South,69969.47,1
S00616,BMWV00921,D040,C0176,2026-03-19,BMW 2 Series,East,64900.86,2
S00617,BMWV00382,D037,C0789,2026-05-15,BMW i4,South,40441.68,2
S00618,BMWV00293,D059,C0980,2024-06-19,BMW 5 Series,West,106142.48,1
S00619,BMWV00730,D069,C0293,2024-07-05,BMW iX,East,146918.7,3
S00620,BMWV00711,D086,C0814,2024-06-06,BMW 3 Series,East,53544.29,1
S00621,BMWV00043,D041,C0589,2024-05-09,BMW iX,North,85702.19,2
S00622,BMWV00190,D027,C0576,2025-12-25,BMW 7 Series,West,38989.25,2
S00623,BMWV00354,D019,C0382,2025-04-04,BMW 5 Series,North,97084.66,1
S00624,BMWV00548,D039,C0125,2026-07-31,BMW X3,North,37866.4,2
S00625,BMWV00788,D019,C0971,2025-04-14,BMW iX,North,141698.3,1
S00626,BMWV00005,D095,C0560,2025-06-03,BMW X3,South,73097.27,3
S00627,BMWV00304,D061,C0918,2024-10-23,BMW i4,West,146504.64,3
S00628,BMWV00684,D019,C0819,2025-08-01,BMW 3 Series,North,118782.54,2
S00629,BMWV00348,D089,C0116,2026-01-19,BMW i4,North,90082.84,1
S00630,BMWV00144,D087,C0565,2024-04-29,BMW X1,South,70429.45,2
S00631,BMWV00634,D029,C0457,2024-12-31,BMW iX,North,45635.33,1
S00632,BMWV00624,D083,C0200,2025-08-20,BMW X7,North,95539.89,2
S00633,BMWV00202,D003,C0086,2025-07-05,BMW X7,North,132686.91,3
S00634,BMWV00689,D012,C1000,2025-06-08,BMW X1,West,80358.72,2
S00635,BMWV00327,D078,C0620,2025-06-07,BMW X3,North,143491.25,3
S00636,BMWV00371,D051,C0152,2026-01-03,BMW 7 Series,East,133187.47,2
S00637,BMWV00397,D048,C0013,2024-10-18,BMW iX,North,74665.82,2
S00638,BMWV00458,D072,C0090,2024-08-08,BMW X7,South,118703.14,2
S00639,BMWV00761,D054,C0823,2025-03-29,BMW 5 Series,West,68192.91,3
S00640,BMWV00995,D055,C0747,2026-07-06,BMW X3,West,82632.29,3
S00641,BMWV00614,D012,C0148,2024-07-31,BMW X1,West,69871.58,3
S00642,BMWV00345,D009,C0956,2025-08-27,BMW 7 Series,East,121953.12,1
S00643,BMWV00007,D053,C0655,2026-07-25,BMW i4,West,66432.82,1
S00644,BMWV00571,D060,C0728,2025-08-04,BMW X3,West,121853.03,1
S00645,BMWV00206,D024,C0853,2025-01-25,BMW 7 Series,East,68288.26,2
S00646,BMWV00044,D039,C0855,2025-08-22,BMW X3,North,69950.15,3
S00647,BMWV00759,D060,C0230,2024-01-28,BMW X7,West,125990.25,1
S00648,BMWV00270,D039,C0979,2025-10-17,BMW 3 Series,North,130937.95,2
S00649,BMWV00129,D084,C0682,2026-07-03,BMW X5,North,68084.24,1
S00650,BMWV00505,D089,C0661,2024-09-07,BMW X7,North,38270.9,2
S00651,BMWV00506,D009,C0614,2026-02-02,BMW X1,East,76602.34,2
S00652,BMWV00581,D056,C0890,2024-09-21,BMW 3 Series,North,107219.55,2
S00653,BMWV00999,D089,C0838,2024-05-02,BMW X3,North,77918.25,3
S00654,BMWV00591,D003,C0866,2024-09-22,BMW 3 Series,North,53727.43,1
S00655,BMWV00151,D041,C0473,2026-06-18,BMW X5,North,114727.55,2
S00656,BMWV00169,D007,C0280,2025-01-04,BMW 5 Series,North,83244.11,2
S00657,BMWV00050,D038,C0299,2025-06-26,BMW X7,North,108478.85,1
S00658,BMWV00528,D025,C0785,2025-10-05,BMW i4,West,56073.46,1
S00659,BMWV00615,D097,C0172,2025-07-10,BMW i4,South,72099.79,2
S00660,BMWV00848,D088,C0820,2024-11-04,BMW 5 Series,West,66217.78,3
S00661,BMWV00706,D047,C0099,2025-07-01,BMW X1,North,101705.36,1
S00662,BMWV00014,D018,C0531,2024-10-15,BMW iX,East,77896.63,2
S00663,BMWV00423,D044,C0944,2026-07-21,BMW 2 Series,West,53748.35,1
S00664,BMWV00160,D065,C0227,2026-05-01,BMW 3 Series,West,56667.93,3
S00665,BMWV00630,D089,C0852,2025-06-22,BMW iX,North,132298.02,3
S00666,BMWV00566,D090,C0775,2026-04-01,BMW 2 Series,East,48106.17,2
S00667,BMWV00940,D010,C0120,2026-04-18,BMW i4,East,50091.7,1
S00668,BMWV00493,D045,C0320,2025-12-08,BMW 5 Series,South,76695.39,2
S00669,BMWV00913,D077,C0536,2026-02-20,BMW 7 Series,East,146562.82,1
S00670,BMWV00728,D039,C0030,2026-02-01,BMW 7 Series,North,128676.02,1
S00671,BMWV00133,D089,C0146,2025-12-05,BMW iX,North,61056.06,1
S00672,BMWV00216,D017,C0081,2025-03-11,BMW 2 Series,South,114444.09,1
S00673,BMWV00081,D003,C0794,2025-05-10,BMW 3 Series,North,122093.41,1
S00674,BMWV00203,D014,C0034,2026-03-23,BMW 5 Series,North,110875.72,3
S00675,BMWV00062,D061,C0122,2026-07-19,BMW 5 Series,West,64096.43,1
S00676,BMWV00310,D086,C0011,2026-02-11,BMW X5,East,46097.91,1
S00677,BMWV00944,D078,C0211,2025-08-24,BMW 5 Series,North,138635.11,1
S00678,BMWV00688,D045,C0030,2024-04-02,BMW X5,South,51739.05,3
S00679,BMWV00966,D036,C0972,2025-08-16,BMW 2 Series,North,75001.2,1
S00680,BMWV00877,D065,C0800,2026-01-16,BMW X7,West,105489.99,3
S00681,BMWV00585,D009,C0102,2026-04-19,BMW X5,East,101485.37,1
S00682,BMWV00543,D028,C0733,2024-07-15,BMW X5,South,145890.34,1
S00683,BMWV00925,D097,C0551,2024-01-05,BMW 2 Series,South,146961.69,1
S00684,BMWV00948,D028,C0943,2025-05-31,BMW i4,South,132899.13,2
S00685,BMWV00377,D090,C0604,2024-07-08,BMW X1,East,85561.57,1
S00686,BMWV00187,D046,C0389,2025-03-10,BMW i4,East,59641.51,1
S00687,BMWV00419,D015,C0780,2024-11-17,BMW X3,North,49215.77,1
S00688,BMWV00534,D018,C0508,2026-02-19,BMW i4,East,76543.8,2
S00689,BMWV00572,D093,C0042,2024-03-25,BMW X5,North,72733.27,1
S00690,BMWV00396,D037,C0468,2025-09-06,BMW X5,South,119660.06,3
S00691,BMWV00863,D057,C0232,2025-07-21,BMW 7 Series,North,81837.46,2
S00692,BMWV00195,D009,C0917,2026-05-11,BMW 5 Series,East,127280.19,3
S00693,BMWV00378,D023,C0014,2025-11-21,BMW i4,East,91539.56,1
S00694,BMWV00407,D057,C0536,2025-11-05,BMW X1,North,112799.65,1
S00695,BMWV00148,D051,C0411,2025-12-12,BMW 7 Series,East,102914.08,1
S00696,BMWV00761,D022,C0067,2025-01-07,BMW 5 Series,North,147148.86,2
S00697,BMWV00207,D077,C0865,2025-02-17,BMW X7,East,49117.65,2
S00698,BMWV00744,D064,C0286,2026-02-22,BMW X1,South,117051.79,3
S00699,BMWV00609,D035,C0775,2026-03-19,BMW 7 Series,East,127113.19,2
S00700,BMWV00366,D061,C0683,2025-09-09,BMW 7 Series,West,144265.96,2
S00701,BMWV00525,D036,C0151,2026-02-25,BMW 3 Series,North,87283.0,1
S00702,BMWV00258,D063,C0510,2024-08-24,BMW 7 Series,South,107262.67,1
S00703,BMWV00031,D013,C0756,2024-02-24,BMW X1,East,130485.93,2
S00704,BMWV00696,D004,C0996,2024-07-02,BMW i4,North,79002.79,3
S00705,BMWV00336,D020,C0311,2025-09-28,BMW 5 Series,South,106671.75,1
S00706,BMWV00678,D097,C0533,2026-02-24,BMW X7,South,91601.56,2
S00707,BMWV00208,D038,C0678,2025-05-24,BMW i4,North,91378.79,2
S00708,BMWV00557,D044,C0829,2026-05-30,BMW X7,West,97160.83,1
S00709,BMWV00977,D098,C0033,2025-03-16,BMW X5,West,136214.45,1
S00710,BMWV00394,D058,C0323,2026-05-23,BMW 3 Series,North,78278.7,2
S00711,BMWV00037,D005,C0182,2025-07-24,BMW 7 Series,North,110832.27,2
S00712,BMWV00907,D091,C0169,2025-05-18,BMW X3,South,84528.33,2
S00713,BMWV00734,D050,C0500,2026-02-21,BMW iX,North,47578.93,3
S00714,BMWV00504,D085,C0568,2025-12-02,BMW X3,North,97030.12,2
S00715,BMWV00489,D072,C0875,2024-06-09,BMW i4,South,93268.78,2
S00716,BMWV00271,D064,C0606,2025-01-21,BMW X1,South,105948.06,2
S00717,BMWV00786,D037,C0329,2024-03-03,BMW 2 Series,South,38236.9,1
S00718,BMWV00133,D047,C0358,2026-04-08,BMW iX,North,120336.57,1
S00719,BMWV00785,D081,C0350,2025-01-24,BMW X1,North,46195.26,2
S00720,BMWV00367,D053,C0360,2024-02-27,BMW X7,West,111042.6,1
S00721,BMWV00242,D083,C0320,2025-08-29,BMW 5 Series,North,44768.3,3
S00722,BMWV00069,D040,C0118,2024-12-11,BMW 2 Series,East,54524.61,3
S00723,BMWV00335,D005,C0472,2025-11-04,BMW i4,North,134287.38,3
S00724,BMWV00529,D054,C0274,2024-01-21,BMW X5,West,115035.22,3
S00725,BMWV00023,D041,C0387,2025-08-07,BMW 7 Series,North,79884.59,3
S00726,BMWV00102,D063,C0103,2025-12-08,BMW 3 Series,South,112637.8,2
S00727,BMWV00510,D065,C0831,2026-02-22,BMW 5 Series,West,111749.57,1
S00728,BMWV00631,D039,C0373,2025-03-22,BMW 3 Series,North,58202.24,3
S00729,BMWV00869,D010,C0861,2026-05-20,BMW X5,East,96620.91,2
S00730,BMWV00273,D007,C0305,2025-08-10,BMW iX,North,81233.15,1
S00731,BMWV00641,D096,C0981,2024-04-04,BMW X3,East,117536.29,3
S00732,BMWV00099,D076,C0345,2024-10-06,BMW X7,East,42736.02,3
S00733,BMWV00488,D055,C0215,2024-12-21,BMW 5 Series,West,126499.95,3
S00734,BMWV00845,D039,C0517,2026-04-03,BMW 3 Series,North,69489.54,3
S00735,BMWV00554,D041,C0205,2025-02-28,BMW 3 Series,North,81264.61,3
S00736,BMWV00529,D059,C0688,2026-02-20,BMW X5,West,97969.69,1
S00737,BMWV00644,D091,C0529,2026-06-02,BMW 3 Series,South,56451.98,2
S00738,BMWV00220,D085,C0986,2026-04-23,BMW X1,North,120353.92,2
S00739,BMWV00276,D082,C0546,2026-04-08,BMW iX,West,105658.56,2
S00740,BMWV00959,D073,C0745,2025-10-03,BMW X5,South,41886.39,1
S00741,BMWV00375,D060,C0152,2024-09-03,BMW X7,West,52304.36,3
S00742,BMWV00785,D039,C0865,2025-03-21,BMW X1,North,82179.93,1
S00743,BMWV00651,D027,C0867,2025-02-26,BMW X3,West,65697.5,2
S00744,BMWV00663,D021,C0263,2025-12-04,BMW X1,,104141.71,2
S00745,BMWV00246,D015,C0154,2024-07-15,BMW iX,North,38185.98,2
S00746,BMWV00477,D063,C0574,2025-03-22,BMW 2 Series,South,83532.2,1
S00747,BMWV00208,D021,C0280,2024-05-19,BMW i4,,38351.31,2
S00748,BMWV00676,D071,C0181,2025-10-21,BMW X7,South,133039.92,3
S00749,BMWV00499,D003,C0057,2026-05-30,BMW X3,North,138098.13,2
S00750,BMWV00618,D039,C0888,2024-03-06,BMW 2 Series,North,138566.11,2
S00751,BMWV00920,D047,C0688,2025-11-04,BMW X1,North,136857.73,2
S00752,BMWV00967,D093,C0863,2024-05-23,BMW 5 Series,North,62144.73,3
S00753,BMWV00754,D065,C0956,2024-05-03,BMW 3 Series,West,95025.12,3
S00754,BMWV00974,D100,C0954,2025-06-21,BMW 2 Series,South,63957.93,1
S00755,BMWV00245,D077,C0126,2026-03-02,BMW 5 Series,East,127769.03,2
S00756,BMWV00854,D075,C0755,2025-02-03,BMW 3 Series,East,127671.78,3
S00757,BMWV00243,D055,C0224,2024-05-27,BMW X1,West,47283.61,1
S00758,BMWV00995,D036,C0451,2025-02-22,BMW X3,North,64245.18,3
S00759,BMWV00059,D063,C0547,2025-01-18,BMW iX,South,115456.04,1
S00760,BMWV00326,D070,C0434,2025-05-01,BMW X5,South,113514.92,2
S00761,BMWV00902,D019,C0372,2025-05-01,BMW 2 Series,North,117302.19,2
S00762,BMWV00022,D083,C0991,2026-07-15,BMW iX,North,104668.69,3
S00763,BMWV00680,D007,C0708,2026-07-28,BMW X5,North,125712.31,1
S00764,BMWV00261,D071,C0394,2024-11-12,BMW X1,South,108479.14,3
S00765,BMWV00373,D088,C0125,2025-07-01,BMW i4,West,134699.59,2
S00766,BMWV00399,D002,C0932,2025-02-06,BMW 7 Series,South,141663.35,2
S00767,BMWV00310,D012,C0959,2026-04-22,BMW X5,West,122016.81,2
S00768,BMWV00217,D021,C0938,2025-03-25,BMW X3,,107605.56,3
S00769,BMWV00418,D005,C0281,2026-06-06,BMW X1,North,44210.87,2
S00770,BMWV00484,D095,C0423,2026-08-06,BMW X5,South,131733.8,3
S00771,BMWV00434,D013,C0845,2024-06-13,BMW X7,East,115325.45,3
S00772,BMWV00069,D046,C0431,2025-09-08,BMW 2 Series,East,118861.63,3
S00773,BMWV00757,D042,C0465,2025-12-12,BMW i4,North,38145.35,1
S00774,BMWV00658,D083,C0189,2025-10-07,BMW iX,North,85991.57,3
S00775,BMWV00141,D001,C0411,2024-07-23,BMW X3,North,107254.07,2
S00776,BMWV00591,D010,C0114,2024-06-10,BMW 3 Series,North,63704.41,3
S00777,BMWV00994,D099,C0851,2025-10-26,BMW i4,South,122763.71,3
S00778,BMWV00704,D053,C0812,2026-08-19,BMW X5,West,71730.9,2
S00779,BMWV00896,D095,C0137,2024-09-23,BMW X7,South,54950.09,3
S00780,BMWV00848,D042,C0819,2024-10-15,BMW 5 Series,North,57846.33,2
S00781,BMWV00378,D024,C0403,2026-06-16,BMW i4,East,78391.8,3
S00782,BMWV00231,D003,C0971,2024-01-24,BMW 7 Series,North,141157.92,3
S00783,BMWV00628,D081,C0235,2026-07-17,BMW X1,North,45232.31,2
S00784,BMWV00205,D034,C0719,2026-05-22,BMW X1,West,54406.93,2
S00785,BMWV00634,D055,C0615,2024-09-23,BMW iX,West,52163.89,2
S00786,BMWV00176,D073,C0121,2024-01-15,BMW 7 Series,South,117637.09,2
S00787,BMWV00793,D059,C0848,2025-11-20,BMW X3,West,91827.14,1
S00788,BMWV00732,D027,C0196,2026-08-26,BMW 5 Series,West,134122.72,2
S00789,BMWV00296,D096,C0507,2025-01-26,BMW 2 Series,East,49972.92,1
S00790,BMWV00616,D028,C0844,2024-10-16,BMW 7 Series,South,118571.43,1
S00791,BMWV00430,D024,C0419,2026-03-22,BMW iX,East,51783.43,2
S00792,BMWV00270,D031,C0633,2025-04-06,BMW 3 Series,West,139342.75,2
S00793,BMWV00598,D088,C0663,2025-04-14,BMW i4,West,44859.95,2
S00794,BMWV00138,D042,C0998,2025-12-10,BMW X7,North,80718.79,1
S00795,BMWV00732,D050,C0726,2025-03-09,BMW 5 Series,North,119651.97,2
S00796,BMWV00076,D013,C0571,2024-03-01,BMW X1,East,40992.95,1
S00797,BMWV00484,D046,C0621,2026-08-19,BMW X5,East,112141.03,3
S00798,BMWV00728,D096,C0830,2024-02-16,BMW 7 Series,East,35616.51,3
S00799,BMWV00636,D049,C0310,2025-02-08,BMW i4,South,112195.13,1
S00800,BMWV00993,D072,C0043,2025-08-17,BMW i4,South,55627.81,1
S00801,BMWV00517,D064,C0953,2024-12-13,BMW iX,South,135958.13,1
S00802,BMWV00093,D041,C0728,2025-06-27,BMW X3,North,84786.91,2
S00803,BMWV00121,D041,C0046,2024-05-10,BMW X1,North,92409.22,2
S00804,BMWV00767,D047,C0949,2025-03-16,BMW iX,North,67536.43,2
S00805,BMWV00629,D098,C0949,2024-09-27,BMW 5 Series,West,94451.86,2
S00806,BMWV00916,D022,C0324,2026-01-24,BMW 2 Series,North,149374.98,1
S00807,BMWV00571,D085,C0652,2026-03-28,BMW X3,North,85598.8,1
S00808,BMWV00154,D007,C0236,2024-07-06,BMW 7 Series,North,39124.16,2
S00809,BMWV00169,D091,C0479,2025-03-22,BMW 5 Series,South,48342.77,2
S00810,BMWV00042,D057,C0366,2025-12-27,BMW 5 Series,North,99498.27,2
S00811,BMWV00506,D015,C0867,2026-01-07,BMW X1,North,134691.12,1
S00812,BMWV00359,D012,C0209,2026-06-08,BMW X5,West,67673.39,1
S00813,BMWV00769,D066,C0843,2024-10-06,BMW 3 Series,West,99773.45,3
S00814,BMWV00601,D028,C0598,2024-01-05,BMW X1,South,95491.77,3
S00815,BMWV00186,D054,C0943,2024-03-19,BMW 7 Series,West,63308.11,2
S00816,BMWV00695,D013,C0909,2024-12-02,BMW 2 Series,East,37985.65,3
S00817,BMWV00698,D016,C0404,2025-01-17,BMW i4,East,102888.93,1
S00818,BMWV00859,D042,C0158,2024-01-30,BMW X5,North,44322.27,3
S00819,BMWV00677,D062,C0465,2025-10-05,BMW X7,North,144848.18,3
S00820,BMWV00675,D001,C0338,2024-02-14,BMW 2 Series,North,110459.87,2
S00821,BMWV00334,D094,C0752,2026-07-17,BMW i4,South,145101.32,3
S00822,BMWV00134,D028,C0884,2024-02-19,BMW 5 Series,South,127179.17,2
S00823,BMWV00332,D008,C0762,2024-03-13,BMW X3,East,97922.97,3
S00824,BMWV00392,D012,C0409,2024-09-18,BMW X1,West,55471.24,2
S00825,BMWV00093,D003,C0873,2024-08-01,BMW X3,North,53738.18,2
S00826,BMWV00293,D083,C0771,2025-10-31,BMW 5 Series,North,52725.49,2
S00827,BMWV00504,D056,C0754,2026-04-05,BMW X3,North,140995.48,3
S00828,BMWV00619,D017,C0368,2025-11-12,BMW i4,South,46052.82,2
S00829,BMWV00526,D026,C0502,2025-04-01,BMW X7,East,136822.5,2
S00830,BMWV00276,D073,C0615,2025-03-09,BMW iX,South,45375.57,2
S00831,BMWV00832,D048,C0629,2024-07-09,BMW 2 Series,North,84922.18,2
S00832,BMWV00097,D006,C0526,2024-12-15,BMW X3,West,146926.26,3
S00833,BMWV00231,D083,C0703,2025-12-31,BMW 7 Series,North,52833.02,2
S00834,BMWV00541,D081,C0663,2025-06-21,BMW 5 Series,North,44656.56,2
S00835,BMWV00449,D010,C0929,2026-03-31,BMW 2 Series,North,89925.31,1
S00836,BMWV00132,D088,C0925,2024-11-03,BMW 7 Series,West,131776.86,3
S00837,BMWV00439,D038,C0583,2024-02-18,BMW 3 Series,North,98364.35,1
S00838,BMWV00527,D014,C0523,2025-03-11,BMW X7,North,82497.23,2
S00839,BMWV00678,D093,C0583,2026-04-12,BMW X7,North,64138.74,2
S00840,BMWV00601,D010,C0788,2025-05-30,BMW X1,North,36870.9,3
S00841,BMWV00679,D060,C0184,2026-03-16,BMW X3,West,55953.94,2
S00842,BMWV00047,D010,C0427,2026-06-16,BMW 2 Series,North,116003.53,2
S00843,BMWV00603,D093,C0466,2026-02-14,BMW 3 Series,North,112079.88,3
S00844,BMWV00829,D034,C0350,2026-07-29,BMW i4,West,135204.65,1
S00845,BMWV00218,D024,C0081,2026-02-03,BMW X7,East,147951.41,2
S00846,BMWV00894,D087,C0109,2025-03-20,BMW i4,South,96453.24,1
S00847,BMWV00406,D015,C0014,2024-06-24,BMW X5,North,110417.11,2
S00848,BMWV00710,D052,C0890,2025-11-04,BMW 2 Series,West,146067.44,3
S00849,BMWV00745,D063,C0311,2025-09-25,BMW 7 Series,South,128510.24,3
S00850,BMWV00371,D089,C0690,2025-12-07,BMW 7 Series,North,112636.76,2
S00851,BMWV00091,D017,C0139,2024-01-15,BMW X7,South,56942.24,1
S00852,BMWV00714,D025,C0880,2024-01-28,BMW 5 Series,West,59061.39,3
S00853,BMWV00150,D084,C0248,2025-03-22,BMW 2 Series,North,131840.32,3
S00854,BMWV00197,D012,C0309,2026-02-27,BMW i4,West,88293.94,2
S00855,BMWV00434,D003,C0120,2024-06-19,BMW X7,North,138777.76,3
S00856,BMWV00721,D057,C0987,2025-05-11,BMW iX,North,89221.26,2
S00857,BMWV00601,D032,C0207,2024-10-28,BMW X1,North,100484.5,2
S00858,BMWV00054,D043,C0009,2024-04-15,BMW X1,West,107497.14,3
S00859,BMWV00444,D054,C0869,2025-05-22,BMW X7,West,119764.01,3
S00860,BMWV00750,D071,C0298,2024-02-07,BMW 7 Series,South,91062.1,2
S00861,BMWV00527,D076,C0743,2025-09-18,BMW X7,East,142557.31,2
S00862,BMWV00239,D092,C0063,2025-06-24,BMW i4,West,37187.26,3
S00863,BMWV00325,D071,C0066,2024-10-01,BMW X3,South,137680.88,2
S00864,BMWV00912,D061,C0120,2025-05-21,BMW X5,West,106610.12,3
S00865,BMWV00357,D058,C0715,2025-03-22,BMW 7 Series,North,37392.8,2
S00866,BMWV00745,D025,C0481,2024-12-18,BMW 7 Series,West,85382.73,3
S00867,BMWV00226,D076,C0931,2025-12-02,BMW 7 Series,East,74002.59,3
S00868,BMWV00875,D092,C0673,2025-04-24,BMW 5 Series,West,50083.24,2
S00869,BMWV00742,D092,C0400,2025-03-02,BMW 7 Series,West,130804.29,3
S00870,BMWV00670,D095,C0369,2026-03-26,BMW X7,South,89317.36,1
S00871,BMWV00638,D027,C0290,2025-12-08,BMW 3 Series,West,121164.24,3
S00872,BMWV00496,D017,C0178,2024-07-23,BMW 2 Series,South,52976.12,2
S00873,BMWV00105,D054,C0966,2025-05-20,BMW 5 Series,West,69919.97,1
S00874,BMWV00572,D007,C0019,2025-01-02,BMW X5,North,136304.2,2
S00875,BMWV00695,D021,C0179,2026-04-27,BMW 2 Series,,133838.09,3
S00876,BMWV00033,D009,C0346,2025-03-16,BMW X7,East,48106.47,1
S00877,BMWV00125,D072,C0230,2025-05-13,BMW iX,South,64649.55,2
S00878,BMWV00805,D046,C0788,2024-02-17,BMW iX,East,123560.91,3
S00879,BMWV00275,D020,C0874,2025-12-07,BMW 2 Series,South,135475.0,3
S00880,BMWV00687,D014,C0724,2024-02-21,BMW 5 Series,North,141562.69,2
S00881,BMWV00820,D059,C0986,2026-05-11,BMW X3,West,121912.9,1
S00882,BMWV00802,D079,C0625,2026-03-11,BMW X1,North,133714.55,1
S00883,BMWV00845,D072,C0043,2025-06-03,BMW 3 Series,South,47122.27,3
S00884,BMWV00122,D027,C0933,2025-01-05,BMW 3 Series,West,53058.74,2
S00885,BMWV00727,D057,C0781,2025-06-02,BMW 7 Series,North,92314.97,1
S00886,BMWV00159,D083,C0373,2024-12-08,BMW iX,North,129203.49,1
S00887,BMWV00870,D026,C0450,2025-03-01,BMW X7,East,123460.22,1
S00888,BMWV00253,D061,C0350,2024-10-20,BMW X5,West,93077.61,1
S00889,BMWV00274,D048,C0733,2026-02-11,BMW 3 Series,North,82725.99,3
S00890,BMWV00682,D032,C0156,2026-02-10,BMW i4,North,121653.32,2
S00891,BMWV00808,D030,C0142,2026-04-01,BMW 2 Series,West,84314.63,2
S00892,BMWV00921,D059,C0975,2026-05-22,BMW 2 Series,West,94357.86,3
S00893,BMWV00372,D004,C0454,2024-05-29,BMW 7 Series,North,123567.46,3
S00894,BMWV00827,D067,C0967,2024-03-12,BMW X5,West,44749.49,2
S00895,BMWV00413,D099,C0169,2025-03-20,BMW X3,South,42068.86,1
S00896,BMWV00678,D083,C0155,2026-07-13,BMW X7,North,101074.08,3
S00897,BMWV00732,D085,C0897,2025-06-16,BMW 5 Series,North,146856.03,2
S00898,BMWV00413,D088,C0718,2025-07-20,BMW X3,West,135457.83,3
S00899,BMWV00762,D041,C0932,2024-12-18,BMW i4,North,35908.76,2
S00900,BMWV00923,D068,C0626,2026-07-31,BMW 7 Series,North,51889.11,2
S00901,BMWV00458,D083,C0211,2026-06-27,BMW X7,North,97608.91,3
S00902,BMWV00669,D057,C0715,2024-12-19,BMW X1,North,137082.61,3
S00903,BMWV00416,D100,C0203,2026-06-21,BMW X3,South,69676.11,1
S00904,BMWV00552,D043,C0400,2026-01-12,BMW X3,West,117671.26,1
S00905,BMWV00534,D070,C0291,2024-08-06,BMW i4,South,45674.25,3
S00906,BMWV00321,D067,C0349,2026-02-14,BMW 2 Series,West,108103.83,1
S00907,BMWV00029,D070,C0607,2024-09-21,BMW iX,South,62754.07,2
S00908,BMWV00745,D055,C0518,2024-04-23,BMW 7 Series,West,119178.41,2
S00909,BMWV00267,D081,C0520,2024-12-28,BMW X3,North,49238.5,3
S00910,BMWV00965,D016,C0460,2024-11-01,BMW 5 Series,East,100830.06,1
S00911,BMWV00466,D044,C0242,2026-04-04,BMW X5,West,120762.18,3
S00912,BMWV00581,D092,C0916,2026-08-18,BMW 3 Series,West,107190.6,3
S00913,BMWV00866,D077,C0240,2024-12-24,BMW iX,East,69408.19,3
S00914,BMWV00805,D092,C0587,2025-11-19,BMW iX,West,51096.72,2
S00915,BMWV00534,D095,C0254,2024-04-17,BMW i4,South,72702.4,3
S00916,BMWV00199,D100,C0370,2025-04-10,BMW i4,South,46268.6,3
S00917,BMWV00437,D053,C0084,2024-04-04,BMW i4,West,42152.27,1
S00918,BMWV00489,D028,C0457,2024-03-20,BMW i4,South,77468.83,3
S00919,BMWV00414,D076,C0573,2025-06-15,BMW 7 Series,East,124564.84,2
S00920,BMWV00600,D064,C0652,2025-03-09,BMW X5,South,149598.85,3
S00921,BMWV00955,D063,C0750,2025-03-02,BMW X3,South,129738.36,1
S00922,BMWV00519,D017,C0497,2025-12-29,BMW X7,South,87636.97,3
S00923,BMWV00527,D068,C0121,2025-12-12,BMW X7,North,59453.89,2
S00924,BMWV00034,D096,C0161,2026-08-24,BMW X3,East,99288.07,1
S00925,BMWV00618,D053,C0113,2024-05-03,BMW 2 Series,West,77502.39,2
S00926,BMWV00042,D067,C0157,2024-04-30,BMW 5 Series,West,77718.75,2
S00927,BMWV00312,D038,C0498,2024-01-29,BMW X7,North,125988.43,1
S00928,BMWV00804,D076,C0432,2024-02-19,BMW 7 Series,East,142734.38,2
S00929,BMWV00912,D037,C0221,2024-07-06,BMW X5,South,129199.38,2
S00930,BMWV00003,D016,C0561,2024-12-23,BMW 3 Series,East,42769.92,1
S00931,BMWV00429,D062,C0587,2024-11-13,BMW 7 Series,North,100062.86,2
S00932,BMWV00802,D049,C0487,2026-05-04,BMW X1,South,117803.85,3
S00933,BMWV00137,D098,C0142,2025-05-31,BMW X5,West,108192.93,2
S00934,BMWV00685,D058,C0153,2026-06-06,BMW X5,North,118704.38,1
S00935,BMWV00821,D080,C0681,2025-09-30,BMW X7,East,82107.26,1
S00936,BMWV00923,D051,C0348,2025-07-07,BMW 7 Series,East,40269.27,3
S00937,BMWV00913,D057,C0754,2024-10-11,BMW 7 Series,North,109280.4,1
S00938,BMWV00726,D004,C0586,2025-10-07,BMW X5,North,126558.26,3
S00939,BMWV00318,D072,C0661,2024-05-06,BMW X7,South,109050.13,1
S00940,BMWV00199,D080,C0555,2025-08-13,BMW i4,East,122125.74,3
S00941,BMWV00536,D025,C0769,2025-05-02,BMW X7,West,92803.46,1
S00942,BMWV00125,D085,C0959,2025-06-28,BMW iX,North,55670.49,1
S00943,BMWV00283,D027,C0252,2026-04-29,BMW 5 Series,West,116146.04,3
S00944,BMWV00456,D010,C0827,2025-06-30,BMW i4,North,104788.3,2
S00945,BMWV00605,D006,C0504,2026-06-01,BMW 3 Series,West,142392.61,2
S00946,BMWV00449,D024,C0425,2024-01-25,BMW 2 Series,East,133859.57,2
S00947,BMWV00393,D033,C0094,2024-04-27,BMW X3,East,147675.4,3
S00948,BMWV00174,D037,C0148,2024-07-06,BMW X1,South,64388.77,1
S00949,BMWV00159,D040,C0976,2025-02-21,BMW iX,East,113039.99,1
S00950,BMWV00631,D042,C0186,2024-01-28,BMW 3 Series,North,117029.57,2
S00951,BMWV00401,D013,C0328,2024-05-25,BMW iX,East,82474.62,2
S00952,BMWV00266,D049,C0965,2026-04-27,BMW 2 Series,South,138442.67,1
S00953,BMWV00209,D031,C0771,2025-09-03,BMW X1,West,102393.34,2
S00954,BMWV00522,D097,C0517,2025-01-29,BMW iX,South,144176.06,2
S00955,BMWV00064,D041,C0476,2025-07-20,BMW X1,North,81813.79,2
S00956,BMWV00030,D053,C0649,2024-08-27,BMW iX,West,140079.54,1
S00957,BMWV00277,D071,C0987,2025-08-23,BMW 3 Series,South,112636.2,1
S00958,BMWV00783,D072,C0668,2026-03-15,BMW i4,South,49440.7,3
S00959,BMWV00418,D058,C0086,2026-05-16,BMW X1,North,108116.88,1
S00960,BMWV00803,D019,C0383,2025-07-07,BMW X5,North,148310.5,1
S00961,BMWV00552,D055,C0985,2026-07-22,BMW X3,West,98842.51,1
S00962,BMWV00002,D060,C0985,2026-04-29,BMW X1,West,106383.94,3
S00963,BMWV00997,D022,C0001,2024-03-02,BMW X1,North,142353.28,2
S00964,BMWV00281,D077,C0257,2026-05-09,BMW X5,East,113199.75,2
S00965,BMWV00864,D081,C0218,2025-08-22,BMW 2 Series,North,131678.68,2
S00966,BMWV00047,D021,C0757,2025-06-30,BMW 2 Series,,99754.38,2
S00967,BMWV00093,D051,C0716,2024-05-05,BMW X3,East,130507.28,3
S00968,BMWV00571,D036,C0900,2025-03-18,BMW X3,North,59247.77,3
S00969,BMWV00982,D041,C0906,2025-11-29,BMW i4,North,143721.97,3
S00970,BMWV00269,D097,C0725,2025-04-08,BMW X5,South,66396.51,3
S00971,BMWV00331,D044,C0216,2025-04-15,BMW X7,West,145284.16,2
S00972,BMWV00017,D089,C0137,2025-10-23,BMW iX,North,141059.64,3
S00973,BMWV00489,D001,C0924,2024-01-10,BMW i4,North,112361.24,2
S00974,BMWV00571,D090,C0721,2025-05-15,BMW X3,East,122683.5,3
S00975,BMWV00085,D084,C0667,2024-03-20,BMW X3,North,96944.67,3
S00976,BMWV00457,D087,C0127,2024-12-27,BMW iX,South,146784.49,2
S00977,BMWV00849,D077,C0367,2025-01-31,BMW 3 Series,East,55376.46,3
S00978,BMWV00009,D016,C0474,2025-01-14,BMW X5,East,142668.5,2
S00979,BMWV00010,D029,C0761,2024-01-21,BMW 5 Series,North,122218.41,3
S00980,BMWV00945,D091,C0367,2024-07-15,BMW iX,South,45346.15,3
S00981,BMWV00642,D039,C0828,2026-01-05,BMW 7 Series,North,60431.98,2
S00982,BMWV00992,D047,C0038,2024-10-14,BMW 3 Series,North,91676.36,3
S00983,BMWV00725,D078,C0215,2024-01-08,BMW X7,North,57549.98,3
S00984,BMWV00407,D015,C0891,2024-10-11,BMW X1,North,100446.76,2
S00985,BMWV00176,D071,C0199,2025-11-06,BMW 7 Series,South,119963.71,3
S00986,BMWV00700,D078,C0579,2024-06-28,BMW 3 Series,North,42516.47,1
S00987,BMWV00765,D009,C0131,2024-09-22,BMW i4,East,142359.79,1
S00988,BMWV00904,D067,C0747,2026-03-12,BMW X1,West,66547.72,3
S00989,BMWV00024,D089,C0695,2025-06-29,BMW 7 Series,North,105662.5,3
S00990,BMWV00575,D059,C0003,2026-08-18,BMW 3 Series,West,84118.16,3
S00991,BMWV00967,D084,C0054,2026-05-24,BMW 5 Series,North,142957.32,2
S00992,BMWV00866,D053,C0281,2024-05-04,BMW iX,West,113219.95,2
S00993,BMWV00509,D047,C0530,2026-02-16,BMW X5,North,39998.44,3
S00994,BMWV00231,D007,C0285,2026-07-29,BMW 7 Series,North,83307.14,2
S00995,BMWV00325,D001,C0402,2024-07-18,BMW X3,North,73491.17,3
S00996,BMWV00829,D004,C0756,2024-08-19,BMW i4,North,147481.0,2
S00997,BMWV00982,D010,C0940,2024-09-12,BMW i4,East,57640.83,2
S00998,BMWV00320,D009,C0642,2025-10-02,BMW iX,East,46123.5,2
S00999,BMWV00444,D004,C0607,2026-03-27,BMW X7,North,107024.17,2
S01000,BMWV00862,D033,C0254,2024-04-20,BMW 7 Series,East,89461.3,2
