sale_date,model,region,country,units_sold,unit_price,revenue
2025-01-01,X5,Asia,China,14,79898.82,1118583.48
2025-01-02,X1,Middle East,UAE,11,44670.33,491373.63
2025-01-02,X7,Asia,South Korea,4,113070.37,452281.48
2025-01-03,X1,North America,Canada,14,46610.55,652547.7
2025-01-04,X5,Oceania,New Zealand,9,75026.07,675234.63
2025-01-05,X3,Europe,Germany,15,52497.7,787465.5
2025-01-05,X5,Asia,India,9,80831.44,727482.96
2025-01-06,2 Series,Asia,South Korea,8,42039.06,336312.48
2025-01-08,i4,Middle East,UAE,8,60585.62,484684.96
2025-01-08,X1,Asia,India,9,45618.84,410569.56
2025-01-09,X5,North America,USA,9,80269.99,722429.91
2025-01-10,2 Series,Middle East,Saudi Arabia,13,43239.76,562116.88
2025-01-10,7 Series,Asia,China,3,100523.52,301570.56
2025-01-11,X7,Asia,Japan,4,117095.02,468380.08
2025-01-11,i4,Asia,India,7,56014.03,392098.21
2025-01-12,iX,Africa,South Africa,3,87149.37,261448.11
2025-01-12,X1,Asia,India,19,43591.06,828230.14
2025-01-12,X3,Middle East,Saudi Arabia,16,55485.58,887769.28
2025-01-12,2 Series,Asia,China,14,40301.39,564219.46
2025-01-13,X1,North America,Mexico,15,44778.79,671681.85
2025-01-13,X5,Middle East,Qatar,6,74381.39,446288.34
2025-01-13,X1,North America,USA,15,44137.19,662057.85
2025-01-14,iX,Asia,South Korea,4,87496.68,349986.72
2025-01-17,X1,Africa,Morocco,13,43029.68,559385.84
2025-01-18,X1,Europe,Germany,17,44285.28,752849.76
2025-01-19,3 Series,Europe,Italy,16,47170.48,754727.68
2025-01-19,i4,North America,Mexico,5,57844.93,289224.65
2025-01-19,X1,Asia,India,15,44841.37,672620.55
2025-01-20,5 Series,Oceania,Australia,6,60702.86,364217.16
2025-01-20,X1,Europe,France,15,44930.35,673955.25
2025-01-21,i4,Europe,Italy,6,55220.65,331323.9
2025-01-21,X3,Middle East,UAE,14,52225.08,731151.12
2025-01-22,X3,Europe,Italy,17,54911.33,933492.61
2025-01-22,3 Series,Asia,China,11,51374.23,565116.53
2025-01-23,3 Series,Europe,Germany,10,48482.62,484826.2
2025-01-23,3 Series,North America,USA,14,45427.02,635978.28
2025-01-23,X3,Asia,China,17,56793.75,965493.75
2025-01-24,X5,Europe,Italy,12,79372.62,952471.44
2025-01-25,2 Series,Asia,Japan,11,44353.82,487892.02
2025-01-25,2 Series,Asia,India,14,42840.92,599772.88
2025-01-26,5 Series,North America,USA,9,62021.74,558195.66
2025-01-26,X7,North America,USA,4,120324.05,481296.2
2025-01-26,X1,Oceania,New Zealand,8,45092.9,360743.2
2025-01-26,X1,Europe,UK,18,45220.96,813977.28
2025-01-28,2 Series,Asia,India,14,43577.39,610083.46
2025-01-30,X3,Asia,South Korea,9,56315.79,506842.11
2025-01-30,7 Series,Europe,France,5,97065.57,485327.85
2025-01-31,X1,North America,Mexico,18,44351.91,798334.38
2025-01-31,X1,Middle East,Qatar,10,47238.05,472380.5
2025-01-31,7 Series,Asia,India,4,104405.78,417623.12
2025-02-01,X5,Middle East,Qatar,4,80057.43,320229.72
2025-02-01,3 Series,Asia,South Korea,25,45614.26,1140356.5
2025-02-01,i4,Africa,Egypt,2,56610.59,113221.18
2025-02-02,3 Series,Europe,France,9,49760.84,447847.56
2025-02-05,iX,Middle East,Saudi Arabia,3,85855.25,257565.75
2025-02-05,2 Series,Middle East,UAE,10,39705.98,397059.8
2025-02-05,5 Series,Oceania,Australia,10,62974.69,629746.9
2025-02-06,X1,Oceania,Australia,6,44450.48,266702.88
2025-02-06,i4,Asia,India,13,56719.09,737348.17
2025-02-07,X1,North America,Mexico,20,43655.04,873100.8
2025-02-08,X5,Europe,UK,12,79036.61,948439.32
2025-02-09,5 Series,Europe,UK,16,64880.93,1038094.88
2025-02-09,i4,Asia,China,9,54894.56,494051.04
2025-02-10,X5,Asia,Japan,11,78410.58,862516.38
2025-02-11,3 Series,Asia,China,20,51379.87,1027597.4
2025-02-11,iX,North America,Mexico,5,90731.56,453657.8
2025-02-12,X5,Middle East,Saudi Arabia,10,84660.52,846605.2
2025-02-12,2 Series,Asia,South Korea,15,41106.34,616595.1
2025-02-13,2 Series,North America,Mexico,15,40918.29,613774.35
2025-02-13,7 Series,Asia,South Korea,6,106934.16,641604.96
2025-02-13,2 Series,Asia,China,13,41679.49,541833.37
2025-02-13,i4,Europe,Germany,8,58224.06,465792.48
2025-02-13,i4,North America,USA,16,55920.89,894734.24
2025-02-14,5 Series,Asia,Japan,10,61041.72,610417.2
2025-02-14,X5,Africa,Morocco,7,79700.0,557900.0
2025-02-15,X5,North America,Canada,10,81177.88,811778.8
2025-02-15,3 Series,Asia,China,16,46789.17,748626.72
2025-02-16,iX,Oceania,Australia,6,91459.44,548756.64
2025-02-16,X1,Oceania,Australia,9,48550.11,436950.99
2025-02-16,X1,North America,USA,21,46963.02,986223.42
2025-02-16,3 Series,Middle East,Qatar,14,51386.42,719409.88
2025-02-17,X3,Middle East,UAE,18,56879.69,1023834.42
2025-02-17,iX,North America,USA,6,83659.2,501955.2
2025-02-18,iX,Oceania,Australia,5,86112.32,430561.6
2025-02-18,i4,Asia,China,7,56821.02,397747.14
2025-02-19,X5,North America,Mexico,10,79766.05,797660.5
2025-02-19,2 Series,Europe,France,14,43464.89,608508.46
2025-02-20,X5,Asia,China,10,75110.46,751104.6
2025-02-20,5 Series,North America,USA,7,60345.55,422418.85
2025-02-20,iX,Europe,UK,4,93091.06,372364.24
2025-02-21,iX,Europe,Germany,3,85833.63,257500.89
2025-02-21,X5,Asia,India,9,75908.49,683176.41
2025-02-21,X3,Oceania,Australia,15,53627.25,804408.75
2025-02-22,i4,North America,Canada,4,60746.47,242985.88
2025-02-22,X1,North America,USA,17,44930.01,763810.17
2025-02-22,3 Series,Europe,UK,14,47772.32,668812.48
2025-02-23,iX,Middle East,Qatar,9,87322.05,785898.45
2025-02-23,X5,Europe,Italy,8,80204.56,641636.48
2025-02-24,X1,North America,Canada,18,43916.5,790497.0
2025-02-24,3 Series,Europe,France,11,50614.26,556756.86
2025-02-25,i4,Europe,UK,8,59383.73,475069.84
2025-02-27,7 Series,Europe,Germany,5,101352.2,506761.0
2025-02-27,i4,North America,Canada,12,60108.37,721300.44
2025-02-27,X7,North America,USA,4,113838.15,455352.6
2025-02-28,7 Series,North America,Canada,4,97685.27,390741.08
2025-02-28,7 Series,North America,Mexico,11,100770.78,1108478.58
2025-02-28,2 Series,Asia,China,18,42735.4,769237.2
2025-02-28,5 Series,Europe,Italy,9,60634.04,545706.36
2025-02-28,5 Series,North America,Canada,5,62299.86,311499.3
2025-03-01,X1,Middle East,Qatar,11,45345.1,498796.1
2025-03-01,2 Series,North America,USA,15,40254.23,603813.45
2025-03-02,X1,Asia,South Korea,18,46075.13,829352.34
2025-03-03,X1,Europe,Italy,21,45329.92,951928.32
2025-03-04,X5,Middle East,UAE,14,75450.83,1056311.62
2025-03-04,X3,North America,USA,15,58037.38,870560.7
2025-03-04,X3,Asia,India,19,54929.4,1043658.6
2025-03-05,5 Series,North America,Mexico,17,60895.27,1035219.59
2025-03-05,3 Series,Middle East,UAE,16,49600.37,793605.92
2025-03-06,7 Series,Europe,UK,4,97653.44,390613.76
2025-03-06,2 Series,Asia,South Korea,14,43205.39,604875.46
2025-03-07,2 Series,Asia,India,14,43112.04,603568.56
2025-03-07,X1,North America,USA,25,44156.88,1103922.0
2025-03-08,7 Series,Asia,China,5,104495.68,522478.4
2025-03-09,X5,Africa,Morocco,8,73973.15,591785.2
2025-03-09,X3,Oceania,New Zealand,8,58994.34,471954.72
2025-03-09,2 Series,Europe,France,19,39925.75,758589.25
2025-03-09,2 Series,Asia,South Korea,19,40811.96,775427.24
2025-03-10,X7,Europe,Italy,2,110129.47,220258.94
2025-03-11,3 Series,Oceania,New Zealand,12,47599.59,571195.08
2025-03-11,3 Series,Oceania,Australia,10,46861.84,468618.4
2025-03-11,3 Series,Middle East,UAE,11,46794.78,514742.58
2025-03-12,5 Series,North America,Mexico,16,65267.03,1044272.48
2025-03-12,3 Series,North America,Mexico,14,45911.87,642766.18
2025-03-12,X1,Oceania,New Zealand,13,44407.13,577292.69
2025-03-13,3 Series,Asia,South Korea,10,47848.17,478481.7
2025-03-14,X1,Asia,Japan,15,44024.2,660363.0
2025-03-14,3 Series,Middle East,Saudi Arabia,11,49859.51,548454.61
2025-03-14,5 Series,Asia,South Korea,13,63910.24,830833.12
2025-03-16,X5,Asia,China,8,72958.31,583666.48
2025-03-17,3 Series,Middle East,Saudi Arabia,5,52012.46,260062.3
2025-03-17,3 Series,North America,USA,21,49734.99,1044434.79
2025-03-17,X1,Oceania,Australia,12,47739.96,572879.52
2025-03-17,5 Series,North America,USA,15,62041.68,930625.2
2025-03-18,X5,Middle East,Saudi Arabia,11,78470.06,863170.66
2025-03-18,2 Series,Europe,Italy,14,39571.93,554007.02
2025-03-20,2 Series,Middle East,Saudi Arabia,15,41985.06,629775.9
2025-03-20,i4,Europe,Italy,8,57753.55,462028.4
2025-03-20,3 Series,North America,USA,21,49968.49,1049338.29
2025-03-22,2 Series,Europe,UK,15,41722.95,625844.25
2025-03-22,X1,Europe,Germany,13,45062.55,585813.15
2025-03-23,2 Series,North America,USA,18,42270.26,760864.68
2025-03-23,X1,Europe,Germany,17,46331.12,787629.04
2025-03-23,X5,Middle East,Saudi Arabia,5,75769.77,378848.85
2025-03-24,i4,Europe,Italy,10,55867.61,558676.1
2025-03-24,X3,North America,Canada,10,57256.26,572562.6
2025-03-24,7 Series,North America,Mexico,4,100546.87,402187.48
2025-03-26,i4,Asia,India,12,59562.94,714755.28
2025-03-26,X1,Asia,China,21,43563.96,914843.16
2025-03-27,i4,Asia,South Korea,12,56990.41,683884.92
2025-03-27,3 Series,North America,Mexico,15,47140.17,707102.55
2025-03-27,3 Series,Europe,Italy,14,48107.62,673506.68
2025-03-28,X5,Europe,UK,8,76562.52,612500.16
2025-03-29,3 Series,Oceania,New Zealand,13,48441.86,629744.18
2025-03-29,5 Series,Oceania,Australia,5,63857.65,319288.25
2025-03-29,X1,Asia,China,21,44500.32,934506.72
2025-03-29,X3,North America,Mexico,14,55514.15,777198.1
2025-03-29,X3,Europe,UK,19,56644.71,1076249.49
2025-03-30,i4,North America,Canada,6,56571.65,339429.9
2025-03-30,X3,Asia,China,11,58288.52,641173.72
2025-03-30,X3,Europe,Italy,18,55774.7,1003944.6
2025-04-01,X1,Europe,France,23,44983.28,1034615.44
2025-04-02,X1,Asia,South Korea,23,44202.1,1016648.3
2025-04-02,X5,Europe,UK,4,74803.06,299212.24
2025-04-02,X3,North America,USA,10,57277.69,572776.9
2025-04-03,i4,Oceania,New Zealand,10,56607.42,566074.2
2025-04-03,X5,Europe,Germany,14,82649.66,1157095.24
2025-04-03,X1,North America,Canada,23,47072.52,1082667.96
2025-04-04,7 Series,North America,Mexico,10,102596.49,1025964.9
2025-04-05,X7,Asia,India,3,119577.96,358733.88
2025-04-05,5 Series,North America,Canada,10,64112.62,641126.2
2025-04-06,3 Series,Asia,South Korea,16,46629.96,746079.36
2025-04-06,2 Series,North America,USA,18,42022.61,756406.98
2025-04-07,5 Series,North America,USA,10,61374.19,613741.9
2025-04-09,5 Series,Asia,Japan,8,59903.4,479227.2
2025-04-09,X3,Oceania,Australia,13,56978.23,740716.99
2025-04-10,2 Series,North America,USA,13,41521.72,539782.36
2025-04-12,3 Series,Africa,Morocco,7,48455.24,339186.68
2025-04-12,X5,Asia,China,13,78273.53,1017555.89
2025-04-13,i4,Europe,France,10,61326.75,613267.5
2025-04-13,X3,Europe,Germany,21,57837.29,1214583.09
2025-04-13,X5,Middle East,Qatar,7,76414.2,534899.4
2025-04-14,2 Series,Asia,Japan,18,42978.16,773606.88
2025-04-14,2 Series,North America,Mexico,8,43180.64,345445.12
2025-04-15,X3,Middle East,Qatar,19,57606.69,1094527.11
2025-04-15,X7,Europe,France,3,111945.14,335835.42
2025-04-16,X5,Asia,India,9,77766.29,699896.61
2025-04-17,2 Series,Europe,UK,14,41047.9,574670.6
2025-04-17,X5,Asia,China,12,77269.01,927228.12
2025-04-18,X3,Africa,Morocco,9,51837.58,466538.22
2025-04-18,3 Series,North America,USA,15,49047.56,735713.4
2025-04-18,X5,Asia,China,14,76745.08,1074431.12
2025-04-18,3 Series,Asia,India,17,46941.52,798005.84
2025-04-18,i4,Africa,South Africa,2,57156.15,114312.3
2025-04-19,iX,Europe,Italy,7,89374.58,625622.06
2025-04-19,X5,Asia,China,5,76896.65,384483.25
2025-04-20,X7,Asia,Japan,8,107334.58,858676.64
2025-04-21,X3,Europe,Italy,26,50827.94,1321526.44
2025-04-21,5 Series,Asia,India,11,59593.87,655532.57
2025-04-21,X3,Middle East,Qatar,15,55802.39,837035.85
2025-04-22,X7,Europe,UK,4,117376.45,469505.8
2025-04-22,X1,Europe,UK,14,47306.61,662292.54
2025-04-23,X3,North America,USA,13,55020.31,715264.03
2025-04-24,5 Series,North America,Mexico,15,61498.58,922478.7
2025-04-24,X5,North America,Mexico,7,78881.72,552172.04
2025-04-24,X1,Europe,France,18,46778.0,842004.0
2025-04-24,X3,Oceania,Australia,12,56454.73,677456.76
2025-04-25,3 Series,Asia,India,11,48387.57,532263.27
2025-04-27,X5,Asia,Japan,10,76703.4,767034.0
2025-04-28,iX,Europe,Germany,3,89651.42,268954.26
2025-04-28,3 Series,North America,Mexico,25,47964.89,1199122.25
2025-04-29,2 Series,Asia,China,15,40157.08,602356.2
2025-04-30,X5,Europe,Germany,10,72633.01,726330.1
2025-05-02,2 Series,Europe,UK,16,43055.83,688893.28
2025-05-03,X5,Asia,Japan,8,80812.56,646500.48
2025-05-03,X1,Oceania,Australia,11,44322.08,487542.88
2025-05-03,3 Series,Asia,China,19,48055.3,913050.7
2025-05-04,X1,Europe,UK,10,46686.66,466866.6
2025-05-04,3 Series,Middle East,Saudi Arabia,19,47148.06,895813.14
2025-05-05,X5,Europe,Italy,11,78840.38,867244.18
2025-05-05,X3,Middle East,UAE,11,56376.33,620139.63
2025-05-07,X1,North America,Canada,21,47360.24,994565.04
2025-05-07,X1,Asia,China,18,42534.1,765613.8
2025-05-08,X7,Africa,Morocco,4,108398.05,433592.2
2025-05-08,X1,Asia,South Korea,10,45849.83,458498.3
2025-05-08,iX,Middle East,UAE,5,88501.7,442508.5
2025-05-09,iX,North America,Mexico,7,90643.74,634506.18
2025-05-09,3 Series,Europe,UK,18,49919.21,898545.78
2025-05-10,X3,Africa,Egypt,9,55443.06,498987.54
2025-05-10,i4,Asia,India,10,56001.4,560014.0
2025-05-11,iX,North America,Canada,8,88974.37,711794.96
2025-05-11,2 Series,Oceania,New Zealand,13,41352.79,537586.27
2025-05-12,5 Series,Europe,Italy,13,66294.82,861832.66
2025-05-12,X5,Africa,South Africa,5,80312.63,401563.15
2025-05-13,X7,Europe,Germany,5,106884.05,534420.25
2025-05-13,5 Series,North America,Canada,15,59243.31,888649.65
2025-05-13,3 Series,North America,Canada,12,47279.31,567351.72
2025-05-14,3 Series,Europe,Italy,13,45235.4,588060.2
2025-05-14,X1,Asia,China,21,46504.56,976595.76
2025-05-14,5 Series,North America,USA,12,60425.54,725106.48
2025-05-15,3 Series,Asia,Japan,19,47185.28,896520.32
2025-05-15,iX,Oceania,New Zealand,5,87762.95,438814.75
2025-05-16,iX,North America,USA,8,89776.33,718210.64
2025-05-16,X5,North America,Mexico,9,76315.01,686835.09
2025-05-16,5 Series,Europe,UK,9,64209.4,577884.6
2025-05-17,X1,Asia,India,18,45745.97,823427.46
2025-05-18,X3,Europe,Italy,16,54789.42,876630.72
2025-05-19,5 Series,North America,USA,11,63865.31,702518.41
2025-05-19,X3,Asia,China,13,58382.03,758966.39
2025-05-19,2 Series,North America,Mexico,12,43271.33,519255.96
2025-05-20,X5,Asia,China,18,82829.69,1490934.42
2025-05-20,3 Series,Oceania,Australia,8,47107.31,376858.48
2025-05-20,X1,Asia,South Korea,15,44223.92,663358.8
2025-05-20,iX,North America,Mexico,9,87044.18,783397.62
2025-05-20,X3,Middle East,UAE,18,54704.65,984683.7
2025-05-21,X3,Middle East,Qatar,10,55699.17,556991.7
2025-05-21,X7,Europe,Italy,6,108230.67,649384.02
2025-05-21,X1,Oceania,New Zealand,5,45231.42,226157.1
2025-05-21,X3,North America,Canada,15,58524.63,877869.45
2025-05-21,2 Series,Oceania,New Zealand,15,42031.94,630479.1
2025-05-21,3 Series,Europe,UK,21,48099.49,1010089.29
2025-05-22,iX,North America,Canada,7,84493.61,591455.27
2025-05-22,X3,North America,Mexico,20,54857.54,1097150.8
2025-05-23,iX,North America,Canada,9,79584.62,716261.58
2025-05-23,7 Series,Africa,South Africa,4,96180.36,384721.44
2025-05-24,5 Series,Africa,South Africa,7,61750.08,432250.56
2025-05-24,7 Series,Middle East,UAE,6,97921.02,587526.12
2025-05-24,X1,North America,USA,17,47754.01,811818.17
2025-05-25,5 Series,Europe,France,10,62483.88,624838.8
2025-05-26,X3,Asia,South Korea,15,53464.11,801961.65
2025-05-27,X1,Europe,Italy,22,42719.31,939824.82
2025-05-28,X1,North America,USA,22,46500.13,1023002.86
2025-05-29,2 Series,North America,Mexico,13,41405.97,538277.61
2025-05-29,X3,Asia,South Korea,17,58406.23,992905.91
2025-05-30,i4,Europe,Germany,11,57108.69,628195.59
2025-05-30,X1,North America,USA,11,43219.28,475412.08
2025-05-30,X1,Europe,France,18,44503.41,801061.38
2025-05-31,X3,Europe,France,19,58178.69,1105395.11
2025-05-31,3 Series,Asia,India,12,44492.35,533908.2
2025-06-01,X5,North America,Mexico,9,75178.02,676602.18
2025-06-01,X1,North America,Mexico,12,45632.18,547586.16
2025-06-01,X7,Asia,India,2,111022.41,222044.82
2025-06-02,3 Series,Europe,France,13,46104.85,599363.05
2025-06-02,7 Series,North America,Mexico,4,96573.58,386294.32
2025-06-03,X1,Asia,South Korea,21,45195.12,949097.52
2025-06-03,3 Series,North America,Mexico,22,48821.95,1074082.9
2025-06-03,2 Series,Europe,Germany,9,42987.47,386887.23
2025-06-04,X1,Middle East,UAE,10,47183.5,471835.0
2025-06-04,2 Series,North America,Canada,10,43539.02,435390.2
2025-06-05,X3,Asia,India,14,56216.65,787033.1
2025-06-05,3 Series,Asia,India,14,47041.87,658586.18
2025-06-06,X7,Europe,France,3,115633.71,346901.13
2025-06-07,5 Series,North America,USA,12,63932.21,767186.52
2025-06-09,2 Series,Europe,UK,14,42842.45,599794.3
2025-06-10,3 Series,North America,Canada,7,47480.68,332364.76
2025-06-10,7 Series,Europe,Italy,4,94063.32,376253.28
2025-06-10,5 Series,North America,Canada,14,60453.7,846351.8
2025-06-11,5 Series,Africa,South Africa,6,61602.0,369612.0
2025-06-12,X1,Europe,France,15,42316.12,634741.8
2025-06-13,5 Series,North America,Canada,8,63896.96,511175.68
2025-06-13,i4,Oceania,New Zealand,2,58412.81,116825.62
2025-06-14,X1,North America,USA,17,45418.77,772119.09
2025-06-14,X1,North America,USA,15,47069.91,706048.65
2025-06-15,X3,North America,Canada,11,56782.96,624612.56
2025-06-16,7 Series,North America,USA,3,91517.27,274551.81
2025-06-17,5 Series,North America,Mexico,11,62220.66,684427.26
2025-06-17,X1,Asia,India,11,44432.83,488761.13
2025-06-20,X1,Asia,Japan,20,47257.31,945146.2
2025-06-20,5 Series,Africa,Morocco,9,63342.43,570081.87
2025-06-21,X7,Middle East,UAE,2,113244.04,226488.08
2025-06-21,i4,Asia,Japan,9,62110.93,558998.37
2025-06-22,X5,Middle East,UAE,12,82015.8,984189.6
2025-06-22,iX,Asia,South Korea,2,89414.86,178829.72
2025-06-24,i4,Oceania,New Zealand,7,58456.96,409198.72
2025-06-24,i4,Asia,India,9,53076.82,477691.38
2025-06-24,5 Series,Europe,France,6,64378.2,386269.2
2025-06-25,X3,Asia,China,14,57950.53,811307.42
2025-06-25,i4,North America,Canada,6,58989.05,353934.3
2025-06-27,X1,Asia,China,15,46546.7,698200.5
2025-06-27,7 Series,Europe,Italy,8,93942.19,751537.52
2025-06-27,X3,Asia,China,12,54519.91,654238.92
2025-06-27,iX,Asia,India,10,89991.94,899919.4
2025-06-27,3 Series,Oceania,Australia,8,51341.13,410729.04
2025-06-29,X5,Europe,Germany,11,74582.7,820409.7
2025-06-29,X3,Asia,South Korea,20,54832.75,1096655.0
2025-06-30,3 Series,North America,USA,10,46796.03,467960.3
2025-07-02,X1,Asia,South Korea,16,44651.53,714424.48
2025-07-02,5 Series,Europe,UK,9,60961.12,548650.08
2025-07-03,5 Series,Asia,China,10,61179.14,611791.4
2025-07-03,X3,Europe,France,15,57327.21,859908.15
2025-07-04,iX,Europe,UK,5,84187.87,420939.35
2025-07-04,3 Series,Asia,South Korea,20,48478.39,969567.8
2025-07-04,X3,North America,USA,11,57032.14,627353.54
2025-07-05,X1,Oceania,Australia,13,44779.53,582133.89
2025-07-06,2 Series,Asia,South Korea,12,42225.06,506700.72
2025-07-06,X1,Oceania,Australia,12,44127.91,529534.92
2025-07-06,2 Series,Europe,Germany,19,43767.64,831585.16
2025-07-07,X3,Middle East,UAE,8,57084.41,456675.28
2025-07-07,X3,Middle East,UAE,13,56247.84,731221.92
2025-07-07,X3,Middle East,Qatar,17,56880.97,966976.49
2025-07-08,i4,North America,Mexico,7,58250.8,407755.6
2025-07-08,3 Series,Africa,South Africa,4,48238.53,192954.12
2025-07-08,2 Series,Middle East,Saudi Arabia,22,41465.26,912235.72
2025-07-08,5 Series,Oceania,New Zealand,9,56579.21,509212.89
2025-07-08,2 Series,Africa,Morocco,5,41468.4,207342.0
2025-07-10,2 Series,Europe,UK,12,42726.24,512714.88
2025-07-10,X1,Europe,France,13,46224.61,600919.93
2025-07-12,i4,Europe,Italy,7,61912.97,433390.79
2025-07-13,X5,Europe,UK,9,77102.39,693921.51
2025-07-13,7 Series,Middle East,Qatar,5,98222.12,491110.6
2025-07-13,i4,Asia,China,7,54516.3,381614.1
2025-07-13,7 Series,North America,USA,5,103158.7,515793.5
2025-07-14,5 Series,Asia,Japan,7,66557.79,465904.53
2025-07-15,5 Series,Middle East,Saudi Arabia,14,62819.27,879469.78
2025-07-16,i4,North America,Mexico,12,57237.11,686845.32
2025-07-17,2 Series,Oceania,Australia,10,39186.33,391863.3
2025-07-18,7 Series,Europe,Germany,2,99687.25,199374.5
2025-07-18,X3,North America,Mexico,14,54779.56,766913.84
2025-07-19,3 Series,Oceania,Australia,4,46352.92,185411.68
2025-07-19,X1,Africa,Morocco,8,45960.84,367686.72
2025-07-19,X1,Africa,Morocco,6,46035.35,276212.1
2025-07-20,iX,Asia,China,7,83149.83,582048.81
2025-07-21,X5,Asia,China,9,71695.93,645263.37
2025-07-23,3 Series,North America,USA,14,48085.75,673200.5
2025-07-23,X3,Asia,Japan,14,60341.98,844787.72
2025-07-24,X5,North America,USA,9,80613.25,725519.25
2025-07-25,7 Series,North America,Mexico,4,105249.35,420997.4
2025-07-26,7 Series,Asia,India,5,92287.99,461439.95
2025-07-26,X1,Europe,UK,16,44930.46,718887.36
2025-07-26,5 Series,Asia,South Korea,10,61249.9,612499.0
2025-07-27,X3,North America,Canada,15,58395.57,875933.55
2025-07-27,7 Series,Asia,China,3,101476.85,304430.55
2025-07-29,5 Series,Asia,China,7,61328.36,429298.52
2025-07-29,X3,Asia,India,20,54288.46,1085769.2
2025-07-29,iX,Africa,South Africa,3,83664.5,250993.5
2025-07-29,i4,North America,Mexico,5,58649.17,293245.85
2025-07-29,2 Series,Asia,Japan,11,44448.44,488932.84
2025-07-29,X7,Asia,India,2,112978.98,225957.96
2025-07-30,3 Series,North America,USA,12,49594.01,595128.12
2025-07-31,5 Series,North America,Mexico,8,64842.07,518736.56
2025-08-01,3 Series,North America,Canada,17,47897.45,814256.65
2025-08-02,i4,North America,Canada,8,57807.51,462460.08
2025-08-02,2 Series,Middle East,UAE,14,42953.1,601343.4
2025-08-04,2 Series,Asia,South Korea,14,38630.86,540832.04
2025-08-04,X7,Europe,Germany,2,118915.16,237830.32
2025-08-04,X3,Europe,Germany,9,55272.52,497452.68
2025-08-05,X1,Oceania,Australia,13,44585.07,579605.91
2025-08-05,7 Series,Europe,Germany,2,101069.54,202139.08
2025-08-05,X3,North America,USA,11,56838.63,625224.93
2025-08-05,2 Series,North America,Canada,13,41658.56,541561.28
2025-08-06,X1,Middle East,UAE,9,47948.41,431535.69
2025-08-06,X3,North America,Mexico,8,56242.86,449942.88
2025-08-07,7 Series,Europe,Germany,3,99149.29,297447.87
2025-08-08,i4,Asia,Japan,7,58206.34,407444.38
2025-08-08,2 Series,Asia,South Korea,13,41641.09,541334.17
2025-08-08,2 Series,Asia,India,15,42875.61,643134.15
2025-08-08,X3,North America,USA,10,56962.19,569621.9
2025-08-09,X1,Asia,Japan,25,45751.06,1143776.5
2025-08-09,X3,Middle East,Qatar,10,56362.23,563622.3
2025-08-09,X5,Oceania,New Zealand,4,78137.74,312550.96
2025-08-09,iX,Middle East,UAE,1,85200.93,85200.93
2025-08-11,7 Series,Europe,Germany,7,104354.75,730483.25
2025-08-11,7 Series,Asia,Japan,9,101040.97,909368.73
2025-08-13,X1,Asia,Japan,15,46060.17,690902.55
2025-08-13,3 Series,North America,Canada,10,46697.44,466974.4
2025-08-14,iX,Middle East,Qatar,6,87788.89,526733.34
2025-08-15,X1,Asia,Japan,11,44295.03,487245.33
2025-08-15,X3,Middle East,UAE,14,56534.49,791482.86
2025-08-15,3 Series,Middle East,Qatar,9,49265.69,443391.21
2025-08-16,5 Series,Asia,South Korea,10,61875.45,618754.5
2025-08-17,X3,Europe,Germany,13,56676.09,736789.17
2025-08-17,X5,Europe,France,8,75389.17,603113.36
2025-08-17,X7,North America,Canada,6,116449.68,698698.08
2025-08-17,X5,Oceania,Australia,9,80559.01,725031.09
2025-08-18,X5,Middle East,Qatar,7,80677.73,564744.11
2025-08-18,X3,Asia,India,15,54004.71,810070.65
2025-08-19,2 Series,Middle East,Saudi Arabia,13,41681.83,541863.79
2025-08-19,X3,Europe,France,10,57399.9,573999.0
2025-08-20,5 Series,Middle East,Saudi Arabia,14,60418.77,845862.78
2025-08-20,7 Series,Europe,Italy,3,96387.2,289161.6
2025-08-21,X3,Europe,UK,16,55233.57,883737.12
2025-08-22,3 Series,Europe,UK,9,46886.6,421979.4
2025-08-23,3 Series,North America,Mexico,16,47272.05,756352.8
2025-08-24,X1,Asia,India,13,44936.38,584172.94
2025-08-25,X1,Asia,China,14,44594.58,624324.12
2025-08-25,7 Series,Asia,India,1,99248.89,99248.89
2025-08-25,X3,Europe,Germany,19,54877.93,1042680.67
2025-08-26,iX,Asia,Japan,6,86086.07,516516.42
2025-08-26,X1,Europe,Italy,21,47219.48,991609.08
2025-08-27,3 Series,Europe,UK,13,44753.4,581794.2
2025-08-29,3 Series,Europe,France,15,43982.87,659743.05
2025-08-29,X1,Europe,Italy,20,46474.53,929490.6
2025-08-31,i4,Asia,India,9,56780.61,511025.49
2025-09-01,iX,Asia,China,5,89338.51,446692.55
2025-09-01,X7,Europe,Italy,1,120979.05,120979.05
2025-09-02,7 Series,Oceania,New Zealand,1,96739.97,96739.97
2025-09-02,X1,Asia,India,17,45474.74,773070.58
2025-09-02,iX,Middle East,Saudi Arabia,1,89576.43,89576.43
2025-09-03,iX,Europe,Italy,3,89731.38,269194.14
2025-09-03,iX,Asia,Japan,4,89171.9,356687.6
2025-09-04,X1,Europe,France,16,44808.32,716933.12
2025-09-04,X3,Middle East,UAE,10,56362.53,563625.3
2025-09-04,7 Series,Asia,China,1,97185.75,97185.75
2025-09-05,X5,Europe,Italy,11,77171.48,848886.28
2025-09-05,X1,Asia,Japan,13,42570.21,553412.73
2025-09-05,i4,Africa,Morocco,5,57296.48,286482.4
2025-09-05,X7,Europe,Germany,4,116366.9,465467.6
2025-09-06,X5,Europe,UK,9,74436.94,669932.46
2025-09-06,3 Series,North America,Mexico,11,49695.09,546645.99
2025-09-06,7 Series,Asia,China,4,91959.99,367839.96
2025-09-09,X5,Europe,UK,4,76926.07,307704.28
2025-09-09,2 Series,Asia,India,7,41782.11,292474.77
2025-09-10,X7,Asia,India,2,112450.87,224901.74
2025-09-10,3 Series,Europe,Italy,11,49995.24,549947.64
2025-09-11,i4,Asia,South Korea,8,58987.34,471898.72
2025-09-11,2 Series,Europe,Germany,11,40001.79,440019.69
2025-09-12,3 Series,Middle East,Saudi Arabia,14,51548.75,721682.5
2025-09-13,i4,North America,Canada,9,60061.84,540556.56
2025-09-14,X5,Europe,Germany,10,77065.94,770659.4
2025-09-15,3 Series,Asia,South Korea,10,47685.5,476855.0
2025-09-16,i4,Asia,Japan,6,54530.27,327181.62
2025-09-16,7 Series,Asia,China,2,99460.64,198921.28
2025-09-16,i4,Oceania,Australia,2,57296.09,114592.18
2025-09-16,3 Series,Europe,UK,7,47387.22,331710.54
2025-09-17,3 Series,Oceania,Australia,9,47111.55,424003.95
2025-09-17,iX,Asia,China,4,87461.44,349845.76
2025-09-17,2 Series,North America,USA,8,43203.64,345629.12
2025-09-18,3 Series,Asia,China,12,48640.0,583680.0
2025-09-19,X5,Asia,South Korea,9,80642.17,725779.53
2025-09-19,X1,North America,USA,17,45497.81,773462.77
2025-09-21,iX,Asia,South Korea,7,91150.8,638055.6
2025-09-21,iX,North America,Canada,4,91821.65,367286.6
2025-09-22,5 Series,Asia,Japan,8,63252.63,506021.04
2025-09-22,i4,Asia,Japan,11,54000.69,594007.59
2025-09-23,2 Series,Middle East,UAE,10,43145.53,431455.3
2025-09-24,X3,Asia,South Korea,10,52667.59,526675.9
2025-09-25,X5,North America,Canada,6,79766.66,478599.96
2025-09-25,X3,North America,Canada,11,58994.94,648944.34
2025-09-25,5 Series,Asia,Japan,6,59810.78,358864.68
2025-09-25,X1,Oceania,New Zealand,12,44968.82,539625.84
2025-09-25,iX,Middle East,Qatar,9,85833.41,772500.69
2025-09-26,3 Series,Europe,Germany,6,48733.04,292398.24
2025-09-26,X1,Asia,Japan,15,47318.25,709773.75
2025-09-26,5 Series,Middle East,Qatar,12,57760.31,693123.72
2025-09-26,X1,North America,Canada,14,48478.41,678697.74
2025-09-26,X3,Asia,India,18,55178.4,993211.2
2025-09-27,X1,Africa,South Africa,8,44822.04,358576.32
2025-09-28,5 Series,Oceania,New Zealand,3,59754.88,179264.64
2025-09-28,X3,North America,Canada,9,60398.68,543588.12
2025-09-28,X3,Europe,Italy,11,57602.8,633630.8
2025-09-30,5 Series,North America,USA,8,62567.72,500541.76
2025-09-30,3 Series,Asia,China,17,50474.02,858058.34
2025-09-30,X3,Oceania,New Zealand,10,52725.98,527259.8
2025-09-30,X3,North America,Canada,14,55439.43,776152.02
2025-09-30,X1,Asia,China,12,41571.73,498860.76
2025-10-01,X3,North America,USA,8,55567.79,444542.32
2025-10-01,5 Series,Oceania,Australia,6,62112.69,372676.14
2025-10-01,X3,North America,Canada,12,56376.89,676522.68
2025-10-01,X7,North America,USA,4,113385.52,453542.08
2025-10-03,2 Series,Asia,South Korea,8,40963.84,327710.72
2025-10-04,X1,North America,Canada,13,44172.86,574247.18
2025-10-04,iX,Middle East,Qatar,2,84439.85,168879.7
2025-10-04,i4,Europe,Italy,8,57797.56,462380.48
2025-10-05,2 Series,Asia,Japan,14,42640.25,596963.5
2025-10-05,iX,North America,USA,3,93337.47,280012.41
2025-10-06,2 Series,Africa,South Africa,7,41441.7,290091.9
2025-10-06,3 Series,Oceania,Australia,1,49159.6,49159.6
2025-10-06,3 Series,Asia,India,6,50765.89,304595.34
2025-10-07,3 Series,North America,Canada,11,45165.46,496820.06
2025-10-07,X5,Africa,Morocco,10,71506.88,715068.8
2025-10-07,X1,North America,Mexico,14,46521.95,651307.3
2025-10-09,iX,North America,Canada,6,88135.85,528815.1
2025-10-09,5 Series,Asia,Japan,9,65077.63,585698.67
2025-10-09,3 Series,Asia,Japan,9,48320.78,434887.02
2025-10-10,X1,Middle East,UAE,9,41580.7,374226.3
2025-10-10,X3,North America,Canada,14,59659.76,835236.64
2025-10-10,5 Series,Europe,France,8,63174.09,505392.72
2025-10-11,2 Series,Asia,Japan,4,41843.46,167373.84
2025-10-12,X3,Middle East,UAE,12,56151.2,673814.4
2025-10-12,X1,North America,USA,15,44598.41,668976.15
2025-10-12,3 Series,Asia,South Korea,15,48365.53,725482.95
2025-10-12,7 Series,Europe,Italy,5,101960.6,509803.0
2025-10-14,2 Series,North America,USA,13,41637.03,541281.39
2025-10-15,2 Series,North America,Mexico,5,44218.14,221090.7
2025-10-15,X5,Africa,Morocco,8,77094.01,616752.08
2025-10-16,2 Series,Middle East,Saudi Arabia,14,44573.4,624027.6
2025-10-16,X1,Asia,India,15,47806.15,717092.25
2025-10-16,i4,Europe,France,8,57301.55,458412.4
2025-10-16,2 Series,North America,USA,12,44557.39,534688.68
2025-10-16,X3,Europe,Italy,11,57890.95,636800.45
2025-10-17,i4,Asia,South Korea,10,56160.38,561603.8
2025-10-18,X3,Europe,Germany,10,56381.82,563818.2
2025-10-19,X3,Oceania,New Zealand,11,60033.31,660366.41
2025-10-19,X1,North America,USA,16,46140.25,738244.0
2025-10-20,X1,North America,Mexico,18,42294.22,761295.96
2025-10-21,iX,Europe,Italy,7,89354.21,625479.47
2025-10-21,iX,Middle East,Saudi Arabia,7,84901.3,594309.1
2025-10-22,X1,Asia,China,14,46910.85,656751.9
2025-10-22,X5,Europe,Germany,2,77251.36,154502.72
2025-10-22,3 Series,Europe,Italy,19,47316.16,899007.04
2025-10-23,2 Series,Europe,Germany,9,43387.26,390485.34
2025-10-23,X5,Europe,France,13,77494.84,1007432.92
2025-10-24,iX,Africa,South Africa,2,90533.26,181066.52
2025-10-24,7 Series,Oceania,New Zealand,1,94513.32,94513.32
2025-10-25,2 Series,Asia,South Korea,16,42101.08,673617.28
2025-10-25,i4,North America,Mexico,8,54183.75,433470.0
2025-10-27,5 Series,Asia,Japan,13,60181.16,782355.08
2025-10-27,X1,Middle East,UAE,9,46836.85,421531.65
2025-10-27,2 Series,Europe,Italy,12,41223.89,494686.68
2025-10-27,X1,Middle East,UAE,15,44262.14,663932.1
2025-10-27,i4,Africa,Morocco,10,62103.79,621037.9
2025-10-28,iX,Middle East,UAE,3,80953.91,242861.73
2025-10-28,2 Series,Asia,Japan,12,40990.04,491880.48
2025-10-29,iX,Europe,Germany,3,87952.02,263856.06
2025-10-30,iX,North America,Mexico,6,85426.05,512556.3
2025-10-30,X7,North America,Mexico,1,118855.1,118855.1
2025-10-30,X1,Asia,China,18,43663.68,785946.24
2025-10-30,5 Series,Asia,South Korea,8,61550.07,492400.56
2025-10-31,X7,Middle East,Saudi Arabia,1,116265.46,116265.46
2025-10-31,X1,Middle East,Qatar,15,46353.41,695301.15
2025-11-01,X5,Africa,South Africa,7,81565.55,570958.85
2025-11-02,2 Series,Europe,Germany,7,43135.3,301947.1
2025-11-02,iX,Middle East,Saudi Arabia,4,86721.18,346884.72
2025-11-03,X7,Africa,Egypt,2,116564.35,233128.7
2025-11-03,X1,Africa,South Africa,9,42725.82,384532.38
2025-11-04,X3,Middle East,Saudi Arabia,15,57963.2,869448.0
2025-11-05,i4,Asia,India,11,57930.11,637231.21
2025-11-05,iX,North America,Mexico,9,90592.33,815330.97
2025-11-05,3 Series,North America,Mexico,11,48630.42,534934.62
2025-11-06,2 Series,Asia,South Korea,10,40991.51,409915.1
2025-11-07,i4,Asia,China,6,57780.48,346682.88
2025-11-07,X7,Europe,Germany,3,115978.62,347935.86
2025-11-08,5 Series,Middle East,UAE,11,58956.35,648519.85
2025-11-10,2 Series,Middle East,Saudi Arabia,7,40981.57,286870.99
2025-11-10,i4,Asia,India,13,62198.5,808580.5
2025-11-11,X3,Asia,Japan,16,57126.41,914022.56
2025-11-11,3 Series,North America,USA,14,46357.7,649007.8
2025-11-11,5 Series,Asia,India,4,63705.31,254821.24
2025-11-12,5 Series,Oceania,Australia,7,63257.47,442802.29
2025-11-13,5 Series,Europe,UK,7,61270.33,428892.31
2025-11-13,2 Series,Europe,France,4,40859.44,163437.76
2025-11-13,7 Series,Europe,Italy,4,98212.26,392849.04
2025-11-16,3 Series,Asia,China,18,45705.15,822692.7
2025-11-16,X3,Asia,India,13,61056.23,793730.99
2025-11-16,X7,Europe,Italy,5,119867.3,599336.5
2025-11-17,X3,Asia,Japan,14,58288.32,816036.48
2025-11-17,X5,Asia,India,11,79332.36,872655.96
2025-11-17,X1,Europe,Germany,21,46410.88,974628.48
2025-11-17,X1,Asia,India,12,44138.78,529665.36
2025-11-17,iX,North America,Canada,6,85958.95,515753.7
2025-11-19,X5,Africa,Egypt,3,79354.62,238063.86
2025-11-19,X5,Asia,China,10,75916.67,759166.7
2025-11-20,2 Series,North America,USA,11,40426.25,444688.75
2025-11-20,3 Series,Middle East,UAE,17,49499.56,841492.52
2025-11-20,i4,Middle East,Saudi Arabia,11,55940.73,615348.03
2025-11-21,5 Series,Oceania,New Zealand,7,61509.01,430563.07
2025-11-21,X3,Middle East,Qatar,12,54060.37,648724.44
2025-11-21,5 Series,Europe,UK,7,65203.41,456423.87
2025-11-22,X1,Europe,UK,15,44667.07,670006.05
2025-11-22,5 Series,Middle East,UAE,8,65176.91,521415.28
2025-11-22,X1,Asia,South Korea,14,45262.21,633670.94
2025-11-23,X1,Middle East,UAE,15,44542.34,668135.1
2025-11-23,X1,Asia,South Korea,13,44225.79,574935.27
2025-11-24,X3,Asia,Japan,19,53787.06,1021954.14
2025-11-25,X1,Oceania,New Zealand,11,44881.91,493701.01
2025-11-25,X1,Asia,India,14,46033.04,644462.56
2025-11-26,iX,Middle East,UAE,4,83646.69,334586.76
2025-11-26,3 Series,Europe,UK,13,49365.19,641747.47
2025-11-26,3 Series,North America,USA,11,49411.74,543529.14
2025-11-27,7 Series,North America,USA,1,97329.53,97329.53
2025-11-27,X3,North America,Mexico,10,56155.2,561552.0
2025-11-28,2 Series,Middle East,UAE,10,40977.4,409774.0
2025-11-28,X5,Asia,Japan,8,79232.96,633863.68
2025-11-28,iX,Europe,Italy,6,82620.04,495720.24
2025-11-29,X1,North America,Canada,13,45016.61,585215.93
2025-11-29,3 Series,Middle East,Qatar,18,48598.04,874764.72
2025-11-29,2 Series,Europe,Italy,14,42784.54,598983.56
2025-11-30,X1,Europe,Italy,14,45400.44,635606.16
2025-12-01,X7,Asia,Japan,7,111284.08,778988.56
2025-12-01,2 Series,Asia,India,8,41334.55,330676.4
2025-12-01,X1,Middle East,UAE,7,45736.83,320157.81
2025-12-02,X5,Middle East,Saudi Arabia,8,75671.8,605374.4
2025-12-02,X1,North America,Canada,11,42784.27,470626.97
2025-12-02,2 Series,North America,Canada,14,43452.39,608333.46
2025-12-03,iX,Asia,South Korea,4,88250.13,353000.52
2025-12-03,X1,Asia,India,12,45223.8,542685.6
2025-12-04,5 Series,Middle East,Qatar,9,65363.36,588270.24
2025-12-04,5 Series,Asia,India,5,62052.04,310260.2
2025-12-04,X5,Europe,UK,9,73980.05,665820.45
2025-12-05,X1,Asia,India,13,43592.06,566696.78
2025-12-05,X1,Asia,India,22,46768.51,1028907.22
2025-12-05,i4,Europe,France,10,57490.97,574909.7
2025-12-06,X1,Middle East,UAE,10,45150.17,451501.7
2025-12-06,3 Series,Asia,South Korea,14,47614.52,666603.28
2025-12-06,X1,Asia,South Korea,15,44708.08,670621.2
2025-12-06,X3,North America,Mexico,15,57346.65,860199.75
2025-12-07,X5,Africa,Egypt,6,76731.2,460387.2
2025-12-08,2 Series,Europe,Germany,7,40126.45,280885.15
2025-12-08,X3,Asia,South Korea,17,55756.23,947855.91
2025-12-09,X5,Asia,Japan,7,79518.72,556631.04
2025-12-10,7 Series,Middle East,Qatar,5,101681.25,508406.25
2025-12-11,2 Series,North America,USA,10,39908.37,399083.7
2025-12-11,5 Series,Europe,France,15,60182.88,902743.2
2025-12-12,X1,Middle East,UAE,14,43843.7,613811.8
2025-12-13,X5,Middle East,Qatar,7,75791.27,530538.89
2025-12-14,3 Series,Oceania,New Zealand,6,47105.22,282631.32
2025-12-15,X5,Asia,India,14,82313.77,1152392.78
2025-12-15,5 Series,Europe,Italy,3,61276.03,183828.09
2025-12-15,5 Series,Middle East,Saudi Arabia,10,63057.45,630574.5
2025-12-16,X7,Asia,China,2,118209.87,236419.74
2025-12-16,2 Series,Asia,South Korea,10,40917.47,409174.7
2025-12-17,X3,Asia,South Korea,15,57454.1,861811.5
2025-12-17,3 Series,North America,Canada,12,51022.78,612273.36
2025-12-18,i4,North America,Canada,5,56518.78,282593.9
2025-12-20,7 Series,Europe,Germany,4,98423.41,393693.64
2025-12-20,X5,Africa,South Africa,8,79442.06,635536.48
2025-12-20,X5,Asia,India,9,79539.49,715855.41
2025-12-21,2 Series,North America,Canada,9,41824.68,376422.12
2025-12-23,2 Series,Europe,France,18,41602.34,748842.12
2025-12-23,3 Series,Europe,UK,9,48203.53,433831.77
2025-12-23,3 Series,North America,Mexico,19,43701.94,830336.86
2025-12-23,3 Series,Asia,India,14,47716.77,668034.78
2025-12-24,X1,Asia,South Korea,18,45690.64,822431.52
2025-12-24,3 Series,Europe,Italy,13,45257.3,588344.9
2025-12-25,X5,Europe,Italy,13,72410.5,941336.5
2025-12-26,i4,Europe,Italy,7,59354.14,415478.98
2025-12-27,2 Series,North America,Mexico,7,40065.08,280455.56
2025-12-29,X5,North America,Mexico,8,78363.5,626908.0
2025-12-30,iX,Asia,China,7,91383.79,639686.53
2025-12-30,2 Series,Asia,China,15,40419.13,606286.95
2025-12-30,X3,Asia,China,19,59127.56,1123423.64
2025-12-31,i4,Asia,China,6,56294.29,337765.74
2025-12-31,5 Series,North America,USA,9,59685.22,537166.98
2025-12-31,5 Series,Europe,UK,13,66327.73,862260.49
2026-01-01,3 Series,North America,USA,9,48405.81,435652.29
2026-01-01,2 Series,North America,USA,15,41143.0,617145.0
2026-01-01,iX,Africa,Morocco,5,84570.21,422851.05
2026-01-02,X1,Middle East,UAE,15,44042.41,660636.15
2026-01-02,5 Series,Asia,India,10,63672.37,636723.7
2026-01-02,X1,Africa,Morocco,10,48922.1,489221.0
2026-01-02,X3,Asia,Japan,13,54625.59,710132.67
2026-01-02,3 Series,Europe,UK,16,45926.68,734826.88
2026-01-03,3 Series,North America,Mexico,13,43972.2,571638.6
2026-01-03,X3,Middle East,Qatar,17,57310.55,974279.35
2026-01-03,7 Series,Europe,Italy,4,104010.29,416041.16
2026-01-03,X5,Africa,Morocco,3,77604.89,232814.67
2026-01-04,X5,Asia,India,9,67291.85,605626.65
2026-01-04,5 Series,North America,Canada,10,57847.1,578471.0
2026-01-04,iX,North America,USA,8,87142.81,697142.48
2026-01-04,3 Series,Asia,South Korea,20,49426.49,988529.8
2026-01-05,X1,Europe,UK,20,41091.88,821837.6
2026-01-05,3 Series,North America,Mexico,16,48088.13,769410.08
2026-01-06,X5,Asia,Japan,14,75328.04,1054592.56
2026-01-06,X5,North America,Canada,7,81119.09,567833.63
2026-01-07,5 Series,North America,Mexico,16,63267.18,1012274.88
2026-01-08,X3,Middle East,Qatar,14,58103.12,813443.68
2026-01-08,2 Series,Oceania,New Zealand,10,41804.16,418041.6
2026-01-09,5 Series,Asia,Japan,9,61173.06,550557.54
2026-01-09,3 Series,Middle East,Qatar,10,49760.98,497609.8
2026-01-10,X7,Europe,UK,2,113364.87,226729.74
2026-01-10,5 Series,Middle East,Saudi Arabia,5,65017.02,325085.1
2026-01-11,5 Series,Oceania,New Zealand,10,58686.05,586860.5
2026-01-11,7 Series,Europe,France,4,103735.12,414940.48
2026-01-11,X7,Asia,China,5,115468.66,577343.3
2026-01-11,X5,North America,Mexico,9,77410.04,696690.36
2026-01-12,3 Series,Asia,China,14,49581.36,694139.04
2026-01-12,X5,Europe,Italy,11,73386.27,807248.97
2026-01-12,i4,Asia,China,11,61120.39,672324.29
2026-01-13,2 Series,North America,USA,19,44448.25,844516.75
2026-01-13,3 Series,Europe,Germany,9,47143.48,424291.32
2026-01-14,X3,Asia,Japan,9,56484.65,508361.85
2026-01-15,X1,North America,Mexico,12,44882.02,538584.24
2026-01-16,X3,Europe,Italy,17,53402.85,907848.45
2026-01-16,X1,Africa,Egypt,9,46967.18,422704.62
2026-01-16,iX,North America,USA,8,89809.82,718478.56
2026-01-17,X3,Africa,South Africa,6,57837.03,347022.18
2026-01-17,X3,Asia,India,17,58853.01,1000501.17
2026-01-17,X3,North America,Mexico,11,52683.15,579514.65
2026-01-18,2 Series,Europe,Italy,14,41886.06,586404.84
2026-01-19,i4,Asia,India,14,61882.19,866350.66
2026-01-20,7 Series,Europe,Italy,2,98660.79,197321.58
2026-01-20,i4,Asia,Japan,11,55472.55,610198.05
2026-01-20,iX,Europe,UK,7,89342.02,625394.14
2026-01-21,X5,Europe,UK,9,77324.69,695922.21
2026-01-21,X5,Europe,Italy,13,77601.32,1008817.16
2026-01-21,3 Series,North America,Canada,10,48792.67,487926.7
2026-01-22,5 Series,Europe,UK,7,63424.3,443970.1
2026-01-22,3 Series,North America,Mexico,16,47016.4,752262.4
2026-01-22,X5,Middle East,Saudi Arabia,7,73307.32,513151.24
2026-01-22,X7,North America,Mexico,4,112305.74,449222.96
2026-01-22,i4,Asia,South Korea,10,56446.48,564464.8
2026-01-22,X7,Asia,Japan,3,109917.35,329752.05
2026-01-23,7 Series,Middle East,UAE,6,94543.3,567259.8
2026-01-23,X3,Asia,Japan,8,57223.86,457790.88
2026-01-23,3 Series,Europe,France,15,48654.11,729811.65
2026-01-24,3 Series,North America,USA,14,45045.55,630637.7
2026-01-25,X5,Europe,Germany,11,78257.71,860834.81
2026-01-25,X5,Asia,Japan,9,79435.92,714923.28
2026-01-26,X5,Asia,India,7,85114.32,595800.24
2026-01-27,5 Series,Asia,India,8,61787.71,494301.68
2026-01-28,iX,North America,USA,11,86619.61,952815.71
2026-01-28,X5,Africa,South Africa,5,78365.24,391826.2
2026-01-29,3 Series,Asia,Japan,17,46069.52,783181.84
2026-01-30,i4,Europe,France,10,56988.52,569885.2
2026-01-30,5 Series,Europe,France,9,58281.39,524532.51
2026-01-30,3 Series,Oceania,New Zealand,10,48561.67,485616.7
2026-01-31,X5,North America,Mexico,9,81510.08,733590.72
2026-01-31,2 Series,Africa,Egypt,11,45877.69,504654.59
2026-02-02,X5,Europe,Germany,5,80140.89,400704.45
2026-02-03,X3,North America,USA,13,55282.19,718668.47
2026-02-03,5 Series,Europe,Germany,10,61289.88,612898.8
2026-02-04,X1,Middle East,Qatar,16,43820.83,701133.28
2026-02-04,2 Series,North America,Canada,10,43527.79,435277.9
2026-02-05,iX,Europe,UK,10,82416.36,824163.6
2026-02-05,2 Series,Europe,Italy,12,42606.79,511281.48
2026-02-05,X1,Europe,Italy,19,45726.89,868810.91
2026-02-05,2 Series,North America,USA,8,40491.02,323928.16
2026-02-06,X5,Asia,South Korea,11,75814.01,833954.11
2026-02-06,7 Series,Europe,Italy,6,99572.57,597435.42
2026-02-06,7 Series,Middle East,Saudi Arabia,9,98330.71,884976.39
2026-02-06,iX,Oceania,New Zealand,4,89995.41,359981.64
2026-02-07,3 Series,Asia,India,21,44808.55,940979.55
2026-02-07,3 Series,North America,Mexico,18,46455.37,836196.66
2026-02-08,X5,Europe,UK,10,79079.82,790798.2
2026-02-08,i4,North America,Mexico,3,54888.62,164665.86
2026-02-09,X3,Asia,China,18,56326.2,1013871.6
2026-02-10,5 Series,North America,USA,12,61339.12,736069.44
2026-02-10,X3,North America,Mexico,19,52670.8,1000745.2
2026-02-11,3 Series,Oceania,Australia,10,50107.54,501075.4
2026-02-11,X1,Asia,China,19,46024.35,874462.65
2026-02-11,X3,Asia,Japan,21,56832.01,1193472.21
2026-02-12,X1,Middle East,Saudi Arabia,12,46128.57,553542.84
2026-02-12,X1,Europe,France,12,45881.13,550573.56
2026-02-12,3 Series,North America,Canada,16,46724.66,747594.56
2026-02-13,X3,Middle East,Qatar,9,54971.37,494742.33
2026-02-13,X1,Middle East,Saudi Arabia,16,44735.29,715764.64
2026-02-14,5 Series,Asia,China,9,62868.63,565817.67
2026-02-14,X1,North America,Mexico,14,43831.13,613635.82
2026-02-14,5 Series,North America,USA,9,62571.15,563140.35
2026-02-15,X5,North America,USA,12,75226.43,902717.16
2026-02-15,X1,Oceania,New Zealand,15,42999.11,644986.65
2026-02-16,X3,Europe,UK,17,56285.22,956848.74
2026-02-18,i4,Asia,China,11,60970.14,670671.54
2026-02-19,X5,Middle East,Saudi Arabia,5,73489.04,367445.2
2026-02-20,X5,North America,USA,10,77390.25,773902.5
2026-02-20,X1,North America,Canada,13,43686.76,567927.88
2026-02-21,X1,Asia,India,14,41602.76,582438.64
2026-02-21,i4,Europe,UK,12,57071.38,684856.56
2026-02-21,7 Series,North America,Mexico,10,95109.39,951093.9
2026-02-22,iX,North America,Canada,11,88169.88,969868.68
2026-02-23,X1,Europe,France,12,42518.9,510226.8
2026-02-23,3 Series,North America,USA,15,48610.9,729163.5
2026-02-23,X1,Europe,France,16,45508.69,728139.04
2026-02-24,X3,Europe,UK,17,57161.01,971737.17
2026-02-24,3 Series,Middle East,Saudi Arabia,14,48658.05,681212.7
2026-02-24,iX,North America,Canada,9,90490.12,814411.08
2026-02-24,3 Series,North America,Canada,10,47895.52,478955.2
2026-02-25,X1,Europe,Germany,14,45003.0,630042.0
2026-02-25,iX,Oceania,Australia,3,90878.23,272634.69
2026-02-25,X3,Europe,France,16,59817.63,957082.08
2026-02-26,X3,Middle East,Saudi Arabia,13,56428.48,733570.24
2026-02-27,5 Series,Oceania,Australia,7,64554.54,451881.78
2026-02-27,i4,North America,Mexico,12,57819.49,693833.88
2026-02-27,5 Series,Oceania,New Zealand,6,62033.11,372198.66
2026-02-27,5 Series,Asia,China,8,63486.55,507892.4
2026-02-28,5 Series,Europe,Italy,8,57512.76,460102.08
2026-03-01,5 Series,Europe,UK,12,61214.98,734579.76
2026-03-01,2 Series,Europe,France,11,41425.62,455681.82
2026-03-01,X5,Asia,China,9,77337.43,696036.87
2026-03-02,iX,Asia,Japan,10,88282.47,882824.7
2026-03-03,7 Series,Asia,China,2,101956.81,203913.62
2026-03-03,iX,North America,Mexico,10,91225.38,912253.8
2026-03-03,5 Series,Middle East,Qatar,12,62535.41,750424.92
2026-03-03,X1,Asia,China,17,43947.48,747107.16
2026-03-06,2 Series,Europe,Germany,15,39904.49,598567.35
2026-03-07,X1,Europe,UK,16,46045.88,736734.08
2026-03-08,2 Series,Oceania,Australia,6,42170.77,253024.62
2026-03-08,3 Series,Europe,Italy,19,50506.01,959614.19
2026-03-10,5 Series,Asia,South Korea,13,62660.1,814581.3
2026-03-10,5 Series,Europe,Italy,13,61109.36,794421.68
2026-03-10,iX,North America,USA,12,88742.05,1064904.6
2026-03-11,3 Series,Africa,Egypt,5,46597.4,232987.0
2026-03-11,2 Series,Asia,South Korea,16,43804.8,700876.8
2026-03-12,5 Series,North America,Mexico,16,57638.88,922222.08
2026-03-18,X5,Africa,Egypt,6,77600.13,465600.78
2026-03-18,X7,Middle East,Saudi Arabia,3,115517.73,346553.19
2026-03-18,2 Series,Asia,India,13,42136.94,547780.22
2026-03-18,X3,Africa,South Africa,12,57765.04,693180.48
2026-03-18,X1,Asia,South Korea,19,43863.77,833411.63
2026-03-19,2 Series,Middle East,Qatar,17,43243.4,735137.8
2026-03-19,3 Series,Africa,South Africa,12,46923.91,563086.92
2026-03-19,2 Series,Asia,South Korea,11,45168.34,496851.74
2026-03-20,X3,Africa,Egypt,13,60330.0,784290.0
2026-03-20,X5,Europe,Italy,8,84522.07,676176.56
2026-03-20,X3,Asia,India,23,54481.39,1253071.97
2026-03-20,X5,Oceania,Australia,6,75445.32,452671.92
2026-03-21,2 Series,Oceania,Australia,14,40371.33,565198.62
2026-03-22,X1,Middle East,Qatar,32,44939.64,1438068.48
2026-03-23,2 Series,Europe,Germany,14,41878.19,586294.66
2026-03-24,X1,Middle East,Saudi Arabia,19,42814.7,813479.3
2026-03-25,X5,Asia,China,7,77967.99,545775.93
2026-03-25,3 Series,North America,USA,23,47817.15,1099794.45
2026-03-26,X3,North America,Mexico,19,53584.65,1018108.35
2026-03-26,X3,Oceania,Australia,11,55229.62,607525.82
2026-03-28,2 Series,Middle East,Qatar,12,41340.01,496080.12
2026-03-29,X3,Oceania,Australia,16,57124.87,913997.92
2026-03-29,X1,North America,Canada,29,43309.94,1255988.26
2026-03-30,5 Series,Oceania,New Zealand,6,61616.3,369697.8
2026-03-31,X1,Middle East,Saudi Arabia,15,46470.71,697060.65
2026-03-31,X1,North America,USA,17,46597.63,792159.71
2026-03-31,5 Series,Asia,South Korea,14,62964.9,881508.6
2026-03-31,7 Series,Asia,South Korea,7,100685.24,704796.68
2026-03-31,X3,Asia,Japan,20,57714.68,1154293.6
2026-03-31,X1,North America,USA,21,48004.3,1008090.3
2026-03-31,3 Series,Asia,India,14,48715.85,682021.9
2026-03-31,2 Series,Asia,China,15,42048.18,630722.7
2026-04-01,3 Series,Europe,Italy,12,49932.45,599189.4
2026-04-01,2 Series,North America,Canada,22,39663.92,872606.24
2026-04-01,3 Series,Asia,Japan,25,45404.31,1135107.75
2026-04-02,X7,Europe,France,3,115980.62,347941.86
2026-04-03,X1,Oceania,New Zealand,17,46136.63,784322.71
2026-04-03,X1,North America,USA,21,43560.58,914772.18
2026-04-04,X3,North America,Canada,22,54308.41,1194785.02
2026-04-04,2 Series,Africa,Egypt,7,41045.56,287318.92
2026-04-04,X1,Europe,UK,16,44893.03,718288.48
2026-04-05,i4,Europe,France,5,58114.72,290573.6
2026-04-05,iX,Asia,China,3,87036.18,261108.54
2026-04-06,X3,Europe,Germany,17,59550.3,1012355.1
2026-04-07,2 Series,Africa,Egypt,6,39759.5,238557.0
2026-04-07,iX,Middle East,UAE,7,87423.13,611961.91
2026-04-07,X3,Europe,Italy,15,49646.63,744699.45
2026-04-08,3 Series,Asia,China,18,47855.7,861402.6
2026-04-08,X5,North America,USA,9,78124.47,703120.23
2026-04-09,X1,Europe,UK,17,43142.9,733429.3
2026-04-09,2 Series,Asia,China,13,40636.41,528273.33
2026-04-10,X3,Asia,South Korea,16,57285.0,916560.0
2026-04-10,X1,Asia,China,12,46282.79,555393.48
2026-04-11,5 Series,Europe,UK,7,60641.17,424488.19
2026-04-11,2 Series,Asia,Japan,14,40178.59,562500.26
2026-04-11,X1,Europe,France,19,46356.4,880771.6
2026-04-12,X1,North America,USA,23,43251.74,994790.02
2026-04-13,X5,North America,Mexico,10,77429.37,774293.7
2026-04-13,i4,North America,Mexico,10,59849.22,598492.2
2026-04-14,X3,Europe,UK,10,54592.59,545925.9
2026-04-14,2 Series,Asia,India,14,39957.24,559401.36
2026-04-15,2 Series,Africa,South Africa,7,41413.8,289896.6
2026-04-16,i4,Asia,China,13,57812.55,751563.15
2026-04-16,iX,Asia,India,9,85745.55,771709.95
2026-04-16,iX,North America,Canada,11,86672.48,953397.28
2026-04-16,5 Series,North America,USA,13,62325.08,810226.04
2026-04-17,3 Series,Asia,India,21,47817.4,1004165.4
2026-04-17,2 Series,Asia,China,15,42003.36,630050.4
2026-04-18,X3,North America,Canada,18,55354.17,996375.06
2026-04-18,3 Series,Asia,India,12,49887.36,598648.32
2026-04-19,i4,North America,Mexico,11,54380.06,598180.66
2026-04-19,3 Series,North America,USA,16,49295.7,788731.2
2026-04-19,5 Series,Europe,UK,20,59094.02,1181880.4
2026-04-20,X5,Asia,South Korea,12,74773.48,897281.76
2026-04-21,X5,Europe,France,16,75920.22,1214723.52
2026-04-21,iX,Africa,Egypt,4,85831.68,343326.72
2026-04-22,X1,Middle East,Saudi Arabia,14,47930.58,671028.12
2026-04-22,5 Series,Asia,India,26,62842.33,1633900.58
2026-04-22,X1,Asia,South Korea,17,46568.04,791656.68
2026-04-23,X1,Europe,Italy,13,44211.89,574754.57
2026-04-23,i4,Asia,China,9,58727.16,528544.44
2026-04-23,X5,Asia,Japan,8,80358.57,642868.56
2026-04-23,7 Series,Asia,South Korea,4,102761.91,411047.64
2026-04-23,iX,North America,Mexico,3,86242.26,258726.78
2026-04-24,2 Series,Asia,China,16,42122.24,673955.84
2026-04-24,i4,Asia,Japan,9,56244.61,506201.49
2026-04-26,X1,Asia,India,17,43095.77,732628.09
2026-04-26,X3,Europe,France,23,59959.92,1379078.16
2026-04-26,X3,Asia,India,15,52902.02,793530.3
2026-04-26,i4,Asia,India,10,59754.23,597542.3
2026-04-26,X3,Middle East,Saudi Arabia,11,59368.45,653052.95
2026-04-27,X5,North America,USA,15,84191.81,1262877.15
2026-04-27,i4,Asia,Japan,9,59484.7,535362.3
2026-04-28,3 Series,North America,Mexico,22,47144.55,1037180.1
2026-04-28,3 Series,Middle East,UAE,9,48520.5,436684.5
2026-04-28,5 Series,Europe,UK,18,58463.48,1052342.64
2026-04-29,3 Series,Europe,Germany,18,51712.56,930826.08
2026-04-29,X3,Asia,South Korea,19,55824.59,1060667.21
2026-04-30,5 Series,Asia,Japan,13,63159.23,821069.99
2026-05-01,X3,Asia,Japan,19,56902.22,1081142.18
2026-05-01,X5,North America,Mexico,8,76303.7,610429.6
2026-05-02,X1,Oceania,Australia,7,45136.6,315956.2
2026-05-02,5 Series,Asia,India,16,59860.81,957772.96
2026-05-03,3 Series,Europe,France,12,48251.02,579012.24
2026-05-04,X5,Europe,France,13,78428.76,1019573.88
2026-05-05,X5,Europe,France,7,76074.77,532523.39
2026-05-05,X3,Middle East,Qatar,20,60472.04,1209440.8
2026-05-06,2 Series,Asia,Japan,14,43703.84,611853.76
2026-05-06,X1,North America,Mexico,14,45848.98,641885.72
2026-05-06,X5,Europe,Italy,6,79004.33,474025.98
2026-05-07,5 Series,Oceania,New Zealand,7,62328.17,436297.19
2026-05-07,X3,Asia,Japan,22,54093.38,1190054.36
2026-05-08,2 Series,Middle East,Qatar,12,43538.67,522464.04
2026-05-08,2 Series,Middle East,Saudi Arabia,10,40535.01,405350.1
2026-05-08,3 Series,Asia,Japan,16,48704.09,779265.44
2026-05-08,X5,Oceania,New Zealand,13,76886.39,999523.07
2026-05-08,3 Series,Asia,India,16,49887.04,798192.64
2026-05-09,X7,Oceania,Australia,4,118880.45,475521.8
2026-05-10,X3,Europe,UK,14,57093.26,799305.64
2026-05-10,X3,Asia,India,20,53105.21,1062104.2
2026-05-11,X3,Europe,France,12,58928.73,707144.76
2026-05-11,iX,Asia,Japan,9,87153.88,784384.92
2026-05-11,5 Series,Asia,China,17,63504.1,1079569.7
2026-05-12,5 Series,Middle East,Qatar,13,58809.04,764517.52
2026-05-12,X3,Asia,Japan,11,55265.91,607925.01
2026-05-12,X1,North America,Mexico,16,45912.38,734598.08
2026-05-12,X3,Oceania,Australia,6,59988.62,359931.72
2026-05-12,5 Series,Europe,UK,21,63841.82,1340678.22
2026-05-13,2 Series,North America,Canada,8,39787.4,318299.2
2026-05-14,X1,Africa,Morocco,6,46360.68,278164.08
2026-05-14,3 Series,Asia,Japan,17,43749.12,743735.04
2026-05-15,X5,North America,Canada,10,76335.29,763352.9
2026-05-15,3 Series,Asia,South Korea,11,47579.82,523378.02
2026-05-15,X3,North America,USA,21,54730.28,1149335.88
2026-05-16,X1,Asia,South Korea,19,43432.32,825214.08
2026-05-17,7 Series,Middle East,Qatar,5,95122.34,475611.7
2026-05-17,3 Series,Europe,France,13,46296.73,601857.49
2026-05-17,7 Series,Europe,UK,6,96556.1,579336.6
2026-05-18,iX,Europe,France,11,89336.45,982700.95
2026-05-18,3 Series,Oceania,Australia,6,48113.84,288683.04
2026-05-18,X1,Europe,UK,29,47588.55,1380067.95
2026-05-19,iX,Europe,Germany,7,84559.48,591916.36
2026-05-19,X1,Europe,UK,17,47884.1,814029.7
2026-05-19,X3,North America,USA,17,56487.9,960294.3
2026-05-20,iX,Europe,France,11,88351.62,971867.82
2026-05-20,X3,North America,USA,19,54620.75,1037794.25
2026-05-21,X7,Middle East,Saudi Arabia,4,114581.2,458324.8
2026-05-23,7 Series,Asia,China,4,100233.15,400932.6
2026-05-23,5 Series,Middle East,Qatar,10,59702.82,597028.2
2026-05-24,3 Series,Asia,India,7,49577.45,347042.15
2026-05-25,5 Series,Asia,South Korea,14,63073.27,883025.78
2026-05-26,2 Series,Asia,Japan,10,42847.16,428471.6
2026-05-26,X5,Oceania,Australia,7,77949.46,545646.22
2026-05-27,X1,Europe,UK,18,44177.64,795197.52
2026-05-27,3 Series,Europe,UK,14,48100.8,673411.2
2026-05-27,7 Series,Asia,South Korea,8,100496.05,803968.4
2026-05-28,i4,Asia,China,13,61019.18,793249.34
2026-05-28,2 Series,North America,Canada,8,44200.23,353601.84
2026-05-30,X1,Africa,Morocco,10,48437.21,484372.1
2026-05-30,X1,North America,USA,13,48782.49,634172.37
2026-05-31,X3,Europe,Germany,23,58811.25,1352658.75
2026-05-31,7 Series,Asia,China,11,98833.09,1087163.99
2026-05-31,X5,North America,Mexico,8,75366.81,602934.48
2026-05-31,i4,Europe,Germany,10,55513.38,555133.8
2026-05-31,iX,North America,Mexico,12,89770.15,1077241.8
2026-06-01,i4,North America,USA,10,58389.86,583898.6
2026-06-01,iX,North America,Canada,8,88326.8,706614.4
2026-06-01,3 Series,Oceania,New Zealand,11,49586.74,545454.14
2026-06-02,X5,Europe,Germany,14,77900.09,1090601.26
2026-06-03,i4,Asia,China,15,57859.07,867886.05
2026-06-03,2 Series,Asia,Japan,7,40337.39,282361.73
2026-06-03,X3,Europe,France,17,54545.23,927268.91
2026-06-04,X1,Europe,Italy,22,46968.01,1033296.22
2026-06-04,3 Series,Oceania,New Zealand,10,50037.79,500377.9
2026-06-04,3 Series,North America,Mexico,18,49685.11,894331.98
2026-06-05,2 Series,Europe,Germany,10,43713.9,437139.0
2026-06-05,5 Series,North America,USA,7,62581.2,438068.4
2026-06-05,7 Series,North America,USA,5,101259.11,506295.55
2026-06-05,iX,Asia,India,7,86763.01,607341.07
2026-06-05,X3,Europe,Italy,17,58639.28,996867.76
2026-06-06,7 Series,Middle East,UAE,5,90858.4,454292.0
2026-06-07,X3,Oceania,Australia,5,51111.74,255558.7
2026-06-08,X3,Asia,India,15,57119.54,856793.1
2026-06-09,2 Series,Europe,UK,19,42721.51,811708.69
2026-06-09,5 Series,Europe,Italy,12,61720.34,740644.08
2026-06-09,i4,Asia,China,11,56563.9,622202.9
2026-06-10,X5,Middle East,UAE,7,83520.54,584643.78
2026-06-10,X1,Middle East,Qatar,10,45703.82,457038.2
2026-06-11,7 Series,Europe,France,4,102479.19,409916.76
2026-06-11,i4,Europe,France,11,59248.37,651732.07
2026-06-12,X3,Africa,Egypt,7,54473.8,381316.6
2026-06-12,X1,Africa,Morocco,8,42325.18,338601.44
2026-06-12,X1,Asia,India,15,42967.01,644505.15
2026-06-13,X5,North America,USA,7,82495.74,577470.18
2026-06-13,i4,Asia,Japan,11,59733.04,657063.44
2026-06-14,i4,North America,USA,8,57433.87,459470.96
2026-06-14,X3,Middle East,Qatar,12,52606.85,631282.2
2026-06-14,5 Series,North America,Mexico,12,68332.44,819989.28
2026-06-15,X1,Asia,China,18,44690.86,804435.48
2026-06-15,X5,Middle East,Saudi Arabia,8,77770.95,622167.6
2026-06-16,3 Series,Asia,India,16,48024.0,768384.0
2026-06-16,X7,Middle East,UAE,1,115635.78,115635.78
2026-06-17,X1,North America,Mexico,10,49097.48,490974.8
2026-06-19,iX,Europe,Germany,5,87276.46,436382.3
2026-06-20,3 Series,Oceania,Australia,11,49574.54,545319.94
2026-06-20,i4,Europe,France,11,61423.79,675661.69
2026-06-21,X1,Europe,Germany,15,45101.06,676515.9
2026-06-22,X1,Asia,South Korea,16,43475.79,695612.64
2026-06-22,X1,Asia,India,21,44426.84,932963.64
2026-06-22,X7,Europe,UK,4,117663.19,470652.76
2026-06-22,3 Series,Asia,South Korea,27,49595.32,1339073.64
2026-06-24,7 Series,North America,USA,3,90917.2,272751.6
2026-06-25,3 Series,Asia,India,16,48726.25,779620.0
2026-06-26,X7,Asia,India,2,111581.45,223162.9
2026-06-26,iX,Europe,Germany,4,88002.75,352011.0
2026-06-26,i4,Middle East,UAE,8,56015.95,448127.6
2026-06-28,i4,Middle East,Qatar,7,63135.02,441945.14
2026-06-28,iX,Asia,South Korea,7,83295.43,583068.01
2026-06-28,3 Series,Oceania,New Zealand,17,48561.32,825542.44
2026-06-29,5 Series,Asia,Japan,12,59884.81,718617.72
2026-06-30,i4,Asia,China,10,58069.75,580697.5
2026-06-30,X3,Asia,China,19,55624.6,1056867.4
2026-06-30,iX,Middle East,Qatar,6,84057.78,504346.68
2026-07-01,5 Series,North America,Mexico,3,63785.22,191355.66
2026-07-01,X1,Oceania,Australia,12,45071.52,540858.24
2026-07-01,5 Series,North America,Mexico,10,64403.7,644037.0
2026-07-02,X1,Asia,India,19,45773.24,869691.56
2026-07-02,3 Series,Europe,Italy,9,48563.33,437069.97
2026-07-03,7 Series,Asia,Japan,3,97786.12,293358.36
2026-07-03,X5,Asia,South Korea,12,74069.99,888839.88
2026-07-04,X5,Europe,Germany,9,80548.23,724934.07
2026-07-04,X3,Europe,Italy,10,54791.01,547910.1
2026-07-04,iX,North America,Canada,6,83247.25,499483.5
2026-07-04,X1,Asia,Japan,27,45284.34,1222677.18
2026-07-05,X5,Europe,France,9,82866.1,745794.9
2026-07-05,3 Series,Oceania,Australia,9,49015.87,441142.83
2026-07-05,2 Series,North America,Canada,13,41730.2,542492.6
2026-07-05,2 Series,Asia,South Korea,18,41121.69,740190.42
2026-07-06,7 Series,Asia,Japan,1,95851.74,95851.74
2026-07-06,iX,Europe,Germany,3,86363.6,259090.8
2026-07-06,X7,North America,Mexico,3,120979.78,362939.34
2026-07-07,iX,Europe,Germany,12,86553.97,1038647.64
2026-07-07,3 Series,Europe,Italy,13,47949.31,623341.03
2026-07-07,X1,Asia,South Korea,11,47164.89,518813.79
2026-07-07,X5,Asia,China,7,81941.22,573588.54
2026-07-08,3 Series,Europe,UK,17,46968.27,798460.59
2026-07-10,5 Series,North America,Canada,11,61871.07,680581.77
2026-07-10,X1,Oceania,Australia,11,45127.8,496405.8
2026-07-10,X3,Europe,Germany,18,53768.77,967837.86
2026-07-10,i4,Europe,France,11,57768.46,635453.06
2026-07-11,7 Series,North America,Mexico,5,97388.88,486944.4
2026-07-12,iX,Asia,Japan,10,86685.05,866850.5
2026-07-13,5 Series,Europe,UK,13,60893.89,791620.57
2026-07-13,5 Series,North America,Canada,12,68040.8,816489.6
2026-07-13,X1,North America,Canada,21,45468.03,954828.63
2026-07-15,X3,Asia,China,16,58597.85,937565.6
2026-07-15,X1,Europe,UK,19,44617.18,847726.42
2026-07-15,iX,North America,USA,8,92686.2,741489.6
2026-07-15,i4,Asia,China,9,62243.14,560188.26
2026-07-16,X7,North America,Canada,3,114926.12,344778.36
2026-07-17,i4,Oceania,New Zealand,8,54410.07,435280.56
2026-07-17,X3,Europe,France,19,54838.98,1041940.62
2026-07-17,5 Series,Asia,South Korea,8,62366.73,498933.84
2026-07-18,X5,Asia,India,9,77694.66,699251.94
2026-07-18,X1,North America,Canada,10,45823.44,458234.4
2026-07-19,3 Series,Middle East,Qatar,7,46702.72,326919.04
2026-07-19,7 Series,Oceania,New Zealand,2,100769.92,201539.84
2026-07-20,X1,Asia,India,20,44532.86,890657.2
2026-07-21,X1,Europe,Germany,14,44180.37,618525.18
2026-07-21,X5,Middle East,UAE,6,78077.71,468466.26
2026-07-21,2 Series,Africa,South Africa,7,42878.65,300150.55
2026-07-21,7 Series,Africa,Egypt,3,99953.09,299859.27
2026-07-21,iX,Middle East,Saudi Arabia,6,87066.58,522399.48
2026-07-22,7 Series,Asia,Japan,6,94425.79,566554.74
2026-07-22,X3,Europe,Italy,21,56854.0,1193934.0
2026-07-22,X5,Europe,UK,4,79341.56,317366.24
2026-07-23,X7,Africa,Morocco,2,114382.34,228764.68
2026-07-23,iX,North America,USA,5,80089.38,400446.9
2026-07-23,X1,Asia,India,17,46050.61,782860.37
2026-07-24,X5,Oceania,Australia,7,76452.99,535170.93
2026-07-25,5 Series,Asia,India,11,60007.92,660087.12
2026-07-26,3 Series,Europe,Germany,14,44941.73,629184.22
2026-07-27,X3,North America,Canada,19,56687.47,1077061.93
2026-07-28,X7,Asia,India,7,119476.2,836333.4
2026-07-28,5 Series,Asia,China,11,55486.8,610354.8
2026-07-30,X5,Europe,France,8,83681.99,669455.92
2026-07-31,2 Series,North America,Canada,14,41424.3,579940.2
2026-07-31,5 Series,Middle East,Qatar,11,61209.49,673304.39
2026-08-01,X3,North America,Canada,15,55393.79,830906.85
2026-08-01,3 Series,Oceania,New Zealand,12,46779.07,561348.84
2026-08-01,5 Series,Asia,Japan,12,63457.22,761486.64
2026-08-01,i4,Asia,China,7,60523.77,423666.39
2026-08-04,X3,North America,Mexico,22,58068.68,1277510.96
2026-08-06,X1,Asia,China,20,47948.0,958960.0
2026-08-06,7 Series,Oceania,Australia,2,97247.38,194494.76
2026-08-07,5 Series,Oceania,Australia,6,60460.71,362764.26
2026-08-07,i4,Europe,Italy,8,61282.77,490262.16
2026-08-07,X3,Europe,UK,14,56444.3,790220.2
2026-08-08,X3,Asia,Japan,22,55668.52,1224707.44
2026-08-09,5 Series,North America,Mexico,10,61655.73,616557.3
2026-08-09,X3,Europe,Germany,14,54940.86,769172.04
2026-08-10,X1,North America,Mexico,16,45367.04,725872.64
2026-08-11,2 Series,Asia,China,11,42784.22,470626.42
2026-08-12,5 Series,Europe,Italy,9,65182.39,586641.51
2026-08-12,X1,Asia,India,22,46397.82,1020752.04
2026-08-12,5 Series,Asia,China,18,62456.93,1124224.74
2026-08-12,X3,North America,Mexico,18,55654.04,1001772.72
2026-08-13,7 Series,Europe,Germany,4,98550.57,394202.28
2026-08-13,5 Series,Asia,China,9,62905.75,566151.75
2026-08-14,X3,Oceania,Australia,16,56817.9,909086.4
2026-08-14,3 Series,North America,Mexico,15,47974.28,719614.2
2026-08-14,X1,Asia,Japan,29,44579.49,1292805.21
2026-08-15,X1,North America,Canada,18,43314.81,779666.58
2026-08-15,3 Series,Asia,Japan,17,45867.59,779749.03
2026-08-15,X1,North America,Mexico,17,45798.56,778575.52
2026-08-16,2 Series,Europe,Italy,11,42560.7,468167.7
2026-08-17,5 Series,Oceania,Australia,7,60666.92,424668.44
2026-08-17,iX,Africa,Egypt,2,82337.07,164674.14
2026-08-17,X1,Europe,Italy,16,45685.5,730968.0
2026-08-17,3 Series,Europe,Germany,13,51057.5,663747.5
2026-08-18,X1,North America,USA,13,48047.16,624613.08
2026-08-18,3 Series,Middle East,Qatar,14,52523.2,735324.8
2026-08-19,5 Series,Europe,Italy,7,63148.08,442036.56
2026-08-19,2 Series,Europe,Italy,12,41844.49,502133.88
2026-08-19,2 Series,North America,USA,5,40531.01,202655.05
2026-08-19,7 Series,Asia,Japan,5,101729.97,508649.85
2026-08-20,X1,North America,USA,19,45843.35,871023.65
2026-08-20,X5,North America,Canada,10,75547.66,755476.6
2026-08-21,iX,North America,USA,8,86500.07,692000.56
2026-08-21,i4,North America,USA,8,59956.62,479652.96
2026-08-22,5 Series,Asia,Japan,10,65232.87,652328.7
2026-08-22,X5,Europe,France,9,76389.55,687505.95
2026-08-23,X5,Oceania,Australia,9,79902.77,719124.93
2026-08-24,3 Series,North America,USA,12,46419.08,557028.96
2026-08-24,i4,Europe,Germany,6,57391.38,344348.28
2026-08-24,X3,Europe,UK,12,54535.14,654421.68
2026-08-25,2 Series,North America,Canada,9,42866.0,385794.0
2026-08-25,5 Series,Europe,UK,6,65407.14,392442.84
2026-08-25,5 Series,Middle East,Saudi Arabia,9,63921.7,575295.3
2026-08-26,i4,North America,Mexico,6,63344.14,380064.84
2026-08-27,X3,Europe,UK,17,57892.59,984174.03
2026-08-28,X1,Asia,South Korea,19,43383.92,824294.48
2026-08-28,X1,Middle East,Qatar,14,43976.29,615668.06
2026-08-29,X5,Asia,Japan,5,73834.74,369173.7
2026-08-29,X3,North America,Canada,12,55377.05,664524.6
2026-08-29,3 Series,Middle East,Saudi Arabia,15,45629.86,684447.9
2026-08-29,iX,Europe,UK,2,90606.06,181212.12
2026-08-29,i4,North America,Canada,8,57493.81,459950.48
2026-08-29,2 Series,North America,Mexico,19,41646.76,791288.44
2026-08-30,5 Series,Middle East,Saudi Arabia,7,60568.66,423980.62
2026-08-31,X3,Oceania,New Zealand,10,55615.2,556152.0
2026-09-01,i4,Asia,India,9,57138.08,514242.72
2026-09-01,iX,Asia,India,8,91677.6,733420.8
2026-09-01,3 Series,North America,Mexico,16,48256.47,772103.52
2026-09-01,7 Series,Asia,Japan,3,104301.73,312905.19
2026-09-01,X1,North America,Mexico,15,46728.25,700923.75
2026-09-01,X1,Middle East,UAE,15,42398.98,635984.7
2026-09-02,i4,Europe,UK,10,59623.85,596238.5
2026-09-04,5 Series,North America,Canada,11,60521.4,665735.4
2026-09-04,2 Series,Oceania,Australia,16,43931.8,702908.8
2026-09-05,X1,Asia,India,18,45104.1,811873.8
2026-09-05,3 Series,North America,USA,17,48236.62,820022.54
2026-09-05,5 Series,North America,Mexico,14,60135.23,841893.22
2026-09-05,3 Series,Africa,Egypt,10,49767.0,497670.0
2026-09-06,X3,North America,USA,13,57420.67,746468.71
2026-09-06,X5,Europe,Italy,13,77816.02,1011608.26
2026-09-06,i4,North America,USA,5,57250.67,286253.35
2026-09-07,2 Series,Asia,India,12,40988.0,491856.0
2026-09-07,X7,Europe,France,4,117724.9,470899.6
2026-09-07,X3,Asia,India,13,58981.81,766763.53
2026-09-08,X1,Asia,South Korea,18,43413.58,781444.44
2026-09-09,2 Series,Asia,South Korea,14,41327.2,578580.8
2026-09-09,X3,Asia,China,19,52015.32,988291.08
2026-09-09,X1,Europe,Germany,15,44933.65,674004.75
2026-09-09,X5,North America,Canada,7,81381.26,569668.82
2026-09-10,5 Series,North America,Canada,14,62643.11,877003.54
2026-09-11,2 Series,Asia,South Korea,13,41514.65,539690.45
2026-09-11,X5,Asia,India,11,75267.98,827947.78
2026-09-11,X3,Asia,China,10,61207.73,612077.3
2026-09-13,iX,North America,Canada,4,89524.2,358096.8
2026-09-13,X3,Africa,South Africa,5,51317.21,256586.05
2026-09-13,3 Series,North America,Mexico,15,44953.77,674306.55
2026-09-13,iX,Middle East,Qatar,4,84959.5,339838.0
2026-09-14,X7,Asia,South Korea,3,120193.77,360581.31
2026-09-14,3 Series,Asia,China,10,45325.2,453252.0
2026-09-15,iX,North America,Mexico,11,95049.68,1045546.48
2026-09-17,7 Series,Europe,UK,2,93942.27,187884.54
2026-09-17,3 Series,Europe,Germany,15,45156.21,677343.15
2026-09-17,X3,Africa,South Africa,11,55771.35,613484.85
2026-09-17,5 Series,North America,USA,10,62298.05,622980.5
2026-09-18,2 Series,Asia,South Korea,7,42274.68,295922.76
2026-09-18,2 Series,Europe,France,20,40625.79,812515.8
2026-09-19,7 Series,Asia,India,3,99546.84,298640.52
2026-09-20,7 Series,Asia,India,5,100808.37,504041.85
2026-09-20,X5,Asia,South Korea,13,78384.62,1019000.06
2026-09-20,X1,Middle East,Saudi Arabia,16,43232.09,691713.44
2026-09-21,X7,Oceania,New Zealand,5,110673.53,553367.65
2026-09-22,7 Series,Asia,India,2,97813.63,195627.26
2026-09-23,X3,Oceania,Australia,12,56412.32,676947.84
2026-09-24,X3,Europe,Italy,9,56820.55,511384.95
2026-09-24,iX,Asia,South Korea,9,85640.95,770768.55
2026-09-25,X3,Europe,Italy,16,58019.95,928319.2
2026-09-25,X1,Oceania,New Zealand,5,46610.34,233051.7
2026-09-25,5 Series,North America,Canada,11,66081.25,726893.75
2026-09-26,3 Series,Asia,India,12,45590.73,547088.76
2026-09-26,2 Series,Asia,India,11,42299.62,465295.82
2026-09-26,7 Series,Asia,South Korea,6,97226.0,583356.0
2026-09-27,2 Series,North America,Canada,7,45722.61,320058.27
2026-09-28,5 Series,Asia,China,8,63527.42,508219.36
2026-09-28,2 Series,Europe,UK,17,42147.36,716505.12
2026-09-29,X1,Asia,India,21,44249.83,929246.43
2026-09-29,X5,Europe,UK,3,83436.44,250309.32
2026-09-29,7 Series,Oceania,New Zealand,3,104001.05,312003.15
2026-09-30,iX,Europe,Germany,7,88652.91,620570.37
2026-09-30,X1,Asia,South Korea,13,43104.96,560364.48
2026-09-30,X3,Asia,India,18,54719.47,984950.46
2026-10-01,3 Series,North America,USA,7,49537.23,346760.61
2026-10-01,7 Series,Europe,UK,2,96473.83,192947.66
2026-10-01,5 Series,Europe,France,8,65015.44,520123.52
2026-10-01,5 Series,North America,Mexico,8,61370.62,490964.96
2026-10-02,2 Series,North America,USA,14,41704.69,583865.66
2026-10-02,X1,Asia,India,9,44543.28,400889.52
2026-10-02,X5,Europe,Italy,10,75926.09,759260.9
2026-10-02,2 Series,Asia,India,9,40671.25,366041.25
2026-10-03,X3,Asia,Japan,14,60938.26,853135.64
2026-10-03,X3,Asia,India,20,56516.83,1130336.6
2026-10-04,X5,Asia,Japan,9,82081.18,738730.62
2026-10-05,X1,Europe,France,15,46932.58,703988.7
2026-10-06,7 Series,Asia,South Korea,6,101054.49,606326.94
2026-10-08,X5,Africa,South Africa,1,77649.84,77649.84
2026-10-08,3 Series,Africa,Egypt,10,48243.94,482439.4
2026-10-09,2 Series,Oceania,Australia,8,44457.08,355656.64
2026-10-09,5 Series,Middle East,Qatar,12,63948.96,767387.52
2026-10-10,3 Series,Europe,Germany,16,47934.5,766952.0
2026-10-11,3 Series,North America,Mexico,18,46320.93,833776.74
2026-10-11,2 Series,Middle East,Saudi Arabia,10,42002.64,420026.4
2026-10-12,X3,Asia,South Korea,14,55451.57,776321.98
2026-10-13,X1,North America,Mexico,16,43539.1,696625.6
2026-10-13,2 Series,Asia,China,11,41398.58,455384.38
2026-10-14,3 Series,North America,Mexico,11,48182.64,530009.04
2026-10-15,2 Series,North America,Mexico,15,41730.55,625958.25
2026-10-15,X1,North America,Mexico,14,43540.95,609573.3
2026-10-15,X3,North America,USA,14,53948.85,755283.9
2026-10-15,X3,Asia,South Korea,17,55603.14,945253.38
2026-10-16,i4,Middle East,Saudi Arabia,5,58740.87,293704.35
2026-10-16,X5,Oceania,Australia,9,79811.75,718305.75
2026-10-16,X1,Europe,UK,11,45469.97,500169.67
2026-10-16,X5,Asia,China,14,79293.18,1110104.52
2026-10-17,2 Series,Middle East,UAE,8,40488.67,323909.36
2026-10-17,3 Series,Europe,Italy,11,47095.47,518050.17
2026-10-17,X3,Europe,Germany,13,57564.26,748335.38
2026-10-17,X1,Asia,Japan,12,44860.96,538331.52
2026-10-18,5 Series,Africa,Egypt,4,66000.21,264000.84
2026-10-18,i4,North America,Mexico,6,54587.78,327526.68
2026-10-18,X1,Europe,Germany,14,45136.98,631917.72
2026-10-19,5 Series,Europe,France,9,62129.23,559163.07
2026-10-19,X7,Europe,Italy,3,113765.21,341295.63
2026-10-19,X5,North America,Canada,11,82588.94,908478.34
2026-10-19,3 Series,North America,Canada,10,51212.17,512121.7
2026-10-21,3 Series,Africa,Egypt,9,48479.09,436311.81
2026-10-21,X1,Middle East,Saudi Arabia,17,44053.23,748904.91
2026-10-21,X1,Europe,UK,8,45375.12,363000.96
2026-10-23,X5,Africa,Egypt,6,77742.37,466454.22
2026-10-23,i4,North America,USA,12,57941.98,695303.76
2026-10-24,X3,Asia,China,10,61043.79,610437.9
2026-10-25,iX,Asia,China,7,90106.05,630742.35
2026-10-25,5 Series,Asia,Japan,13,61867.62,804279.06
2026-10-25,X1,Asia,Japan,11,44474.77,489222.47
2026-10-25,7 Series,Asia,India,6,97247.88,583487.28
2026-10-25,7 Series,Asia,China,4,99540.11,398160.44
2026-10-25,X3,Asia,Japan,11,55547.83,611026.13
2026-10-26,i4,Asia,China,9,58129.62,523166.58
2026-10-26,2 Series,North America,Canada,14,41783.15,584964.1
2026-10-27,X1,Asia,India,7,44653.19,312572.33
2026-10-27,X3,Asia,China,20,57194.11,1143882.2
2026-10-27,7 Series,Europe,UK,6,99161.04,594966.24
2026-10-28,iX,Asia,China,5,85740.26,428701.3
2026-10-29,2 Series,North America,USA,14,42155.31,590174.34
2026-10-30,5 Series,Europe,Germany,8,60949.34,487594.72
2026-10-31,i4,Europe,France,5,57156.97,285784.85
2026-10-31,iX,Europe,Germany,4,89035.49,356141.96
2026-11-01,X3,Oceania,Australia,11,57012.14,627133.54
2026-11-01,X5,North America,Mexico,9,84729.12,762562.08
2026-11-01,X1,Africa,South Africa,12,45955.99,551471.88
2026-11-01,X3,Europe,France,9,56621.61,509594.49
2026-11-01,3 Series,Middle East,UAE,7,47476.81,332337.67
2026-11-01,2 Series,Asia,Japan,18,43582.27,784480.86
2026-11-02,X1,North America,Canada,20,44457.28,889145.6
2026-11-02,X3,North America,Canada,13,56445.18,733787.34
2026-11-02,iX,Asia,Japan,8,87387.0,699096.0
2026-11-04,X5,Africa,Morocco,9,77842.73,700584.57
2026-11-04,5 Series,North America,Canada,10,61805.36,618053.6
2026-11-04,i4,Asia,India,13,54267.94,705483.22
2026-11-04,3 Series,Europe,Italy,11,45293.51,498228.61
2026-11-05,5 Series,Europe,UK,6,59641.46,357848.76
2026-11-05,2 Series,North America,Canada,20,40510.85,810217.0
2026-11-05,X3,Europe,Italy,14,60488.02,846832.28
2026-11-06,X3,Europe,France,12,57013.22,684158.64
2026-11-06,X3,Middle East,Saudi Arabia,12,58413.51,700962.12
2026-11-06,X5,Asia,India,10,76746.68,767466.8
2026-11-07,2 Series,North America,Mexico,12,39588.81,475065.72
2026-11-07,3 Series,Africa,Morocco,10,50359.63,503596.3
2026-11-07,X5,Africa,Egypt,5,77330.33,386651.65
2026-11-09,7 Series,Asia,Japan,4,93469.23,373876.92
2026-11-09,X1,Europe,France,11,44115.55,485271.05
2026-11-09,iX,North America,Mexico,1,87477.71,87477.71
2026-11-10,X3,North America,Mexico,18,56041.6,1008748.8
2026-11-10,X1,North America,USA,14,43365.07,607110.98
2026-11-11,X3,Asia,South Korea,13,58033.67,754437.71
2026-11-11,i4,Europe,Germany,7,57133.34,399933.38
2026-11-11,i4,North America,USA,4,56024.32,224097.28
2026-11-11,X1,Europe,Italy,13,44868.04,583284.52
2026-11-12,X3,North America,Canada,11,56075.9,616834.9
2026-11-12,3 Series,Asia,South Korea,12,49618.47,595421.64
2026-11-12,X1,Asia,India,21,43815.16,920118.36
2026-11-12,X1,Asia,Japan,15,42622.23,639333.45
2026-11-12,X5,Europe,Germany,8,81293.77,650350.16
2026-11-13,X1,North America,USA,11,43882.08,482702.88
2026-11-14,X3,Europe,France,7,56279.99,393959.93
2026-11-14,5 Series,North America,Mexico,14,63710.22,891943.08
2026-11-15,X3,Europe,France,17,53944.56,917057.52
2026-11-15,X1,Asia,India,19,43738.81,831037.39
2026-11-15,5 Series,Asia,China,8,61733.04,493864.32
2026-11-16,i4,North America,Canada,4,60589.19,242356.76
2026-11-16,X3,Asia,India,16,58597.95,937567.2
2026-11-16,2 Series,Asia,Japan,18,42908.59,772354.62
2026-11-17,5 Series,Asia,India,8,61399.32,491194.56
2026-11-18,X5,North America,USA,8,73616.87,588934.96
2026-11-18,X1,Asia,South Korea,14,43578.94,610105.16
2026-11-18,X5,Oceania,New Zealand,7,79412.89,555890.23
2026-11-21,i4,Oceania,Australia,3,60953.14,182859.42
2026-11-21,3 Series,Europe,Italy,7,50027.1,350189.7
2026-11-22,X1,Asia,Japan,17,45468.8,772969.6
2026-11-22,2 Series,Asia,China,17,43111.4,732893.8
2026-11-23,i4,Middle East,UAE,10,62026.78,620267.8
2026-11-24,X7,North America,Mexico,3,110106.78,330320.34
2026-11-24,3 Series,Asia,South Korea,16,50849.67,813594.72
2026-11-25,3 Series,North America,Mexico,21,48280.62,1013893.02
2026-11-25,X5,Middle East,Saudi Arabia,8,76499.71,611997.68
2026-11-26,2 Series,Europe,UK,7,42049.99,294349.93
2026-11-27,X1,Europe,Italy,17,45768.09,778057.53
2026-11-28,2 Series,Asia,India,15,40925.61,613884.15
2026-11-28,7 Series,Europe,UK,9,98547.92,886931.28
2026-11-28,X1,North America,Mexico,13,44611.9,579954.7
2026-11-30,2 Series,North America,Canada,14,41935.43,587096.02
2026-11-30,X7,Europe,Italy,2,113992.99,227985.98
2026-12-01,X5,Asia,India,10,80931.01,809310.1
2026-12-02,iX,Europe,UK,7,87313.87,611197.09
2026-12-02,5 Series,North America,USA,10,61052.48,610524.8
2026-12-02,X1,Asia,China,20,45576.31,911526.2
2026-12-02,X3,North America,USA,20,59525.02,1190500.4
2026-12-03,X1,Middle East,UAE,13,42801.29,556416.77
2026-12-03,X5,Asia,Japan,8,79110.08,632880.64
2026-12-03,X3,Middle East,UAE,9,56371.81,507346.29
2026-12-03,X3,Europe,France,13,57654.8,749512.4
2026-12-03,X7,Europe,France,1,113367.36,113367.36
2026-12-05,X1,North America,Mexico,24,47331.89,1135965.36
2026-12-05,X1,North America,Mexico,27,46517.01,1255959.27
2026-12-06,X3,Europe,UK,14,58100.98,813413.72
2026-12-06,X1,Asia,China,18,46904.19,844275.42
2026-12-07,2 Series,Africa,Morocco,8,41817.3,334538.4
2026-12-07,i4,Asia,South Korea,10,56117.15,561171.5
2026-12-08,5 Series,North America,Mexico,9,58097.44,522876.96
2026-12-09,X1,Asia,Japan,12,43744.74,524936.88
2026-12-09,2 Series,Europe,Italy,16,40200.81,643212.96
2026-12-10,X7,Europe,France,1,113085.99,113085.99
2026-12-10,X3,Europe,Germany,13,58486.42,760323.46
2026-12-11,X3,Asia,India,20,56104.51,1122090.2
2026-12-11,3 Series,North America,Mexico,12,45131.15,541573.8
2026-12-12,2 Series,Asia,Japan,15,44853.59,672803.85
2026-12-12,i4,North America,Mexico,8,57959.57,463676.56
2026-12-12,X1,Asia,South Korea,9,46003.83,414034.47
2026-12-12,X7,Europe,France,3,108924.83,326774.49
2026-12-13,iX,Europe,Germany,6,81721.85,490331.1
2026-12-13,X1,Europe,UK,14,44733.31,626266.34
2026-12-14,X1,North America,Mexico,18,47506.97,855125.46
2026-12-15,X1,North America,Mexico,16,44284.68,708554.88
2026-12-16,7 Series,Asia,India,3,97493.02,292479.06
2026-12-17,5 Series,Europe,France,15,61345.52,920182.8
2026-12-17,5 Series,Africa,Morocco,14,61812.97,865381.58
2026-12-18,iX,Middle East,Qatar,4,89346.6,357386.4
2026-12-18,X1,North America,Mexico,17,45344.39,770854.63
2026-12-18,2 Series,Europe,UK,9,43479.42,391314.78
2026-12-19,X7,Asia,Japan,1,109990.37,109990.37
2026-12-19,X1,Asia,China,17,46441.2,789500.4
2026-12-20,3 Series,North America,Canada,18,48973.57,881524.26
2026-12-20,X3,Europe,UK,16,56591.67,905466.72
2026-12-20,X3,Europe,France,16,54581.03,873296.48
2026-12-20,X3,Europe,Italy,17,56871.91,966822.47
2026-12-21,X7,Asia,South Korea,4,117058.2,468232.8
2026-12-21,X3,Middle East,Saudi Arabia,15,56381.68,845725.2
2026-12-21,X1,Africa,Morocco,10,45013.62,450136.2
2026-12-22,X5,Asia,China,3,77311.91,231935.73
2026-12-22,X1,Europe,Italy,18,43795.81,788324.58
2026-12-22,5 Series,Asia,South Korea,8,62593.7,500749.6
2026-12-23,X7,Asia,China,7,116683.28,816782.96
2026-12-23,iX,Europe,France,4,85174.93,340699.72
2026-12-24,X3,Europe,UK,12,55292.26,663507.12
2026-12-24,iX,North America,Canada,2,87265.24,174530.48
2026-12-25,3 Series,North America,USA,13,48238.64,627102.32
2026-12-28,i4,Middle East,Qatar,6,58450.93,350705.58
2026-12-28,X3,Europe,France,17,53629.1,911694.7
2026-12-29,X5,North America,Canada,7,74906.45,524345.15
2026-12-29,X3,Europe,France,14,56761.22,794657.08
2026-12-29,X5,Europe,Italy,13,78774.74,1024071.62
2026-12-29,X3,North America,Mexico,9,55303.39,497730.51
2026-12-30,X1,Asia,South Korea,17,46810.8,795783.6
