event_id,vehicle_id,vin,timestamp,battery_level,speed,temperature,latitude,longitude
EVT0000884,BMW00223,WBA00000000000223,2026-01-04 01:35:00,54.8,71.63,9.38,47.605919,65.859893
EVT0012163,BMW00110,WBA00000000000110,2026-02-12 05:30:00,77.31,70.54,1.13,10.778385,-59.287234
EVT0085899,BMW00213,WBA00000000000213,2026-10-26 06:10:00,67.19,124.02,53.58,32.507361,92.097106
EVT0064625,BMW00855,WBA00000000000855,2026-08-13 09:20:00,10.38,129.28,11.24,19.573808,23.975855
EVT0068094,BMW00625,WBA00000000000625,2026-08-25 10:25:00,11.42,42.22,-1.47,39.906547,-53.872321
EVT0025386,BMW00327,WBA00000000000327,2026-03-30 03:25:00,16.72,141.7,13.6,54.147804,-23.450885
EVT0055529,BMW00867,WBA00000000000867,2026-07-12 19:20:00,71.65,85.14,1.05,49.183623,87.6213
EVT0067816,BMW00090,WBA00000000000090,2026-08-24 11:15:00,66.8,0.77,5.5,43.083716,85.274552
EVT0084268,BMW00577,WBA00000000000577,2026-10-20 14:15:00,48.86,50.0,51.19,17.569053,21.801311
EVT0025115,BMW00363,WBA00000000000363,2026-03-29 04:50:00,31.0,100.53,-5.19,10.446737,-67.707395
EVT0054450,BMW00399,WBA00000000000399,2026-07-09 01:25:00,34.06,10.31,13.38,18.271186,73.392956
EVT0018830,BMW00986,WBA00000000000986,2026-03-07 09:05:00,89.82,36.86,5.4,10.063609,6.063078
EVT0045075,BMW00646,WBA00000000000646,2026-06-06 12:10:00,45.3,27.99,2.62,10.989488,78.208515
EVT0036417,BMW00301,WBA00000000000301,2026-05-07 10:40:00,20.31,110.6,-5.15,47.593309,96.536101
EVT0001350,BMW00679,WBA00000000000679,2026-01-05 16:25:00,55.97,74.93,38.93,49.223304,141.086398
EVT0050496,BMW00253,WBA00000000000253,2026-06-25 07:55:00,99.43,3.09,2.0,49.754277,124.655883
EVT0082672,BMW00511,WBA00000000000511,2026-10-15 01:15:00,42.71,78.07,5.25,33.780872,-42.214606
EVT0033966,BMW00995,WBA00000000000995,2026-04-28 22:25:00,85.09,109.68,37.58,39.946468,-101.448025
EVT0066888,BMW00543,WBA00000000000543,2026-08-21 05:55:00,83.53,133.12,-8.5,9.796883,92.615788
EVT0070506,BMW00257,WBA00000000000257,2026-09-02 19:25:00,61.5,29.1,31.87,20.514936,3.08198
EVT0086401,BMW00349,WBA00000000000349,2026-10-28 00:00:00,51.52,98.97,0.34,50.843488,73.295038
EVT0062639,BMW00533,WBA00000000000533,2026-08-06 11:50:00,10.75,19.37,23.36,44.134378,-117.383974
EVT0074162,BMW00538,WBA00000000000538,2026-09-15 12:05:00,74.57,115.06,28.65,14.90011,124.4871
EVT0082745,BMW00383,WBA00000000000383,2026-10-15 07:20:00,73.85,27.77,2.75,26.383442,-69.879689
EVT0098266,BMW00607,WBA00000000000607,2026-12-08 04:45:00,91.77,57.28,3.02,38.074239,98.316868
EVT0045127,BMW00221,WBA00000000000221,2026-06-06 16:30:00,68.09,26.32,-2.81,44.927676,100.119095
EVT0052068,BMW00747,WBA00000000000747,2026-06-30 18:55:00,80.71,15.33,7.09,52.520866,82.562199
EVT0092099,BMW00131,WBA00000000000131,2026-11-16 18:50:00,81.03,21.0,35.51,54.775739,-60.490533
EVT0017114,BMW00216,WBA00000000000216,2026-03-01 10:05:00,12.45,100.84,-2.35,31.338653,67.948425
EVT0010239,BMW00949,WBA00000000000949,2026-02-05 13:10:00,81.3,53.75,11.89,28.944779,-119.142136
EVT0090794,BMW00231,WBA00000000000231,2026-11-12 06:05:00,32.95,71.07,22.33,16.074963,10.929727
EVT0007985,BMW00333,WBA00000000000333,2026-01-28 17:20:00,17.49,100.52,3.5,43.142104,-82.520952
EVT0083448,BMW00592,WBA00000000000592,2026-10-17 17:55:00,35.68,31.22,5.29,28.954705,-8.112504
EVT0080283,BMW00847,WBA00000000000847,2026-10-06 18:10:00,59.3,55.32,22.3,32.49916,-42.150053
EVT0026865,BMW00475,WBA00000000000475,2026-04-04 06:40:00,90.26,71.7,1.15,43.30485,73.602108
EVT0011791,BMW00004,WBA00000000000004,2026-02-10 22:30:00,68.94,110.27,31.13,33.402288,-28.220157
EVT0026749,BMW00886,WBA00000000000886,2026-04-03 21:00:00,73.19,130.3,7.31,36.860509,32.427055
EVT0090528,BMW00987,WBA00000000000987,2026-11-11 07:55:00,10.1,10.81,39.06,49.733834,-96.317286
EVT0081849,BMW00631,WBA00000000000631,2026-10-12 04:40:00,41.55,114.11,37.4,23.810986,138.385165
EVT0012142,BMW00628,WBA00000000000628,2026-02-12 03:45:00,13.71,22.8,25.95,8.528246,136.214162
EVT0008649,BMW00769,WBA00000000000769,2026-01-31 00:40:00,56.92,101.62,4.82,29.465664,-93.258342
EVT0088670,BMW00894,WBA00000000000894,2026-11-04 21:05:00,44.51,96.59,44.66,50.829456,-107.385913
EVT0039875,BMW00865,WBA00000000000865,2026-05-19 10:50:00,26.76,67.77,21.99,13.398967,54.260501
EVT0023379,BMW00918,WBA00000000000918,2026-03-23 04:10:00,16.52,144.75,34.67,12.186738,146.34522
EVT0067928,BMW00572,WBA00000000000572,2026-08-24 20:35:00,97.32,151.63,1.97,34.349343,140.747626
EVT0085891,BMW00727,WBA00000000000727,2026-10-26 05:30:00,86.81,66.5,12.33,36.942846,-50.27501
EVT0009976,BMW00020,WBA00000000000020,2026-02-04 15:15:00,18.72,1.34,20.45,48.666209,-85.160446
EVT0098653,BMW00593,WBA00000000000593,2026-12-09 13:00:00,22.63,18.11,10.85,9.365312,-113.265126
EVT0032003,BMW00151,WBA00000000000151,2026-04-22 02:50:00,89.16,90.67,40.65,27.071872,123.821124
EVT0053229,BMW00646,WBA00000000000646,2026-07-04 19:40:00,60.35,82.82,38.28,11.609361,14.295292
EVT0055248,BMW00831,WBA00000000000831,2026-07-11 19:55:00,15.68,73.86,1.03,8.249186,26.184241
EVT0010889,BMW00508,WBA00000000000508,2026-02-07 19:20:00,41.08,155.78,-1.82,42.455792,-59.79851
EVT0004912,BMW00237,WBA00000000000237,2026-01-18 01:15:00,26.36,106.83,36.56,16.194207,95.036834
EVT0025226,BMW00991,WBA00000000000991,2026-03-29 14:05:00,29.94,127.72,17.5,28.1797,-35.893598
EVT0019742,BMW00900,WBA00000000000900,2026-03-10 13:05:00,21.69,77.35,14.66,30.271181,143.154089
EVT0043510,BMW00530,WBA00000000000530,2026-06-01 01:45:00,31.17,148.06,9.98,51.077751,72.961628
EVT0064749,BMW00728,WBA00000000000728,2026-08-13 19:40:00,28.19,59.22,4.25,32.833045,5.771989
EVT0049702,BMW00624,WBA00000000000624,2026-06-22 13:45:00,93.04,126.57,10.03,8.043444,19.763966
EVT0097281,BMW00013,WBA00000000000013,2026-12-04 18:40:00,56.35,153.95,39.0,25.85766,-0.891672
EVT0006371,BMW00833,WBA00000000000833,2026-01-23 02:50:00,40.09,72.69,-9.21,34.712861,115.42614
EVT0094124,BMW00821,WBA00000000000821,2026-11-23 19:35:00,29.08,102.45,22.57,48.730575,34.707829
EVT0047353,BMW00196,WBA00000000000196,2026-06-14 10:00:00,28.22,127.06,20.86,31.638138,109.882335
EVT0071268,BMW00688,WBA00000000000688,2026-09-05 10:55:00,31.13,38.48,53.35,22.940885,-70.535955
EVT0074929,BMW00592,WBA00000000000592,2026-09-18 04:00:00,17.29,49.59,13.37,14.643797,41.930887
EVT0037140,BMW00636,WBA00000000000636,2026-05-09 22:55:00,22.78,56.82,0.13,19.601303,-103.981958
EVT0025881,BMW00851,WBA00000000000851,2026-03-31 20:40:00,28.1,41.34,0.65,54.282175,55.023937
EVT0043657,BMW00505,WBA00000000000505,2026-06-01 14:00:00,26.75,79.38,23.46,33.486278,-94.851823
EVT0022388,BMW00220,WBA00000000000220,2026-03-19 17:35:00,12.1,78.4,-3.49,31.077263,106.969522
EVT0089972,BMW00112,WBA00000000000112,2026-11-09 09:35:00,79.99,17.27,46.44,41.121139,-72.090033
EVT0078213,BMW00521,WBA00000000000521,2026-09-29 13:40:00,42.48,158.92,24.75,26.21836,-0.983458
EVT0023225,BMW00504,WBA00000000000504,2026-03-22 15:20:00,41.87,81.24,43.36,40.195763,77.915164
EVT0018330,BMW00722,WBA00000000000722,2026-03-05 15:25:00,92.63,82.21,4.31,24.610122,-93.552594
EVT0090987,BMW00081,WBA00000000000081,2026-11-12 22:10:00,72.69,129.07,-4.82,22.857522,-18.97473
EVT0051964,BMW00774,WBA00000000000774,2026-06-30 10:15:00,38.16,120.35,41.56,45.48433,-56.422902
EVT0007647,BMW00279,WBA00000000000279,2026-01-27 13:10:00,93.56,107.0,29.61,42.04564,18.983971
EVT0091141,BMW00247,WBA00000000000247,2026-11-13 11:00:00,70.09,41.66,46.2,37.862857,-43.268909
EVT0058090,BMW00061,WBA00000000000061,2026-07-21 16:45:00,42.62,152.21,-4.98,45.540284,113.923601
EVT0010183,BMW00624,WBA00000000000624,2026-02-05 08:30:00,36.28,72.04,53.34,25.442481,147.841527
EVT0095934,BMW00875,WBA00000000000875,2026-11-30 02:25:00,76.62,121.03,26.14,33.384853,110.605213
EVT0044193,BMW00794,WBA00000000000794,2026-06-03 10:40:00,20.43,61.1,-8.44,40.096493,-24.976983
EVT0072506,BMW00834,WBA00000000000834,2026-09-09 18:05:00,67.71,77.44,-4.75,23.134021,64.431374
EVT0000579,BMW00454,WBA00000000000454,2026-01-03 00:10:00,22.36,118.39,20.25,32.526471,123.721906
EVT0013472,BMW00306,WBA00000000000306,2026-02-16 18:35:00,15.64,14.15,9.13,51.843295,-4.757064
EVT0010763,BMW00455,WBA00000000000455,2026-02-07 08:50:00,28.68,90.28,33.03,20.705733,42.128135
EVT0017191,BMW00924,WBA00000000000924,2026-03-01 16:30:00,30.72,14.77,35.73,31.683268,119.790068
EVT0030241,BMW00144,WBA00000000000144,2026-04-16 00:00:00,35.49,57.41,25.25,45.171943,55.804629
EVT0019453,BMW00477,WBA00000000000477,2026-03-09 13:00:00,69.91,131.52,18.65,54.924217,-115.374451
EVT0083175,BMW00602,WBA00000000000602,2026-10-16 19:10:00,23.66,6.36,-6.49,18.990834,50.055506
EVT0097853,BMW00019,WBA00000000000019,2026-12-06 18:20:00,54.31,48.92,28.88,10.280736,144.818619
EVT0073816,BMW00081,WBA00000000000081,2026-09-14 07:15:00,74.41,101.63,28.1,54.725915,-45.892478
EVT0008621,BMW00761,WBA00000000000761,2026-01-30 22:20:00,16.17,46.08,2.84,41.141791,-91.430534
EVT0066380,BMW00910,WBA00000000000910,2026-08-19 11:35:00,91.59,84.44,50.29,31.162848,-0.421698
EVT0067109,BMW00208,WBA00000000000208,2026-08-22 00:20:00,74.13,71.39,-3.52,38.886886,0.916306
EVT0091606,BMW00810,WBA00000000000810,2026-11-15 01:45:00,99.39,151.34,-9.58,51.020548,140.984349
EVT0082352,BMW00302,WBA00000000000302,2026-10-13 22:35:00,69.8,61.15,49.09,33.170925,25.0476
EVT0055564,BMW00544,WBA00000000000544,2026-07-12 22:15:00,35.3,32.98,-4.21,50.523913,-47.46573
EVT0089061,BMW00717,WBA00000000000717,2026-11-06 05:40:00,26.46,108.59,0.03,9.906106,82.319854
EVT0050146,BMW00318,WBA00000000000318,2026-06-24 02:45:00,92.35,21.35,7.9,28.530033,0.103801
EVT0025834,BMW00430,WBA00000000000430,2026-03-31 16:45:00,12.2,20.06,31.79,42.597602,92.887201
EVT0057888,BMW00228,WBA00000000000228,2026-07-20 23:55:00,57.01,28.26,40.29,53.38608,-15.011846
EVT0095552,BMW00129,WBA00000000000129,2026-11-28 18:35:00,20.22,100.23,9.07,13.555625,58.081623
EVT0089105,BMW00417,WBA00000000000417,2026-11-06 09:20:00,64.97,94.73,-5.07,29.172634,146.485532
EVT0052342,BMW00125,WBA00000000000125,2026-07-01 17:45:00,78.0,95.98,12.83,34.510592,-47.24882
EVT0032031,BMW00822,WBA00000000000822,2026-04-22 05:10:00,52.8,159.65,-7.43,22.609995,76.109654
EVT0082120,BMW00765,WBA00000000000765,2026-10-13 03:15:00,76.35,144.37,29.89,41.347105,-104.562396
EVT0050767,BMW00507,WBA00000000000507,2026-06-26 06:30:00,88.92,101.84,34.67,30.538252,-76.184159
EVT0092943,BMW00086,WBA00000000000086,2026-11-19 17:10:00,24.63,21.33,27.42,41.183373,-74.056145
EVT0047401,BMW00533,WBA00000000000533,2026-06-14 14:00:00,29.62,66.25,9.29,38.627976,-91.712954
EVT0042986,BMW00830,WBA00000000000830,2026-05-30 06:05:00,46.38,113.04,14.56,39.82694,95.798387
EVT0078417,BMW00905,WBA00000000000905,2026-09-30 06:40:00,12.68,35.23,25.89,40.939916,-53.202374
EVT0040930,BMW00357,WBA00000000000357,2026-05-23 02:45:00,59.31,19.12,14.19,9.185903,101.390283
EVT0092365,BMW00564,WBA00000000000564,2026-11-17 17:00:00,31.61,152.88,53.12,48.299528,-74.247266
EVT0026054,BMW00441,WBA00000000000441,2026-04-01 11:05:00,21.66,22.31,29.09,14.801795,-74.308703
EVT0069583,BMW00199,WBA00000000000199,2026-08-30 14:30:00,75.61,142.93,52.13,53.153271,-119.016211
EVT0080260,BMW00551,WBA00000000000551,2026-10-06 16:15:00,58.0,152.02,48.86,38.187879,82.001963
EVT0011720,BMW00161,WBA00000000000161,2026-02-10 16:35:00,12.18,99.11,17.93,9.312686,-99.194336
EVT0064413,BMW00040,WBA00000000000040,2026-08-12 15:40:00,37.05,25.6,15.22,20.451942,-72.567063
EVT0022622,BMW00091,WBA00000000000091,2026-03-20 13:05:00,40.39,144.83,18.19,22.765324,57.245828
EVT0046062,BMW00241,WBA00000000000241,2026-06-09 22:25:00,36.3,74.58,-8.96,50.312649,17.228129
EVT0018030,BMW00266,WBA00000000000266,2026-03-04 14:25:00,60.62,147.22,37.74,53.566399,-107.463826
EVT0077724,BMW00494,WBA00000000000494,2026-09-27 20:55:00,33.77,77.19,10.74,14.399454,-6.730527
EVT0080249,BMW00783,WBA00000000000783,2026-10-06 15:20:00,53.56,83.15,6.38,10.405259,-100.59259
EVT0020574,BMW00711,WBA00000000000711,2026-03-13 10:25:00,11.25,157.77,8.48,13.971323,-1.369672
EVT0015903,BMW00689,WBA00000000000689,2026-02-25 05:10:00,71.74,28.07,15.15,52.552102,-51.1594
EVT0042767,BMW00888,WBA00000000000888,2026-05-29 11:50:00,20.5,105.0,32.87,24.214505,145.432225
EVT0023421,BMW00235,WBA00000000000235,2026-03-23 07:40:00,77.1,116.93,20.13,30.811734,40.901751
EVT0097761,BMW00982,WBA00000000000982,2026-12-06 10:40:00,28.06,99.28,50.58,9.19347,-108.740192
EVT0001431,BMW00853,WBA00000000000853,2026-01-05 23:10:00,10.43,52.38,29.79,48.111732,61.678718
EVT0051825,BMW00808,WBA00000000000808,2026-06-29 22:40:00,13.64,157.58,20.67,26.594675,103.773813
EVT0098146,BMW00120,WBA00000000000120,2026-12-07 18:45:00,54.17,64.16,46.36,22.937277,11.349815
EVT0038214,BMW00592,WBA00000000000592,2026-05-13 16:25:00,17.41,113.0,34.77,31.28039,19.773781
EVT0074205,BMW00464,WBA00000000000464,2026-09-15 15:40:00,25.79,142.88,12.27,14.728962,-41.585088
EVT0002030,BMW00919,WBA00000000000919,2026-01-08 01:05:00,46.84,61.03,29.96,39.68121,51.662017
EVT0020760,BMW00314,WBA00000000000314,2026-03-14 01:55:00,55.16,91.18,-6.01,12.080649,149.71876
EVT0013822,BMW00343,WBA00000000000343,2026-02-17 23:45:00,33.13,15.32,9.1,24.156354,65.599557
EVT0070532,BMW00731,WBA00000000000731,2026-09-02 21:35:00,47.91,124.81,31.31,18.981917,-106.985385
EVT0032511,BMW00009,WBA00000000000009,2026-04-23 21:10:00,95.93,4.4,40.3,26.363233,-6.616211
EVT0091125,BMW00770,WBA00000000000770,2026-11-13 09:40:00,23.03,50.02,-4.63,18.402373,-0.644067
EVT0083157,BMW00077,WBA00000000000077,2026-10-16 17:40:00,55.89,131.91,53.97,39.938795,-27.372863
EVT0086623,BMW00634,WBA00000000000634,2026-10-28 18:30:00,37.14,9.14,51.55,24.052028,-43.116156
EVT0086667,BMW00484,WBA00000000000484,2026-10-28 22:10:00,35.47,69.17,37.1,24.666799,-111.254002
EVT0059526,BMW00733,WBA00000000000733,2026-07-26 16:25:00,22.8,87.4,44.22,23.289049,-0.694935
EVT0007749,BMW00844,WBA00000000000844,2026-01-27 21:40:00,31.02,45.29,27.72,14.26869,75.407862
EVT0093935,BMW00699,WBA00000000000699,2026-11-23 03:50:00,23.95,5.17,12.75,38.030683,-48.287919
EVT0030910,BMW00991,WBA00000000000991,2026-04-18 07:45:00,32.66,111.61,-3.19,54.600521,34.14983
EVT0039272,BMW00103,WBA00000000000103,2026-05-17 08:35:00,91.38,140.26,40.28,23.300442,103.836044
EVT0033803,BMW00065,WBA00000000000065,2026-04-28 08:50:00,49.4,43.32,51.06,50.734388,-54.300621
EVT0059954,BMW00255,WBA00000000000255,2026-07-28 04:05:00,64.59,116.14,44.24,8.978603,-88.54893
EVT0034535,BMW00733,WBA00000000000733,2026-04-30 21:50:00,93.24,153.65,-2.7,15.530348,-66.264202
EVT0032418,BMW00891,WBA00000000000891,2026-04-23 13:25:00,37.47,20.43,13.43,50.170289,34.307379
EVT0018819,BMW00001,WBA00000000000001,2026-03-07 08:10:00,91.81,1.73,22.77,46.386283,100.070776
EVT0070415,BMW00667,WBA00000000000667,2026-09-02 11:50:00,16.17,50.53,53.43,35.140123,-102.471744
EVT0043573,BMW00399,WBA00000000000399,2026-06-01 07:00:00,75.0,94.39,44.54,14.104029,-33.27663
EVT0072454,BMW00332,WBA00000000000332,2026-09-09 13:45:00,63.12,60.1,41.7,10.465921,-111.085443
EVT0084116,BMW00489,WBA00000000000489,2026-10-20 01:35:00,77.83,126.37,25.7,50.295145,-3.126552
EVT0058465,BMW00961,WBA00000000000961,2026-07-23 00:00:00,84.4,86.06,-8.35,34.788162,47.255815
EVT0056585,BMW00591,WBA00000000000591,2026-07-16 11:20:00,54.33,154.45,27.47,8.187578,108.357796
EVT0037562,BMW00565,WBA00000000000565,2026-05-11 10:05:00,33.55,14.02,13.0,23.970095,112.13289
EVT0087785,BMW00238,WBA00000000000238,2026-11-01 19:20:00,36.38,134.5,23.82,24.530577,69.413396
EVT0004233,BMW00583,WBA00000000000583,2026-01-15 16:40:00,13.17,140.1,6.7,49.295729,54.064273
EVT0027177,BMW00147,WBA00000000000147,2026-04-05 08:40:00,99.03,158.48,48.05,24.540778,30.945427
EVT0022364,BMW00149,WBA00000000000149,2026-03-19 15:35:00,35.62,102.35,-2.85,39.617651,86.873025
EVT0041792,BMW00539,WBA00000000000539,2026-05-26 02:35:00,95.19,56.97,-6.44,23.786528,63.475367
EVT0070033,BMW00416,WBA00000000000416,2026-09-01 04:00:00,52.49,20.3,27.65,33.151183,-80.561465
EVT0066163,BMW00393,WBA00000000000393,2026-08-18 17:30:00,94.14,34.46,10.75,29.462247,-114.633001
EVT0087787,BMW00047,WBA00000000000047,2026-11-01 19:30:00,60.22,4.53,4.43,37.363314,-17.814409
EVT0091924,BMW00474,WBA00000000000474,2026-11-16 04:15:00,18.91,110.87,15.15,40.447135,63.135593
EVT0043755,BMW00107,WBA00000000000107,2026-06-01 22:10:00,55.98,51.22,23.56,19.207984,-57.163805
EVT0059687,BMW00268,WBA00000000000268,2026-07-27 05:50:00,49.75,72.21,9.63,31.812162,69.459954
EVT0092588,BMW00972,WBA00000000000972,2026-11-18 11:35:00,59.98,25.77,6.95,35.737572,-56.988638
EVT0037867,BMW00544,WBA00000000000544,2026-05-12 11:30:00,21.22,25.72,5.62,12.821143,77.276882
EVT0083367,BMW00362,WBA00000000000362,2026-10-17 11:10:00,85.3,144.98,53.19,53.588734,-108.403613
EVT0049533,BMW00221,WBA00000000000221,2026-06-21 23:40:00,75.73,17.61,28.45,45.480863,-0.549966
EVT0065090,BMW00485,WBA00000000000485,2026-08-15 00:05:00,61.75,58.66,0.32,47.601457,-74.66973
EVT0054509,BMW00642,WBA00000000000642,2026-07-09 06:20:00,14.66,135.3,40.42,41.044736,120.958898
EVT0059087,BMW00762,WBA00000000000762,2026-07-25 03:50:00,60.44,110.21,27.14,18.29282,131.487501
EVT0044924,BMW00387,WBA00000000000387,2026-06-05 23:35:00,87.47,159.27,53.68,35.007093,-64.725922
EVT0056025,BMW00263,WBA00000000000263,2026-07-14 12:40:00,67.1,128.46,45.02,37.958689,17.865104
EVT0069297,BMW00304,WBA00000000000304,2026-08-29 14:40:00,76.57,150.72,28.21,36.097737,135.340063
EVT0086012,BMW00331,WBA00000000000331,2026-10-26 15:35:00,58.05,108.14,21.46,48.97465,85.604728
EVT0065245,BMW00335,WBA00000000000335,2026-08-15 13:00:00,34.28,148.77,-7.58,29.877878,0.949799
EVT0009925,BMW00741,WBA00000000000741,2026-02-04 11:00:00,17.43,83.55,50.37,43.878641,35.86277
EVT0043866,BMW00399,WBA00000000000399,2026-06-02 07:25:00,29.18,153.36,45.08,23.81516,111.419739
EVT0052208,BMW00138,WBA00000000000138,2026-07-01 06:35:00,41.5,132.84,-4.97,31.580819,38.799001
EVT0011620,BMW00971,WBA00000000000971,2026-02-10 08:15:00,97.73,16.83,16.15,27.923175,-4.4474
EVT0060006,BMW00873,WBA00000000000873,2026-07-28 08:25:00,15.2,42.27,49.32,26.239469,-104.881879
EVT0084400,BMW00498,WBA00000000000498,2026-10-21 01:15:00,48.9,22.53,52.74,25.531288,106.873221
EVT0048906,BMW00788,WBA00000000000788,2026-06-19 19:25:00,37.31,112.6,48.39,30.921134,87.645981
EVT0053810,BMW00994,WBA00000000000994,2026-07-06 20:05:00,99.33,146.12,11.06,47.755163,-30.146964
EVT0028863,BMW00819,WBA00000000000819,2026-04-11 05:10:00,42.89,28.11,0.03,47.698854,-65.296517
EVT0018568,BMW00700,WBA00000000000700,2026-03-06 11:15:00,49.35,138.2,-5.6,13.593504,98.224859
EVT0030015,BMW00004,WBA00000000000004,2026-04-15 05:10:00,47.03,21.22,23.9,48.464656,20.898372
EVT0022825,BMW00173,WBA00000000000173,2026-03-21 06:00:00,88.65,131.47,16.7,52.051992,-70.670437
EVT0025285,BMW00652,WBA00000000000652,2026-03-29 19:00:00,46.78,140.27,26.26,34.433337,-91.393681
EVT0089405,BMW00280,WBA00000000000280,2026-11-07 10:20:00,64.09,35.16,-9.85,37.046985,-68.394193
EVT0042902,BMW00035,WBA00000000000035,2026-05-29 23:05:00,38.8,131.28,49.36,45.069684,76.248873
EVT0082922,BMW00536,WBA00000000000536,2026-10-15 22:05:00,13.3,74.76,44.28,51.352293,-93.528863
EVT0092905,BMW00007,WBA00000000000007,2026-11-19 14:00:00,45.29,48.62,28.82,37.886283,146.090061
EVT0035352,BMW00913,WBA00000000000913,2026-05-03 17:55:00,68.14,82.31,25.1,48.013853,-110.721976
EVT0007521,BMW00096,WBA00000000000096,2026-01-27 02:40:00,47.56,61.18,-0.78,18.159064,-14.822802
EVT0005105,BMW00489,WBA00000000000489,2026-01-18 17:20:00,10.71,36.45,48.36,17.529133,114.678481
EVT0076406,BMW00414,WBA00000000000414,2026-09-23 07:05:00,78.81,19.43,-6.49,40.320915,-1.485864
EVT0079515,BMW00699,WBA00000000000699,2026-10-04 02:10:00,44.65,21.97,0.13,40.123543,81.556465
EVT0056302,BMW00573,WBA00000000000573,2026-07-15 11:45:00,52.37,101.6,6.41,31.191006,78.21111
EVT0045063,BMW00977,WBA00000000000977,2026-06-06 11:10:00,25.52,93.74,39.82,43.069227,-86.912838
EVT0043005,BMW00909,WBA00000000000909,2026-05-30 07:40:00,19.28,155.62,34.21,13.755806,-68.558087
EVT0077011,BMW00380,WBA00000000000380,2026-09-25 09:30:00,39.82,85.77,13.98,32.023661,-86.264785
EVT0029103,BMW00954,WBA00000000000954,2026-04-12 01:10:00,43.84,50.74,45.04,39.545739,-21.935126
EVT0059007,BMW00731,WBA00000000000731,2026-07-24 21:10:00,91.42,52.06,47.35,49.916687,141.792757
EVT0051024,BMW00619,WBA00000000000619,2026-06-27 03:55:00,97.86,121.78,-3.72,17.042478,-62.468191
EVT0053039,BMW00680,WBA00000000000680,2026-07-04 03:50:00,45.6,85.03,6.02,19.486385,35.07487
EVT0003905,BMW00605,WBA00000000000605,2026-01-14 13:20:00,68.07,83.24,-5.76,21.302414,9.853364
EVT0028590,BMW00696,WBA00000000000696,2026-04-10 06:25:00,14.19,124.67,45.0,38.401652,-60.268249
EVT0087326,BMW00059,WBA00000000000059,2026-10-31 05:05:00,63.58,83.15,-3.04,27.147468,102.06444
EVT0062897,BMW00698,WBA00000000000698,2026-08-07 09:20:00,87.35,18.89,14.46,51.279549,-66.138176
EVT0080020,BMW00537,WBA00000000000537,2026-10-05 20:15:00,54.75,155.07,-0.0,41.626786,39.40039
EVT0024172,BMW00308,WBA00000000000308,2026-03-25 22:15:00,39.26,52.75,19.23,36.245728,97.537192
EVT0071073,BMW00441,WBA00000000000441,2026-09-04 18:40:00,47.38,61.79,8.32,26.763633,-35.457788
EVT0007316,BMW00044,WBA00000000000044,2026-01-26 09:35:00,43.14,150.08,54.42,23.111077,30.455892
EVT0000929,BMW00114,WBA00000000000114,2026-01-04 05:20:00,91.08,61.47,41.58,47.351318,-7.544674
EVT0064808,BMW00381,WBA00000000000381,2026-08-14 00:35:00,57.69,62.46,37.0,51.534518,-113.598066
EVT0028035,BMW00250,WBA00000000000250,2026-04-08 08:10:00,33.5,58.43,40.89,26.580034,-29.107502
EVT0051901,BMW00862,WBA00000000000862,2026-06-30 05:00:00,21.29,95.71,-2.27,46.547975,68.260008
EVT0072489,BMW00669,WBA00000000000669,2026-09-09 16:40:00,50.94,61.24,30.1,30.273899,-24.14936
EVT0078368,BMW00115,WBA00000000000115,2026-09-30 02:35:00,98.63,54.25,32.0,24.627399,-62.715016
EVT0080190,BMW00627,WBA00000000000627,2026-10-06 10:25:00,24.46,35.22,24.55,15.96531,62.791235
EVT0090686,BMW00398,WBA00000000000398,2026-11-11 21:05:00,25.48,119.74,23.82,10.676994,-81.236385
EVT0048159,BMW00796,WBA00000000000796,2026-06-17 05:10:00,52.18,39.15,8.03,15.068178,8.581453
EVT0030702,BMW00471,WBA00000000000471,2026-04-17 14:25:00,88.05,146.02,42.06,37.741507,-35.057939
EVT0028263,BMW00049,WBA00000000000049,2026-04-09 03:10:00,78.72,35.69,54.79,14.361943,-70.555429
EVT0092852,BMW00931,WBA00000000000931,2026-11-19 09:35:00,54.72,92.53,26.02,31.069074,65.994757
EVT0033506,BMW00568,WBA00000000000568,2026-04-27 08:05:00,79.58,93.41,8.03,49.991945,-41.571593
EVT0015819,BMW00480,WBA00000000000480,2026-02-24 22:10:00,52.08,158.6,5.69,11.025197,-88.949073
EVT0035175,BMW00996,WBA00000000000996,2026-05-03 03:10:00,87.4,59.89,16.65,22.201878,-118.000453
EVT0009490,BMW00466,WBA00000000000466,2026-02-02 22:45:00,59.23,139.68,20.17,29.055106,-1.294114
EVT0071722,BMW00628,WBA00000000000628,2026-09-07 00:45:00,89.46,129.86,4.55,54.966824,-46.866265
EVT0075174,BMW00966,WBA00000000000966,2026-09-19 00:25:00,42.42,148.36,14.33,12.074494,76.133818
EVT0029800,BMW00107,WBA00000000000107,2026-04-14 11:15:00,29.67,26.84,34.83,47.777024,52.594133
EVT0096566,BMW00818,WBA00000000000818,2026-12-02 07:05:00,47.15,89.8,40.52,36.999014,-106.446798
EVT0065282,BMW00287,WBA00000000000287,2026-08-15 16:05:00,24.77,57.49,19.36,51.303674,98.428777
EVT0059476,BMW00947,WBA00000000000947,2026-07-26 12:15:00,53.96,26.51,3.57,15.249005,-23.140965
EVT0018371,BMW00342,WBA00000000000342,2026-03-05 18:50:00,79.57,111.28,26.33,17.848664,132.807393
EVT0007216,BMW00130,WBA00000000000130,2026-01-26 01:15:00,72.03,110.63,2.0,34.660881,-53.150184
EVT0063244,BMW00183,WBA00000000000183,2026-08-08 14:15:00,90.4,116.03,2.54,40.301498,-63.23289
EVT0007363,BMW00974,WBA00000000000974,2026-01-26 13:30:00,72.26,98.43,6.19,26.754042,65.556347
EVT0006764,BMW00224,WBA00000000000224,2026-01-24 11:35:00,24.67,27.89,43.57,50.174581,23.771905
EVT0050360,BMW00173,WBA00000000000173,2026-06-24 20:35:00,26.25,112.12,33.47,41.797717,11.710656
EVT0035481,BMW00817,WBA00000000000817,2026-05-04 04:40:00,14.05,115.9,18.03,21.493611,71.76678
EVT0093939,BMW00270,WBA00000000000270,2026-11-23 04:10:00,34.14,37.6,51.65,22.022017,64.508868
EVT0088447,BMW00196,WBA00000000000196,2026-11-04 02:30:00,38.75,65.45,-4.77,8.502795,113.961636
EVT0074572,BMW00551,WBA00000000000551,2026-09-16 22:15:00,99.29,158.97,-4.53,33.09585,-95.420629
EVT0078598,BMW00297,WBA00000000000297,2026-09-30 21:45:00,62.26,8.48,27.11,50.388528,5.988764
EVT0004791,BMW00201,WBA00000000000201,2026-01-17 15:10:00,17.6,152.81,26.35,22.262516,90.870759
EVT0045952,BMW00162,WBA00000000000162,2026-06-09 13:15:00,83.54,86.18,19.69,27.288166,-108.470304
EVT0014393,BMW00849,WBA00000000000849,2026-02-19 23:20:00,31.75,84.93,29.61,48.588138,0.677572
EVT0074582,BMW00157,WBA00000000000157,2026-09-16 23:05:00,40.91,72.44,2.49,28.338001,13.575353
EVT0099585,BMW00760,WBA00000000000760,2026-12-12 18:40:00,68.81,157.06,44.33,35.216052,-18.286305
EVT0040767,BMW00066,WBA00000000000066,2026-05-22 13:10:00,16.81,9.09,36.14,47.653215,103.432559
EVT0015618,BMW00704,WBA00000000000704,2026-02-24 05:25:00,50.9,50.74,46.21,30.769865,-36.729611
EVT0046129,BMW00054,WBA00000000000054,2026-06-10 04:00:00,60.04,105.24,17.97,30.888567,26.823691
EVT0072208,BMW00534,WBA00000000000534,2026-09-08 17:15:00,86.23,99.93,40.26,11.931126,-27.303801
EVT0069660,BMW00258,WBA00000000000258,2026-08-30 20:55:00,87.58,90.07,51.67,23.185635,-14.135236
EVT0091755,BMW00961,WBA00000000000961,2026-11-15 14:10:00,17.22,78.88,25.51,41.916861,21.769055
EVT0027035,BMW00867,WBA00000000000867,2026-04-04 20:50:00,62.51,73.57,4.54,54.967504,66.91999
EVT0010300,BMW00701,WBA00000000000701,2026-02-05 18:15:00,55.5,26.47,37.52,36.702753,137.056091
EVT0095330,BMW00380,WBA00000000000380,2026-11-28 00:05:00,74.28,147.1,3.89,18.681152,43.465018
EVT0027718,BMW00522,WBA00000000000522,2026-04-07 05:45:00,11.88,122.63,2.09,38.803983,-11.268577
EVT0027108,BMW00711,WBA00000000000711,2026-04-05 02:55:00,47.98,18.7,31.62,50.042411,20.997824
EVT0037674,BMW00512,WBA00000000000512,2026-05-11 19:25:00,60.31,106.49,35.53,46.465213,35.470758
EVT0010021,BMW00130,WBA00000000000130,2026-02-04 19:00:00,32.93,153.59,-5.68,14.695076,129.461905
EVT0002955,BMW00653,WBA00000000000653,2026-01-11 06:10:00,54.38,140.36,36.16,9.095205,-10.860579
EVT0054902,BMW00528,WBA00000000000528,2026-07-10 15:05:00,72.07,43.51,36.14,34.690011,-18.360818
EVT0080430,BMW00800,WBA00000000000800,2026-10-07 06:25:00,74.93,23.96,-7.82,23.812646,88.328825
EVT0038071,BMW00442,WBA00000000000442,2026-05-13 04:30:00,26.58,11.35,23.22,15.94394,27.525371
EVT0072021,BMW00644,WBA00000000000644,2026-09-08 01:40:00,38.19,146.49,44.71,11.327654,-54.845021
EVT0022599,BMW00315,WBA00000000000315,2026-03-20 11:10:00,66.77,110.84,51.29,15.220341,-112.588896
EVT0063163,BMW00775,WBA00000000000775,2026-08-08 07:30:00,84.18,4.13,14.38,46.723426,4.971585
EVT0065445,BMW00868,WBA00000000000868,2026-08-16 05:40:00,55.83,115.83,2.58,50.749551,102.824832
EVT0099898,BMW00742,WBA00000000000742,2026-12-13 20:45:00,77.75,147.24,28.67,10.618404,-37.100637
EVT0099712,BMW00397,WBA00000000000397,2026-12-13 05:15:00,40.73,134.24,22.8,20.313852,50.103214
EVT0077007,BMW00188,WBA00000000000188,2026-09-25 09:10:00,95.26,38.84,-7.09,30.58806,81.463357
EVT0041223,BMW00111,WBA00000000000111,2026-05-24 03:10:00,66.83,152.65,8.61,54.756381,-102.218259
EVT0085406,BMW00818,WBA00000000000818,2026-10-24 13:05:00,57.42,6.33,54.64,22.818361,-81.956419
EVT0068612,BMW00127,WBA00000000000127,2026-08-27 05:35:00,17.95,25.93,5.94,31.873251,122.252017
EVT0024066,BMW00583,WBA00000000000583,2026-03-25 13:25:00,54.54,54.46,51.34,9.195872,133.769827
EVT0068315,BMW00416,WBA00000000000416,2026-08-26 04:50:00,25.91,151.19,3.85,30.217222,118.427809
EVT0063683,BMW00112,WBA00000000000112,2026-08-10 02:50:00,46.81,132.66,40.88,38.74585,27.27985
EVT0012884,BMW00118,WBA00000000000118,2026-02-14 17:35:00,47.11,79.36,32.47,14.486874,134.208231
EVT0014953,BMW00516,WBA00000000000516,2026-02-21 22:00:00,73.72,19.68,-1.64,23.162322,-115.993967
EVT0002515,BMW00283,WBA00000000000283,2026-01-09 17:30:00,76.14,126.08,53.49,49.844559,-52.973119
EVT0023336,BMW00755,WBA00000000000755,2026-03-23 00:35:00,77.87,78.13,33.81,39.1832,19.092907
EVT0065940,BMW00425,WBA00000000000425,2026-08-17 22:55:00,83.97,104.69,14.39,45.481364,14.361476
EVT0072062,BMW00222,WBA00000000000222,2026-09-08 05:05:00,72.41,136.95,40.6,54.141418,1.344156
EVT0092305,BMW00877,WBA00000000000877,2026-11-17 12:00:00,90.07,142.13,-5.51,33.325483,106.191409
EVT0053983,BMW00657,WBA00000000000657,2026-07-07 10:30:00,65.15,45.32,2.96,48.549489,-31.881098
EVT0047585,BMW00751,WBA00000000000751,2026-06-15 05:20:00,34.25,99.47,30.38,38.46896,-58.804732
EVT0009984,BMW01000,WBA00000000001000,2026-02-04 15:55:00,52.65,78.24,-9.46,17.822564,33.572832
EVT0049402,BMW00628,WBA00000000000628,2026-06-21 12:45:00,72.6,94.6,-0.3,40.550837,13.418252
EVT0099922,BMW00347,WBA00000000000347,2026-12-13 22:45:00,39.21,116.09,11.43,38.102186,74.66624
EVT0047468,BMW00970,WBA00000000000970,2026-06-14 19:35:00,64.1,145.18,34.5,16.568696,-108.147055
EVT0079537,BMW00608,WBA00000000000608,2026-10-04 04:00:00,31.99,98.26,46.66,8.456105,73.463625
EVT0023296,BMW00914,WBA00000000000914,2026-03-22 21:15:00,22.14,24.34,27.54,14.516656,-94.67907
EVT0053595,BMW00632,WBA00000000000632,2026-07-06 02:10:00,27.5,129.53,26.15,28.34147,107.011869
EVT0043162,BMW00592,WBA00000000000592,2026-05-30 20:45:00,33.83,70.27,37.09,54.835521,-59.332084
EVT0093553,BMW00471,WBA00000000000471,2026-11-21 20:00:00,69.65,147.88,45.16,46.767327,-0.631511
EVT0066734,BMW00502,WBA00000000000502,2026-08-20 17:05:00,80.22,50.25,52.56,52.659396,124.706912
EVT0070591,BMW00453,WBA00000000000453,2026-09-03 02:30:00,29.3,130.26,9.4,47.990858,43.540952
EVT0002361,BMW00062,WBA00000000000062,2026-01-09 04:40:00,79.08,82.06,36.0,53.783784,64.271759
EVT0010121,BMW00883,WBA00000000000883,2026-02-05 03:20:00,65.86,156.93,9.16,27.962757,68.053057
EVT0043596,BMW00819,WBA00000000000819,2026-06-01 08:55:00,19.71,132.6,4.69,40.434096,32.150916
EVT0031345,BMW00604,WBA00000000000604,2026-04-19 20:00:00,62.46,12.26,14.23,44.811162,74.136664
EVT0070901,BMW00340,WBA00000000000340,2026-09-04 04:20:00,55.66,101.07,20.45,18.205679,102.439643
EVT0000586,BMW00740,WBA00000000000740,2026-01-03 00:45:00,15.71,91.86,21.74,27.276647,-62.114639
EVT0068887,BMW00300,WBA00000000000300,2026-08-28 04:30:00,77.42,139.9,3.96,15.342254,-13.72843
EVT0089175,BMW00854,WBA00000000000854,2026-11-06 15:10:00,31.45,87.33,45.09,42.870185,146.412609
EVT0013081,BMW00908,WBA00000000000908,2026-02-15 10:00:00,60.35,11.72,30.01,36.671362,94.226493
EVT0022911,BMW00361,WBA00000000000361,2026-03-21 13:10:00,50.46,58.66,14.77,12.924104,76.650478
EVT0020261,BMW00709,WBA00000000000709,2026-03-12 08:20:00,90.03,101.21,32.07,35.798479,116.606455
EVT0053579,BMW00482,WBA00000000000482,2026-07-06 00:50:00,14.65,151.24,-5.9,15.955689,118.988489
EVT0028046,BMW00815,WBA00000000000815,2026-04-08 09:05:00,16.36,141.76,47.85,20.581611,69.873566
EVT0022231,BMW00183,WBA00000000000183,2026-03-19 04:30:00,52.93,157.97,13.71,18.501342,92.316942
EVT0055796,BMW00049,WBA00000000000049,2026-07-13 17:35:00,43.27,148.19,43.91,54.300279,131.940531
EVT0014237,BMW00142,WBA00000000000142,2026-02-19 10:20:00,55.9,124.56,-5.03,20.345351,134.119754
EVT0044619,BMW00304,WBA00000000000304,2026-06-04 22:10:00,20.66,4.29,26.2,20.808897,-65.289829
EVT0004222,BMW00865,WBA00000000000865,2026-01-15 15:45:00,11.44,134.4,-0.74,15.478538,-96.326768
EVT0036219,BMW00840,WBA00000000000840,2026-05-06 18:10:00,35.28,0.33,49.92,37.875909,76.804317
EVT0087550,BMW00999,WBA00000000000999,2026-10-31 23:45:00,90.54,99.27,22.96,52.061155,8.747695
EVT0038215,BMW00666,WBA00000000000666,2026-05-13 16:30:00,58.43,154.36,8.97,10.885868,94.367183
EVT0085382,BMW00861,WBA00000000000861,2026-10-24 11:05:00,19.63,11.2,-4.34,18.686503,-53.360475
EVT0022139,BMW00991,WBA00000000000991,2026-03-18 20:50:00,69.86,94.78,22.64,39.26743,-110.791499
EVT0089362,BMW00439,WBA00000000000439,2026-11-07 06:45:00,91.54,36.9,-2.79,48.466107,-34.477386
EVT0071681,BMW00082,WBA00000000000082,2026-09-06 21:20:00,48.24,89.06,1.38,53.174818,-73.430464
EVT0096528,BMW00529,WBA00000000000529,2026-12-02 03:55:00,60.56,153.84,23.29,28.042224,-110.688843
EVT0025811,BMW00765,WBA00000000000765,2026-03-31 14:50:00,70.98,26.35,-3.53,29.899188,-13.769917
EVT0091899,BMW00635,WBA00000000000635,2026-11-16 02:10:00,89.79,148.1,1.26,23.330461,-24.412238
EVT0035769,BMW00382,WBA00000000000382,2026-05-05 04:40:00,43.33,69.92,-6.93,53.35697,-113.817629
EVT0047678,BMW00540,WBA00000000000540,2026-06-15 13:05:00,81.64,111.71,13.18,38.465535,54.704265
EVT0077144,BMW00311,WBA00000000000311,2026-09-25 20:35:00,51.43,114.37,38.66,53.927154,-108.624147
EVT0070569,BMW00877,WBA00000000000877,2026-09-03 00:40:00,68.73,44.24,29.39,15.819648,1.666162
EVT0032623,BMW00691,WBA00000000000691,2026-04-24 06:30:00,77.44,67.57,10.8,33.751455,-51.783065
EVT0093062,BMW00368,WBA00000000000368,2026-11-20 03:05:00,35.54,66.92,18.28,31.454662,-44.129448
EVT0080459,BMW00980,WBA00000000000980,2026-10-07 08:50:00,44.11,134.54,9.1,9.965898,108.648725
EVT0077358,BMW00082,WBA00000000000082,2026-09-26 14:25:00,69.55,43.48,50.73,51.175038,99.846553
EVT0035474,BMW00455,WBA00000000000455,2026-05-04 04:05:00,53.06,115.63,2.64,23.949367,-99.170211
EVT0089588,BMW00340,WBA00000000000340,2026-11-08 01:35:00,30.98,108.89,-1.31,18.958402,72.645199
EVT0078441,BMW00744,WBA00000000000744,2026-09-30 08:40:00,11.42,160.0,2.63,16.850673,71.272549
EVT0071437,BMW00944,WBA00000000000944,2026-09-06 01:00:00,29.79,91.21,8.78,11.115085,-62.386224
EVT0056613,BMW00651,WBA00000000000651,2026-07-16 13:40:00,60.23,101.51,53.34,33.985661,142.189607
EVT0028011,BMW00927,WBA00000000000927,2026-04-08 06:10:00,20.64,41.97,0.14,54.846382,31.721569
EVT0044261,BMW00089,WBA00000000000089,2026-06-03 16:20:00,46.97,37.83,44.38,39.292853,-34.225192
EVT0059772,BMW00269,WBA00000000000269,2026-07-27 12:55:00,10.42,42.24,24.43,17.544145,-27.392711
EVT0043957,BMW00735,WBA00000000000735,2026-06-02 15:00:00,50.32,56.4,1.13,13.971973,148.540203
EVT0056665,BMW00638,WBA00000000000638,2026-07-16 18:00:00,52.42,97.47,53.72,32.255238,44.252401
EVT0061253,BMW00443,WBA00000000000443,2026-08-01 16:20:00,75.38,31.82,44.27,18.569682,-58.55001
EVT0095813,BMW00117,WBA00000000000117,2026-11-29 16:20:00,66.96,93.37,27.9,26.765411,57.981875
EVT0025292,BMW00107,WBA00000000000107,2026-03-29 19:35:00,93.76,23.02,29.98,47.875483,-100.365127
EVT0068243,BMW00479,WBA00000000000479,2026-08-25 22:50:00,93.28,56.12,2.04,32.26204,-93.562729
EVT0004728,BMW00776,WBA00000000000776,2026-01-17 09:55:00,24.08,137.59,35.93,38.333935,-115.730499
EVT0032043,BMW00681,WBA00000000000681,2026-04-22 06:10:00,24.59,21.59,35.73,20.63964,35.184721
EVT0031848,BMW00385,WBA00000000000385,2026-04-21 13:55:00,94.99,14.82,34.32,42.463563,-40.88957
EVT0052258,BMW00253,WBA00000000000253,2026-07-01 10:45:00,46.34,7.79,13.44,30.271499,69.88666
EVT0086745,BMW00267,WBA00000000000267,2026-10-29 04:40:00,13.67,38.51,10.49,14.829119,-98.718337
EVT0054193,BMW00303,WBA00000000000303,2026-07-08 04:00:00,58.42,140.25,-3.87,43.447741,-41.744952
EVT0011637,BMW00744,WBA00000000000744,2026-02-10 09:40:00,49.82,156.89,-9.28,21.025877,64.684138
EVT0024949,BMW00818,WBA00000000000818,2026-03-28 15:00:00,64.31,97.28,31.33,47.356905,-29.351571
EVT0000279,BMW00378,WBA00000000000378,2026-01-01 23:10:00,69.16,29.07,29.96,34.702328,131.586565
EVT0094709,BMW00571,WBA00000000000571,2026-11-25 20:20:00,76.78,151.58,2.95,49.812839,117.973569
EVT0064353,BMW00472,WBA00000000000472,2026-08-12 10:40:00,47.52,143.3,32.27,42.864892,-47.886003
EVT0051768,BMW00727,WBA00000000000727,2026-06-29 17:55:00,84.95,20.89,4.0,19.963076,-3.469696
EVT0024930,BMW00537,WBA00000000000537,2026-03-28 13:25:00,55.68,13.9,17.02,47.787407,1.464992
EVT0064416,BMW00355,WBA00000000000355,2026-08-12 15:55:00,11.92,144.51,41.0,50.311931,96.194227
EVT0079618,BMW00309,WBA00000000000309,2026-10-04 10:45:00,20.36,78.68,26.71,46.423255,9.699862
EVT0014530,BMW00453,WBA00000000000453,2026-02-20 10:45:00,97.41,126.85,-8.48,54.837491,-93.673033
EVT0004420,BMW00347,WBA00000000000347,2026-01-16 08:15:00,12.15,30.75,1.52,29.2471,-43.774308
EVT0043599,BMW00114,WBA00000000000114,2026-06-01 09:10:00,39.03,102.62,3.46,36.471624,-1.65907
EVT0040882,BMW00002,WBA00000000000002,2026-05-22 22:45:00,20.82,70.15,31.87,39.872946,10.419503
EVT0085356,BMW00790,WBA00000000000790,2026-10-24 08:55:00,23.77,23.86,37.29,38.677349,-91.535322
EVT0091922,BMW00586,WBA00000000000586,2026-11-16 04:05:00,29.64,110.17,42.63,40.774109,-97.121061
EVT0039440,BMW00345,WBA00000000000345,2026-05-17 22:35:00,86.56,69.23,-0.44,9.626605,15.279796
EVT0026790,BMW00776,WBA00000000000776,2026-04-04 00:25:00,60.73,107.51,34.88,32.875747,142.434246
EVT0057172,BMW00395,WBA00000000000395,2026-07-18 12:15:00,25.9,106.3,3.98,53.776795,14.282185
EVT0081877,BMW00389,WBA00000000000389,2026-10-12 07:00:00,89.82,134.9,35.0,36.549027,19.796991
EVT0097978,BMW00033,WBA00000000000033,2026-12-07 04:45:00,10.79,96.33,21.84,27.828788,5.130842
EVT0000857,BMW00475,WBA00000000000475,2026-01-03 23:20:00,23.74,159.09,51.83,18.840365,104.223668
EVT0010850,BMW00846,WBA00000000000846,2026-02-07 16:05:00,20.22,101.33,36.65,21.352604,41.32491
EVT0040886,BMW00204,WBA00000000000204,2026-05-22 23:05:00,94.05,93.54,5.07,15.364303,149.835017
EVT0099845,BMW00404,WBA00000000000404,2026-12-13 16:20:00,45.64,20.6,40.66,13.909442,1.843993
EVT0074172,BMW00753,WBA00000000000753,2026-09-15 12:55:00,44.7,27.58,35.22,20.643288,64.446399
EVT0024613,BMW00846,WBA00000000000846,2026-03-27 11:00:00,94.36,72.55,50.1,51.639948,130.467986
EVT0025456,BMW00746,WBA00000000000746,2026-03-30 09:15:00,51.46,91.41,-2.34,34.938004,40.056773
EVT0058843,BMW00805,WBA00000000000805,2026-07-24 07:30:00,56.25,121.49,-9.04,18.660825,127.981486
EVT0059606,BMW00113,WBA00000000000113,2026-07-26 23:05:00,50.52,138.71,4.81,49.271518,114.906785
EVT0008666,BMW00258,WBA00000000000258,2026-01-31 02:05:00,79.56,50.08,45.66,19.271912,-96.1722
EVT0092010,BMW00497,WBA00000000000497,2026-11-16 11:25:00,37.23,137.09,25.6,52.348094,120.590592
EVT0005620,BMW00282,WBA00000000000282,2026-01-20 12:15:00,34.1,118.02,7.07,22.183948,-87.869981
EVT0063195,BMW00190,WBA00000000000190,2026-08-08 10:10:00,60.58,88.25,5.33,10.274132,82.79969
EVT0027823,BMW00122,WBA00000000000122,2026-04-07 14:30:00,15.03,92.01,4.72,32.084871,-44.83914
EVT0027843,BMW00734,WBA00000000000734,2026-04-07 16:10:00,60.76,24.16,48.36,17.403929,-32.23413
EVT0026147,BMW00652,WBA00000000000652,2026-04-01 18:50:00,88.89,57.05,3.24,17.577381,106.423919
EVT0015970,BMW00262,WBA00000000000262,2026-02-25 10:45:00,22.27,115.4,23.1,39.815612,122.507362
EVT0000822,BMW00705,WBA00000000000705,2026-01-03 20:25:00,67.16,133.93,52.68,38.766216,106.933422
EVT0098900,BMW00911,WBA00000000000911,2026-12-10 09:35:00,44.93,5.36,39.42,18.765355,-110.290738
EVT0015979,BMW00241,WBA00000000000241,2026-02-25 11:30:00,12.25,31.69,39.51,36.471884,-118.382353
EVT0002798,BMW00134,WBA00000000000134,2026-01-10 17:05:00,22.89,1.4,27.89,13.121232,-5.759687
EVT0065391,BMW00655,WBA00000000000655,2026-08-16 01:10:00,51.39,143.54,7.51,34.868244,-34.337771
EVT0074104,BMW00782,WBA00000000000782,2026-09-15 07:15:00,51.92,11.31,30.46,49.540263,-61.817978
EVT0002997,BMW00719,WBA00000000000719,2026-01-11 09:40:00,13.2,109.21,6.37,18.48799,-58.331817
EVT0084596,BMW00761,WBA00000000000761,2026-10-21 17:35:00,47.02,91.8,13.3,11.889137,-0.840465
EVT0068006,BMW00103,WBA00000000000103,2026-08-25 03:05:00,38.97,33.96,-8.76,32.236894,19.089418
EVT0041596,BMW00252,WBA00000000000252,2026-05-25 10:15:00,41.21,127.23,8.66,25.384224,77.941629
EVT0052267,BMW00468,WBA00000000000468,2026-07-01 11:30:00,67.32,127.89,11.81,43.811194,23.270365
EVT0060274,BMW00858,WBA00000000000858,2026-07-29 06:45:00,16.54,63.54,44.71,49.043927,84.455307
EVT0025142,BMW00021,WBA00000000000021,2026-03-29 07:05:00,18.03,81.79,6.15,24.089165,-83.620942
EVT0042918,BMW00620,WBA00000000000620,2026-05-30 00:25:00,72.87,33.59,-2.0,34.079583,-84.043281
EVT0095731,BMW00478,WBA00000000000478,2026-11-29 09:30:00,10.56,72.12,19.43,43.084353,76.629727
EVT0079033,BMW00583,WBA00000000000583,2026-10-02 10:00:00,74.06,70.54,28.73,44.01263,-47.184328
EVT0006153,BMW00108,WBA00000000000108,2026-01-22 08:40:00,70.86,150.5,51.96,54.857446,-102.124652
EVT0088246,BMW00370,WBA00000000000370,2026-11-03 09:45:00,29.03,76.46,18.35,26.290649,17.968843
EVT0029934,BMW00144,WBA00000000000144,2026-04-14 22:25:00,75.33,149.25,41.67,18.686702,25.799464
EVT0067274,BMW00550,WBA00000000000550,2026-08-22 14:05:00,85.93,110.97,-0.73,14.806392,90.975552
EVT0084132,BMW00998,WBA00000000000998,2026-10-20 02:55:00,78.27,86.39,-0.18,18.181324,-82.233012
EVT0044445,BMW00162,WBA00000000000162,2026-06-04 07:40:00,89.78,153.91,-5.48,13.651967,109.231845
EVT0057348,BMW00260,WBA00000000000260,2026-07-19 02:55:00,74.08,69.37,8.24,23.108173,-38.237644
EVT0097232,BMW00182,WBA00000000000182,2026-12-04 14:35:00,64.8,132.72,17.66,17.713387,26.018894
EVT0000805,BMW00308,WBA00000000000308,2026-01-03 19:00:00,92.71,88.62,12.46,27.746757,134.200007
EVT0089806,BMW00326,WBA00000000000326,2026-11-08 19:45:00,52.49,74.44,32.02,12.397546,-73.662234
EVT0091175,BMW00231,WBA00000000000231,2026-11-13 13:50:00,83.12,94.92,50.09,27.400818,146.810866
EVT0052497,BMW00786,WBA00000000000786,2026-07-02 06:40:00,36.53,122.23,53.97,39.764989,94.977904
EVT0013465,BMW00799,WBA00000000000799,2026-02-16 18:00:00,55.52,113.95,-0.72,17.085739,13.362568
EVT0020051,BMW00003,WBA00000000000003,2026-03-11 14:50:00,13.38,43.22,28.87,33.858458,-118.144997
EVT0040452,BMW00532,WBA00000000000532,2026-05-21 10:55:00,89.79,117.49,36.91,14.713693,-87.933201
EVT0006651,BMW00497,WBA00000000000497,2026-01-24 02:10:00,98.73,66.39,49.12,15.052205,27.395914
EVT0040953,BMW00518,WBA00000000000518,2026-05-23 04:40:00,98.79,36.27,33.44,41.249112,19.062461
EVT0002606,BMW00313,WBA00000000000313,2026-01-10 01:05:00,93.54,101.51,-2.43,27.473799,-64.583553
EVT0068135,BMW00679,WBA00000000000679,2026-08-25 13:50:00,53.12,57.94,3.32,46.14902,-107.850043
EVT0032189,BMW00484,WBA00000000000484,2026-04-22 18:20:00,73.73,136.69,53.05,30.315082,-1.354263
EVT0038759,BMW00516,WBA00000000000516,2026-05-15 13:50:00,80.15,58.07,30.14,39.607072,25.841223
EVT0038239,BMW00716,WBA00000000000716,2026-05-13 18:30:00,31.93,92.57,4.85,13.406747,129.038005
EVT0041174,BMW00927,WBA00000000000927,2026-05-23 23:05:00,54.64,84.9,44.93,26.182953,-42.130458
EVT0018169,BMW00936,WBA00000000000936,2026-03-05 02:00:00,50.19,32.98,5.19,13.076492,104.008981
EVT0008543,BMW00089,WBA00000000000089,2026-01-30 15:50:00,60.19,106.28,6.42,22.548619,87.295308
EVT0043234,BMW00090,WBA00000000000090,2026-05-31 02:45:00,12.1,136.01,31.56,13.789516,63.186684
EVT0000227,BMW00312,WBA00000000000312,2026-01-01 18:50:00,59.53,152.44,47.13,39.829948,-111.108672
EVT0081574,BMW00168,WBA00000000000168,2026-10-11 05:45:00,29.56,127.58,25.41,52.651922,49.962971
EVT0042872,BMW00487,WBA00000000000487,2026-05-29 20:35:00,89.5,9.92,21.14,52.131124,63.71167
EVT0009321,BMW00992,WBA00000000000992,2026-02-02 08:40:00,40.54,19.21,45.08,19.284841,-45.847004
EVT0035442,BMW00040,WBA00000000000040,2026-05-04 01:25:00,65.68,5.36,-8.65,38.135819,112.340459
EVT0096311,BMW00695,WBA00000000000695,2026-12-01 09:50:00,30.12,101.84,-0.01,32.730127,-83.573506
EVT0032425,BMW00145,WBA00000000000145,2026-04-23 14:00:00,89.91,85.41,15.72,29.724158,-92.502253
EVT0093605,BMW00212,WBA00000000000212,2026-11-22 00:20:00,58.13,7.72,14.66,42.103661,11.157582
EVT0042614,BMW00799,WBA00000000000799,2026-05-28 23:05:00,44.89,56.14,-0.48,10.108417,46.998633
EVT0096554,BMW00235,WBA00000000000235,2026-12-02 06:05:00,14.26,115.99,15.47,30.215298,-104.623044
EVT0018026,BMW00585,WBA00000000000585,2026-03-04 14:05:00,54.09,146.27,41.14,50.371013,118.947805
EVT0019274,BMW00481,WBA00000000000481,2026-03-08 22:05:00,36.56,147.15,7.23,16.258904,132.503308
EVT0098282,BMW00451,WBA00000000000451,2026-12-08 06:05:00,87.87,107.59,43.41,40.70735,-111.573842
EVT0092209,BMW00344,WBA00000000000344,2026-11-17 04:00:00,12.49,97.99,5.95,54.961123,-98.305662
EVT0066301,BMW00006,WBA00000000000006,2026-08-19 05:00:00,50.35,12.81,49.78,24.38465,-59.99217
EVT0036483,BMW00618,WBA00000000000618,2026-05-07 16:10:00,24.43,80.26,39.54,32.736876,-45.727674
EVT0064977,BMW00436,WBA00000000000436,2026-08-14 14:40:00,33.05,22.86,6.27,42.037716,41.882521
EVT0067787,BMW00408,WBA00000000000408,2026-08-24 08:50:00,42.45,123.43,27.08,23.779522,109.995293
EVT0048575,BMW00265,WBA00000000000265,2026-06-18 15:50:00,94.57,38.06,-8.23,44.103761,109.025369
EVT0097244,BMW00373,WBA00000000000373,2026-12-04 15:35:00,22.4,15.72,15.56,51.839183,-102.430873
EVT0061144,BMW00156,WBA00000000000156,2026-08-01 07:15:00,23.58,97.66,48.31,10.627362,-23.186684
EVT0030819,BMW00580,WBA00000000000580,2026-04-18 00:10:00,21.59,87.12,-7.65,51.769695,26.679964
EVT0033102,BMW00423,WBA00000000000423,2026-04-25 22:25:00,79.48,12.66,20.36,46.169803,38.355747
EVT0006725,BMW00288,WBA00000000000288,2026-01-24 08:20:00,28.5,134.61,24.02,10.144877,71.284854
EVT0047719,BMW00311,WBA00000000000311,2026-06-15 16:30:00,93.82,19.59,-6.96,44.721581,148.447113
EVT0004273,BMW00854,WBA00000000000854,2026-01-15 20:00:00,54.01,27.39,25.64,46.594767,-117.683161
EVT0053349,BMW00910,WBA00000000000910,2026-07-05 05:40:00,10.77,159.47,53.87,35.792867,-103.55704
EVT0011039,BMW00577,WBA00000000000577,2026-02-08 07:50:00,23.35,142.91,10.36,51.264971,-9.548322
EVT0037064,BMW00811,WBA00000000000811,2026-05-09 16:35:00,76.52,138.13,19.72,17.266123,124.86588
EVT0069852,BMW00038,WBA00000000000038,2026-08-31 12:55:00,85.0,8.96,-5.48,20.560006,42.643232
EVT0010103,BMW00569,WBA00000000000569,2026-02-05 01:50:00,46.65,36.76,44.01,15.897768,148.999623
EVT0095677,BMW00048,WBA00000000000048,2026-11-29 05:00:00,26.8,33.51,7.36,43.692556,-16.737681
EVT0027608,BMW00414,WBA00000000000414,2026-04-06 20:35:00,89.83,51.59,19.31,17.228465,61.060301
EVT0016585,BMW00961,WBA00000000000961,2026-02-27 14:00:00,89.38,112.94,22.37,14.52562,-84.850472
EVT0021579,BMW00869,WBA00000000000869,2026-03-16 22:10:00,59.03,1.2,12.28,14.453534,127.444484
EVT0019920,BMW00133,WBA00000000000133,2026-03-11 03:55:00,49.33,127.7,21.26,36.862641,-12.521083
EVT0018554,BMW00002,WBA00000000000002,2026-03-06 10:05:00,60.07,119.12,-3.88,32.728266,-25.892208
EVT0068723,BMW00855,WBA00000000000855,2026-08-27 14:50:00,55.01,140.12,49.81,12.034963,24.53748
EVT0027009,BMW00751,WBA00000000000751,2026-04-04 18:40:00,12.46,25.29,48.57,52.994637,125.190086
EVT0083057,BMW00242,WBA00000000000242,2026-10-16 09:20:00,63.27,37.41,53.58,50.015466,-81.128026
EVT0066838,BMW00015,WBA00000000000015,2026-08-21 01:45:00,66.8,129.43,8.69,42.479213,-41.848368
EVT0059477,BMW00207,WBA00000000000207,2026-07-26 12:20:00,92.12,99.8,-1.86,42.607729,-111.536229
EVT0038472,BMW00618,WBA00000000000618,2026-05-14 13:55:00,46.75,117.7,-3.87,28.160176,148.196823
EVT0006400,BMW00054,WBA00000000000054,2026-01-23 05:15:00,73.19,20.85,52.36,24.41491,-34.927894
EVT0063014,BMW00033,WBA00000000000033,2026-08-07 19:05:00,68.21,18.2,6.69,39.104543,88.667706
EVT0004422,BMW00794,WBA00000000000794,2026-01-16 08:25:00,80.1,50.09,28.48,38.523342,77.988811
EVT0055048,BMW00978,WBA00000000000978,2026-07-11 03:15:00,65.64,69.28,48.38,21.35482,49.154107
EVT0022989,BMW01000,WBA00000000001000,2026-03-21 19:40:00,75.38,63.59,37.58,28.85685,86.980335
EVT0045809,BMW00146,WBA00000000000146,2026-06-09 01:20:00,60.26,154.92,3.91,14.367361,-102.199724
EVT0008943,BMW00892,WBA00000000000892,2026-02-01 01:10:00,15.05,130.42,39.31,12.251807,-16.944464
