vehicle_id,vin,model,model_year,region,status
BMW00001,WBA00000000000001,3 Series,2025,Oceania,Active
BMW00002,WBA00000000000002,i4,2025,Europe,Inactive
BMW00003,WBA00000000000003,X7,2023,Asia,Active
BMW00004,WBA00000000000004,X3,2026,North America,Active
BMW00005,WBA00000000000005,X3,2020,Middle East,Active
BMW00006,WBA00000000000006,i5,2026,Europe,Active
BMW00007,WBA00000000000007,3 Series,2025,North America,Active
BMW00008,WBA00000000000008,X7,2023,Europe,Active
BMW00009,WBA00000000000009,7 Series,2025,Middle East,Active
BMW00010,WBA00000000000010,3 Series,2023,Middle East,Active
BMW00011,WBA00000000000011,X5,2021,North America,Active
BMW00012,WBA00000000000012,iX,2025,Asia,Active
BMW00013,WBA00000000000013,i4,2021,Europe,Active
BMW00014,WBA00000000000014,i4,2022,Oceania,Active
BMW00015,WBA00000000000015,i4,2023,Middle East,Active
BMW00016,WBA00000000000016,i4,2025,Asia,Active
BMW00017,WBA00000000000017,X5,2022,North America,Active
BMW00018,WBA00000000000018,5 Series,2023,Middle East,Inactive
BMW00019,WBA00000000000019,i5,2020,Middle East,Active
BMW00020,WBA00000000000020,X3,2020,North America,Active
BMW00021,WBA00000000000021,X5,2020,Asia,Active
BMW00022,WBA00000000000022,X1,2020,Middle East,Active
BMW00023,WBA00000000000023,5 Series,2026,Middle East,Active
BMW00024,WBA00000000000024,iX,2025,North America,Active
BMW00025,WBA00000000000025,i4,2025,Europe,Active
BMW00026,WBA00000000000026,X7,2020,North America,Active
BMW00027,WBA00000000000027,X3,2020,Middle East,Active
BMW00028,WBA00000000000028,i5,2021,Oceania,Active
BMW00029,WBA00000000000029,X5,2023,North America,Active
BMW00030,WBA00000000000030,X3,2022,Asia,Active
BMW00031,WBA00000000000031,X3,2023,North America,Active
BMW00032,WBA00000000000032,7 Series,2021,Europe,Active
BMW00033,WBA00000000000033,3 Series,2025,Europe,Active
BMW00034,WBA00000000000034,X5,2022,Middle East,Active
BMW00035,WBA00000000000035,i5,2020,Oceania,Active
BMW00036,WBA00000000000036,3 Series,2025,Oceania,Active
BMW00037,WBA00000000000037,i5,2026,North America,Active
BMW00038,WBA00000000000038,i5,2020,Europe,Active
BMW00039,WBA00000000000039,7 Series,2023,Oceania,Active
BMW00040,WBA00000000000040,X7,2025,North America,Active
BMW00041,WBA00000000000041,5 Series,2024,Asia,Active
BMW00042,WBA00000000000042,i4,2025,Oceania,Active
BMW00043,WBA00000000000043,i4,2022,Middle East,Active
BMW00044,WBA00000000000044,X1,2022,Middle East,Active
BMW00045,WBA00000000000045,3 Series,2024,Asia,Active
BMW00046,WBA00000000000046,iX,2021,Oceania,Active
BMW00047,WBA00000000000047,X3,2021,North America,Active
BMW00048,WBA00000000000048,i5,2024,North America,Active
BMW00049,WBA00000000000049,X7,2024,Middle East,Active
BMW00050,WBA00000000000050,i4,2020,Middle East,Active
BMW00051,WBA00000000000051,i4,2023,Europe,Active
BMW00052,WBA00000000000052,5 Series,2022,Asia,Active
BMW00053,WBA00000000000053,X1,2023,Asia,Active
BMW00054,WBA00000000000054,X3,2026,Oceania,Active
BMW00055,WBA00000000000055,X3,2020,Middle East,Active
BMW00056,WBA00000000000056,3 Series,2026,Asia,Active
BMW00057,WBA00000000000057,X5,2023,Middle East,Inactive
BMW00058,WBA00000000000058,5 Series,2025,Middle East,Active
BMW00059,WBA00000000000059,i4,2022,Asia,Active
BMW00060,WBA00000000000060,X7,2022,North America,Active
BMW00061,WBA00000000000061,iX,2025,Oceania,Inactive
BMW00062,WBA00000000000062,i4,2024,North America,Active
BMW00063,WBA00000000000063,X1,2021,Europe,Active
BMW00064,WBA00000000000064,iX,2024,Middle East,Inactive
BMW00065,WBA00000000000065,X3,2025,North America,Active
BMW00066,WBA00000000000066,X1,2022,North America,Active
BMW00067,WBA00000000000067,iX,2026,Middle East,Active
BMW00068,WBA00000000000068,X1,2024,Oceania,Active
BMW00069,WBA00000000000069,3 Series,2022,Asia,Active
BMW00070,WBA00000000000070,X3,2020,North America,Active
BMW00071,WBA00000000000071,i4,2024,Europe,Active
BMW00072,WBA00000000000072,5 Series,2021,Middle East,Active
BMW00073,WBA00000000000073,X3,2025,North America,Active
BMW00074,WBA00000000000074,5 Series,2023,Asia,Active
BMW00075,WBA00000000000075,X7,2023,Middle East,Active
BMW00076,WBA00000000000076,X3,2021,North America,Active
BMW00077,WBA00000000000077,X1,2024,North America,Active
BMW00078,WBA00000000000078,7 Series,2021,North America,Active
BMW00079,WBA00000000000079,X5,2022,Asia,Inactive
BMW00080,WBA00000000000080,X7,2025,Europe,Active
BMW00081,WBA00000000000081,iX,2026,Oceania,Active
BMW00082,WBA00000000000082,X3,2026,Europe,Active
BMW00083,WBA00000000000083,5 Series,2026,Asia,Active
BMW00084,WBA00000000000084,i5,2023,Middle East,Active
BMW00085,WBA00000000000085,X7,2021,Europe,Active
BMW00086,WBA00000000000086,i4,2025,Middle East,Inactive
BMW00087,WBA00000000000087,3 Series,2025,Middle East,Active
BMW00088,WBA00000000000088,X1,2026,Middle East,Active
BMW00089,WBA00000000000089,i4,2024,Asia,Active
BMW00090,WBA00000000000090,i5,2020,Europe,Active
BMW00091,WBA00000000000091,X3,2023,Oceania,Active
BMW00092,WBA00000000000092,i5,2023,Asia,Active
BMW00093,WBA00000000000093,i5,2025,Oceania,Inactive
BMW00094,WBA00000000000094,X1,2022,Europe,Active
BMW00095,WBA00000000000095,i5,2022,Europe,Active
BMW00096,WBA00000000000096,7 Series,2020,Middle East,Active
BMW00097,WBA00000000000097,7 Series,2025,Oceania,Active
BMW00098,WBA00000000000098,X7,2025,Oceania,Active
BMW00099,WBA00000000000099,X7,2020,Middle East,Active
BMW00100,WBA00000000000100,5 Series,2023,Asia,Active
BMW00101,WBA00000000000101,i5,2023,Oceania,Inactive
BMW00102,WBA00000000000102,5 Series,2023,Middle East,Active
BMW00103,WBA00000000000103,i5,2026,Europe,Active
BMW00104,WBA00000000000104,3 Series,2021,Europe,Active
BMW00105,WBA00000000000105,i4,2022,Oceania,Active
BMW00106,WBA00000000000106,i4,2021,Asia,Active
BMW00107,WBA00000000000107,i4,2021,Middle East,Inactive
BMW00108,WBA00000000000108,X7,2026,Europe,Active
BMW00109,WBA00000000000109,X3,2026,Asia,Active
BMW00110,WBA00000000000110,i4,2020,Asia,Active
BMW00111,WBA00000000000111,7 Series,2024,Asia,Active
BMW00112,WBA00000000000112,i4,2021,Middle East,Active
BMW00113,WBA00000000000113,X5,2021,Oceania,Active
BMW00114,WBA00000000000114,X3,2022,Oceania,Active
BMW00115,WBA00000000000115,X5,2021,Middle East,Active
BMW00116,WBA00000000000116,X5,2023,Asia,Active
BMW00117,WBA00000000000117,3 Series,2026,Oceania,Active
BMW00118,WBA00000000000118,5 Series,2024,North America,Active
BMW00119,WBA00000000000119,7 Series,2025,North America,Inactive
BMW00120,WBA00000000000120,5 Series,2023,Middle East,Active
BMW00121,WBA00000000000121,X3,2020,Middle East,Active
BMW00122,WBA00000000000122,X7,2020,Oceania,Active
BMW00123,WBA00000000000123,X7,2021,North America,Active
BMW00124,WBA00000000000124,X3,2021,Middle East,Active
BMW00125,WBA00000000000125,i5,2025,Middle East,Active
BMW00126,WBA00000000000126,X5,2025,Asia,Active
BMW00127,WBA00000000000127,3 Series,2025,Asia,Active
BMW00128,WBA00000000000128,i4,2024,Middle East,Active
BMW00129,WBA00000000000129,X5,2023,Europe,Active
BMW00130,WBA00000000000130,X7,2024,Asia,Active
BMW00131,WBA00000000000131,X5,2022,Middle East,Active
BMW00132,WBA00000000000132,X5,2024,Oceania,Active
BMW00133,WBA00000000000133,3 Series,2025,North America,Active
BMW00134,WBA00000000000134,X5,2025,Asia,Active
BMW00135,WBA00000000000135,i4,2024,North America,Inactive
BMW00136,WBA00000000000136,X1,2020,Middle East,Active
BMW00137,WBA00000000000137,X7,2025,North America,Active
BMW00138,WBA00000000000138,3 Series,2022,Europe,Inactive
BMW00139,WBA00000000000139,X1,2025,North America,Active
BMW00140,WBA00000000000140,X3,2023,North America,Active
BMW00141,WBA00000000000141,iX,2026,Middle East,Active
BMW00142,WBA00000000000142,7 Series,2022,Oceania,Active
BMW00143,WBA00000000000143,7 Series,2026,Oceania,Active
BMW00144,WBA00000000000144,X3,2025,Middle East,Active
BMW00145,WBA00000000000145,iX,2022,Asia,Active
BMW00146,WBA00000000000146,i5,2023,North America,Active
BMW00147,WBA00000000000147,3 Series,2023,Europe,Active
BMW00148,WBA00000000000148,7 Series,2025,Oceania,Active
BMW00149,WBA00000000000149,i5,2024,Oceania,Inactive
BMW00150,WBA00000000000150,3 Series,2025,Oceania,Active
BMW00151,WBA00000000000151,i5,2022,Asia,Active
BMW00152,WBA00000000000152,7 Series,2023,Asia,Active
BMW00153,WBA00000000000153,iX,2023,Oceania,Active
BMW00154,WBA00000000000154,7 Series,2026,North America,Active
BMW00155,WBA00000000000155,X3,2022,Middle East,Inactive
BMW00156,WBA00000000000156,X7,2024,North America,Active
BMW00157,WBA00000000000157,5 Series,2020,North America,Active
BMW00158,WBA00000000000158,X5,2025,Middle East,Active
BMW00159,WBA00000000000159,X5,2022,Oceania,Active
BMW00160,WBA00000000000160,i4,2022,Asia,Active
BMW00161,WBA00000000000161,iX,2024,Oceania,Active
BMW00162,WBA00000000000162,X7,2023,Asia,Active
BMW00163,WBA00000000000163,X3,2025,North America,Active
BMW00164,WBA00000000000164,X3,2023,Oceania,Active
BMW00165,WBA00000000000165,X3,2023,Oceania,Inactive
BMW00166,WBA00000000000166,i5,2020,Oceania,Active
BMW00167,WBA00000000000167,X1,2020,Asia,Active
BMW00168,WBA00000000000168,5 Series,2022,Oceania,Active
BMW00169,WBA00000000000169,X1,2026,Oceania,Active
BMW00170,WBA00000000000170,3 Series,2026,Oceania,Active
BMW00171,WBA00000000000171,5 Series,2024,Europe,Active
BMW00172,WBA00000000000172,3 Series,2024,Middle East,Active
BMW00173,WBA00000000000173,i4,2022,Oceania,Active
BMW00174,WBA00000000000174,i4,2021,Middle East,Active
BMW00175,WBA00000000000175,X7,2020,Asia,Active
BMW00176,WBA00000000000176,X3,2022,Middle East,Inactive
BMW00177,WBA00000000000177,i4,2022,Europe,Active
BMW00178,WBA00000000000178,5 Series,2021,North America,Active
BMW00179,WBA00000000000179,iX,2021,Middle East,Active
BMW00180,WBA00000000000180,X5,2020,North America,Active
BMW00181,WBA00000000000181,iX,2024,Middle East,Active
BMW00182,WBA00000000000182,5 Series,2026,Asia,Active
BMW00183,WBA00000000000183,X3,2024,Middle East,Active
BMW00184,WBA00000000000184,X7,2023,Middle East,Active
BMW00185,WBA00000000000185,X3,2022,Middle East,Active
BMW00186,WBA00000000000186,X3,2022,Asia,Active
BMW00187,WBA00000000000187,5 Series,2020,Asia,Active
BMW00188,WBA00000000000188,X1,2024,Asia,Active
BMW00189,WBA00000000000189,7 Series,2023,North America,Active
BMW00190,WBA00000000000190,X1,2020,North America,Active
BMW00191,WBA00000000000191,X7,2022,Asia,Active
BMW00192,WBA00000000000192,X7,2021,North America,Inactive
BMW00193,WBA00000000000193,X7,2021,Asia,Active
BMW00194,WBA00000000000194,X1,2024,Asia,Active
BMW00195,WBA00000000000195,iX,2023,Middle East,Active
BMW00196,WBA00000000000196,3 Series,2024,Oceania,Active
BMW00197,WBA00000000000197,X1,2024,Asia,Active
BMW00198,WBA00000000000198,5 Series,2026,Oceania,Active
BMW00199,WBA00000000000199,X1,2025,North America,Inactive
BMW00200,WBA00000000000200,iX,2024,Europe,Active
BMW00201,WBA00000000000201,X1,2026,Asia,Inactive
BMW00202,WBA00000000000202,iX,2023,Europe,Inactive
BMW00203,WBA00000000000203,X3,2026,Europe,Active
BMW00204,WBA00000000000204,X7,2025,Asia,Active
BMW00205,WBA00000000000205,X3,2024,North America,Active
BMW00206,WBA00000000000206,7 Series,2026,Middle East,Inactive
BMW00207,WBA00000000000207,i4,2023,Europe,Active
BMW00208,WBA00000000000208,iX,2025,Oceania,Active
BMW00209,WBA00000000000209,7 Series,2021,Asia,Active
BMW00210,WBA00000000000210,i4,2026,Europe,Active
BMW00211,WBA00000000000211,7 Series,2024,Middle East,Active
BMW00212,WBA00000000000212,i4,2025,Middle East,Active
BMW00213,WBA00000000000213,i4,2023,Middle East,Inactive
BMW00214,WBA00000000000214,X3,2026,Europe,Active
BMW00215,WBA00000000000215,i4,2020,Europe,Active
BMW00216,WBA00000000000216,7 Series,2020,Asia,Active
BMW00217,WBA00000000000217,3 Series,2023,North America,Active
BMW00218,WBA00000000000218,3 Series,2025,Oceania,Active
BMW00219,WBA00000000000219,X3,2025,Asia,Active
BMW00220,WBA00000000000220,iX,2023,Europe,Active
BMW00221,WBA00000000000221,5 Series,2024,Oceania,Active
BMW00222,WBA00000000000222,X3,2023,Europe,Active
BMW00223,WBA00000000000223,i4,2026,Europe,Active
BMW00224,WBA00000000000224,7 Series,2024,North America,Active
BMW00225,WBA00000000000225,i4,2022,North America,Active
BMW00226,WBA00000000000226,X1,2026,Middle East,Active
BMW00227,WBA00000000000227,i5,2020,Oceania,Active
BMW00228,WBA00000000000228,X5,2026,Oceania,Active
BMW00229,WBA00000000000229,X5,2021,Asia,Active
BMW00230,WBA00000000000230,5 Series,2022,Oceania,Active
BMW00231,WBA00000000000231,X3,2025,Middle East,Inactive
BMW00232,WBA00000000000232,i5,2025,Europe,Active
BMW00233,WBA00000000000233,3 Series,2026,Oceania,Active
BMW00234,WBA00000000000234,i4,2025,Europe,Active
BMW00235,WBA00000000000235,X3,2024,North America,Active
BMW00236,WBA00000000000236,i4,2022,Middle East,Active
BMW00237,WBA00000000000237,X7,2020,Asia,Active
BMW00238,WBA00000000000238,X3,2020,Asia,Active
BMW00239,WBA00000000000239,X1,2022,North America,Active
BMW00240,WBA00000000000240,X7,2020,Oceania,Active
BMW00241,WBA00000000000241,5 Series,2023,Asia,Active
BMW00242,WBA00000000000242,X5,2025,Middle East,Active
BMW00243,WBA00000000000243,3 Series,2026,North America,Active
BMW00244,WBA00000000000244,X7,2023,Europe,Inactive
BMW00245,WBA00000000000245,X7,2026,Middle East,Active
BMW00246,WBA00000000000246,3 Series,2026,Oceania,Active
BMW00247,WBA00000000000247,i4,2026,North America,Active
BMW00248,WBA00000000000248,X3,2023,Europe,Active
BMW00249,WBA00000000000249,i4,2022,Europe,Active
BMW00250,WBA00000000000250,3 Series,2026,North America,Active
BMW00251,WBA00000000000251,5 Series,2021,North America,Active
BMW00252,WBA00000000000252,X3,2022,North America,Active
BMW00253,WBA00000000000253,5 Series,2020,Asia,Active
BMW00254,WBA00000000000254,X1,2025,North America,Active
BMW00255,WBA00000000000255,X7,2024,Asia,Active
BMW00256,WBA00000000000256,5 Series,2020,Middle East,Active
BMW00257,WBA00000000000257,X7,2021,Middle East,Active
BMW00258,WBA00000000000258,5 Series,2023,Middle East,Inactive
BMW00259,WBA00000000000259,5 Series,2023,Europe,Inactive
BMW00260,WBA00000000000260,X5,2025,Oceania,Inactive
BMW00261,WBA00000000000261,i4,2021,Europe,Active
BMW00262,WBA00000000000262,5 Series,2026,Oceania,Active
BMW00263,WBA00000000000263,7 Series,2023,Europe,Active
BMW00264,WBA00000000000264,iX,2025,North America,Active
BMW00265,WBA00000000000265,iX,2021,Europe,Active
BMW00266,WBA00000000000266,X5,2020,Europe,Active
BMW00267,WBA00000000000267,X3,2020,Middle East,Inactive
BMW00268,WBA00000000000268,X1,2022,Middle East,Active
BMW00269,WBA00000000000269,X7,2026,Europe,Active
BMW00270,WBA00000000000270,X5,2020,Oceania,Active
BMW00271,WBA00000000000271,7 Series,2022,Asia,Active
BMW00272,WBA00000000000272,3 Series,2020,Asia,Active
BMW00273,WBA00000000000273,5 Series,2026,Asia,Active
BMW00274,WBA00000000000274,iX,2024,North America,Active
BMW00275,WBA00000000000275,X3,2025,Europe,Active
BMW00276,WBA00000000000276,X3,2024,North America,Active
BMW00277,WBA00000000000277,X3,2024,Asia,Active
BMW00278,WBA00000000000278,i4,2025,Europe,Active
BMW00279,WBA00000000000279,3 Series,2020,Asia,Active
BMW00280,WBA00000000000280,3 Series,2026,Middle East,Active
BMW00281,WBA00000000000281,7 Series,2025,Middle East,Active
BMW00282,WBA00000000000282,X3,2025,Asia,Active
BMW00283,WBA00000000000283,X7,2022,Asia,Active
BMW00284,WBA00000000000284,X3,2025,Middle East,Active
BMW00285,WBA00000000000285,X3,2022,Middle East,Active
BMW00286,WBA00000000000286,iX,2020,Oceania,Active
BMW00287,WBA00000000000287,5 Series,2026,Oceania,Active
BMW00288,WBA00000000000288,X5,2021,Oceania,Active
BMW00289,WBA00000000000289,X5,2020,Oceania,Active
BMW00290,WBA00000000000290,X3,2024,North America,Active
BMW00291,WBA00000000000291,i5,2021,Asia,Active
BMW00292,WBA00000000000292,7 Series,2026,Asia,Active
BMW00293,WBA00000000000293,iX,2023,Asia,Active
BMW00294,WBA00000000000294,X1,2020,Middle East,Active
BMW00295,WBA00000000000295,X5,2026,Middle East,Inactive
BMW00296,WBA00000000000296,X5,2023,Oceania,Active
BMW00297,WBA00000000000297,i5,2021,Europe,Active
BMW00298,WBA00000000000298,X3,2024,North America,Active
BMW00299,WBA00000000000299,7 Series,2023,Asia,Active
BMW00300,WBA00000000000300,3 Series,2020,Oceania,Active
BMW00301,WBA00000000000301,X1,2025,Asia,Active
BMW00302,WBA00000000000302,i5,2022,Europe,Active
BMW00303,WBA00000000000303,3 Series,2024,North America,Active
BMW00304,WBA00000000000304,i5,2026,Oceania,Active
BMW00305,WBA00000000000305,X5,2024,Oceania,Active
BMW00306,WBA00000000000306,5 Series,2024,Europe,Active
BMW00307,WBA00000000000307,X1,2021,Asia,Active
BMW00308,WBA00000000000308,X5,2021,Europe,Active
BMW00309,WBA00000000000309,X1,2022,Asia,Active
BMW00310,WBA00000000000310,5 Series,2025,North America,Active
BMW00311,WBA00000000000311,X7,2023,Asia,Active
BMW00312,WBA00000000000312,X7,2022,Europe,Active
BMW00313,WBA00000000000313,5 Series,2025,North America,Active
BMW00314,WBA00000000000314,7 Series,2025,Europe,Active
BMW00315,WBA00000000000315,7 Series,2026,Asia,Active
BMW00316,WBA00000000000316,X7,2022,Europe,Active
BMW00317,WBA00000000000317,i4,2024,Europe,Active
BMW00318,WBA00000000000318,i4,2024,North America,Active
BMW00319,WBA00000000000319,iX,2023,Oceania,Active
BMW00320,WBA00000000000320,i4,2022,Middle East,Active
BMW00321,WBA00000000000321,X1,2020,Europe,Inactive
BMW00322,WBA00000000000322,5 Series,2021,Europe,Active
BMW00323,WBA00000000000323,X7,2023,Asia,Active
BMW00324,WBA00000000000324,iX,2026,Middle East,Active
BMW00325,WBA00000000000325,iX,2026,Middle East,Active
BMW00326,WBA00000000000326,7 Series,2021,Oceania,Active
BMW00327,WBA00000000000327,7 Series,2024,Asia,Active
BMW00328,WBA00000000000328,3 Series,2020,Europe,Active
BMW00329,WBA00000000000329,5 Series,2024,Europe,Inactive
BMW00330,WBA00000000000330,X5,2022,Europe,Active
BMW00331,WBA00000000000331,X5,2023,Europe,Active
BMW00332,WBA00000000000332,X1,2025,Oceania,Inactive
BMW00333,WBA00000000000333,X1,2022,Asia,Active
BMW00334,WBA00000000000334,i5,2025,Oceania,Active
BMW00335,WBA00000000000335,X3,2023,North America,Active
BMW00336,WBA00000000000336,i5,2026,North America,Active
BMW00337,WBA00000000000337,iX,2024,North America,Active
BMW00338,WBA00000000000338,X1,2022,Oceania,Active
BMW00339,WBA00000000000339,7 Series,2025,Europe,Active
BMW00340,WBA00000000000340,iX,2022,Europe,Active
BMW00341,WBA00000000000341,X7,2023,North America,Active
BMW00342,WBA00000000000342,7 Series,2020,Asia,Active
BMW00343,WBA00000000000343,X7,2020,North America,Active
BMW00344,WBA00000000000344,X5,2024,Middle East,Inactive
BMW00345,WBA00000000000345,iX,2021,North America,Active
BMW00346,WBA00000000000346,7 Series,2026,Asia,Active
BMW00347,WBA00000000000347,iX,2025,Asia,Active
BMW00348,WBA00000000000348,iX,2024,Middle East,Active
BMW00349,WBA00000000000349,5 Series,2025,Asia,Active
BMW00350,WBA00000000000350,5 Series,2024,North America,Active
BMW00351,WBA00000000000351,X5,2020,North America,Active
BMW00352,WBA00000000000352,3 Series,2022,Middle East,Inactive
BMW00353,WBA00000000000353,7 Series,2023,Middle East,Active
BMW00354,WBA00000000000354,X3,2026,North America,Active
BMW00355,WBA00000000000355,iX,2021,Asia,Active
BMW00356,WBA00000000000356,iX,2023,Asia,Inactive
BMW00357,WBA00000000000357,5 Series,2022,North America,Active
BMW00358,WBA00000000000358,i5,2020,Asia,Active
BMW00359,WBA00000000000359,3 Series,2020,Middle East,Active
BMW00360,WBA00000000000360,i4,2022,Asia,Active
BMW00361,WBA00000000000361,i5,2020,Middle East,Active
BMW00362,WBA00000000000362,i5,2020,Middle East,Inactive
BMW00363,WBA00000000000363,7 Series,2022,Oceania,Inactive
BMW00364,WBA00000000000364,i5,2021,Europe,Active
BMW00365,WBA00000000000365,5 Series,2023,Middle East,Active
BMW00366,WBA00000000000366,X5,2020,Europe,Active
BMW00367,WBA00000000000367,X3,2022,Asia,Inactive
BMW00368,WBA00000000000368,X1,2023,Europe,Active
BMW00369,WBA00000000000369,3 Series,2026,Europe,Active
BMW00370,WBA00000000000370,i4,2024,Europe,Active
BMW00371,WBA00000000000371,X1,2026,Europe,Active
BMW00372,WBA00000000000372,X7,2022,Oceania,Active
BMW00373,WBA00000000000373,X3,2023,Europe,Inactive
BMW00374,WBA00000000000374,X1,2022,Asia,Inactive
BMW00375,WBA00000000000375,i5,2026,Middle East,Inactive
BMW00376,WBA00000000000376,3 Series,2026,Oceania,Active
BMW00377,WBA00000000000377,i4,2026,Oceania,Active
BMW00378,WBA00000000000378,i4,2025,Europe,Active
BMW00379,WBA00000000000379,X1,2023,Oceania,Active
BMW00380,WBA00000000000380,7 Series,2023,Middle East,Active
BMW00381,WBA00000000000381,3 Series,2026,Europe,Active
BMW00382,WBA00000000000382,iX,2021,North America,Active
BMW00383,WBA00000000000383,iX,2022,Oceania,Active
BMW00384,WBA00000000000384,7 Series,2026,Asia,Active
BMW00385,WBA00000000000385,3 Series,2022,Europe,Active
BMW00386,WBA00000000000386,5 Series,2021,Oceania,Active
BMW00387,WBA00000000000387,3 Series,2023,Oceania,Active
BMW00388,WBA00000000000388,i5,2022,Oceania,Active
BMW00389,WBA00000000000389,i5,2026,Oceania,Active
BMW00390,WBA00000000000390,5 Series,2026,Oceania,Active
BMW00391,WBA00000000000391,i4,2022,North America,Active
BMW00392,WBA00000000000392,5 Series,2023,Europe,Active
BMW00393,WBA00000000000393,X1,2026,Middle East,Active
BMW00394,WBA00000000000394,X5,2025,Asia,Active
BMW00395,WBA00000000000395,i4,2021,North America,Active
BMW00396,WBA00000000000396,i5,2024,Middle East,Active
BMW00397,WBA00000000000397,3 Series,2024,Oceania,Active
BMW00398,WBA00000000000398,5 Series,2024,Asia,Active
BMW00399,WBA00000000000399,7 Series,2020,Asia,Active
BMW00400,WBA00000000000400,X1,2022,Middle East,Active
BMW00401,WBA00000000000401,iX,2025,Europe,Active
BMW00402,WBA00000000000402,i4,2021,North America,Active
BMW00403,WBA00000000000403,X1,2022,Middle East,Active
BMW00404,WBA00000000000404,iX,2022,North America,Active
BMW00405,WBA00000000000405,X3,2021,Asia,Active
BMW00406,WBA00000000000406,X5,2021,Oceania,Active
BMW00407,WBA00000000000407,X3,2022,Asia,Active
BMW00408,WBA00000000000408,5 Series,2026,Middle East,Active
BMW00409,WBA00000000000409,iX,2020,North America,Active
BMW00410,WBA00000000000410,3 Series,2021,Europe,Active
BMW00411,WBA00000000000411,5 Series,2020,North America,Active
BMW00412,WBA00000000000412,7 Series,2023,Europe,Active
BMW00413,WBA00000000000413,7 Series,2021,Oceania,Inactive
BMW00414,WBA00000000000414,5 Series,2025,Middle East,Active
BMW00415,WBA00000000000415,3 Series,2024,Asia,Active
BMW00416,WBA00000000000416,X7,2025,North America,Active
BMW00417,WBA00000000000417,iX,2024,Middle East,Active
BMW00418,WBA00000000000418,5 Series,2023,Asia,Active
BMW00419,WBA00000000000419,7 Series,2026,Asia,Active
BMW00420,WBA00000000000420,X5,2023,North America,Inactive
BMW00421,WBA00000000000421,iX,2026,Asia,Active
BMW00422,WBA00000000000422,X7,2026,Middle East,Active
BMW00423,WBA00000000000423,i4,2024,Europe,Active
BMW00424,WBA00000000000424,X5,2024,Oceania,Active
BMW00425,WBA00000000000425,X3,2021,Asia,Active
BMW00426,WBA00000000000426,5 Series,2025,North America,Active
BMW00427,WBA00000000000427,i5,2024,Europe,Active
BMW00428,WBA00000000000428,i5,2026,Asia,Active
BMW00429,WBA00000000000429,3 Series,2021,Middle East,Active
BMW00430,WBA00000000000430,i4,2025,Asia,Active
BMW00431,WBA00000000000431,3 Series,2023,Europe,Active
BMW00432,WBA00000000000432,i4,2021,North America,Active
BMW00433,WBA00000000000433,i5,2021,Europe,Active
BMW00434,WBA00000000000434,5 Series,2023,Asia,Active
BMW00435,WBA00000000000435,X3,2022,North America,Active
BMW00436,WBA00000000000436,5 Series,2020,North America,Active
BMW00437,WBA00000000000437,X5,2022,Middle East,Active
BMW00438,WBA00000000000438,iX,2024,Middle East,Active
BMW00439,WBA00000000000439,3 Series,2022,Oceania,Active
BMW00440,WBA00000000000440,X1,2026,Europe,Active
BMW00441,WBA00000000000441,iX,2025,Asia,Active
BMW00442,WBA00000000000442,X1,2023,Europe,Active
BMW00443,WBA00000000000443,5 Series,2026,Europe,Active
BMW00444,WBA00000000000444,X3,2023,Asia,Active
BMW00445,WBA00000000000445,X5,2020,North America,Active
BMW00446,WBA00000000000446,X7,2020,Oceania,Inactive
BMW00447,WBA00000000000447,X1,2026,Middle East,Active
BMW00448,WBA00000000000448,iX,2026,Middle East,Inactive
BMW00449,WBA00000000000449,X5,2025,Middle East,Active
BMW00450,WBA00000000000450,7 Series,2020,Europe,Inactive
BMW00451,WBA00000000000451,iX,2022,Oceania,Inactive
BMW00452,WBA00000000000452,iX,2020,Oceania,Active
BMW00453,WBA00000000000453,X3,2020,Europe,Active
BMW00454,WBA00000000000454,3 Series,2021,North America,Inactive
BMW00455,WBA00000000000455,X5,2024,Oceania,Inactive
BMW00456,WBA00000000000456,X5,2020,North America,Inactive
BMW00457,WBA00000000000457,5 Series,2026,Oceania,Active
BMW00458,WBA00000000000458,X7,2023,Oceania,Active
BMW00459,WBA00000000000459,i5,2021,North America,Active
BMW00460,WBA00000000000460,5 Series,2023,Europe,Active
BMW00461,WBA00000000000461,i4,2025,Asia,Active
BMW00462,WBA00000000000462,5 Series,2022,Asia,Active
BMW00463,WBA00000000000463,i4,2020,North America,Active
BMW00464,WBA00000000000464,X3,2020,North America,Active
BMW00465,WBA00000000000465,3 Series,2025,North America,Active
BMW00466,WBA00000000000466,iX,2020,Europe,Active
BMW00467,WBA00000000000467,5 Series,2024,Asia,Active
BMW00468,WBA00000000000468,X5,2022,Middle East,Active
BMW00469,WBA00000000000469,5 Series,2025,Europe,Active
BMW00470,WBA00000000000470,iX,2020,Asia,Active
BMW00471,WBA00000000000471,i4,2026,Oceania,Active
BMW00472,WBA00000000000472,i5,2024,Europe,Inactive
BMW00473,WBA00000000000473,X3,2023,North America,Active
BMW00474,WBA00000000000474,X3,2021,Asia,Active
BMW00475,WBA00000000000475,X7,2026,Europe,Active
BMW00476,WBA00000000000476,i4,2022,North America,Active
BMW00477,WBA00000000000477,i5,2023,North America,Active
BMW00478,WBA00000000000478,3 Series,2022,Europe,Inactive
BMW00479,WBA00000000000479,X7,2021,Europe,Active
BMW00480,WBA00000000000480,5 Series,2022,Europe,Active
BMW00481,WBA00000000000481,7 Series,2021,Middle East,Active
BMW00482,WBA00000000000482,i5,2020,Oceania,Active
BMW00483,WBA00000000000483,7 Series,2022,Europe,Active
BMW00484,WBA00000000000484,i4,2020,Asia,Active
BMW00485,WBA00000000000485,X3,2022,Asia,Active
BMW00486,WBA00000000000486,7 Series,2026,Asia,Inactive
BMW00487,WBA00000000000487,X1,2021,Asia,Active
BMW00488,WBA00000000000488,X5,2020,Europe,Active
BMW00489,WBA00000000000489,i4,2020,North America,Inactive
BMW00490,WBA00000000000490,X7,2023,Asia,Active
BMW00491,WBA00000000000491,iX,2021,Asia,Active
BMW00492,WBA00000000000492,i5,2023,Asia,Active
BMW00493,WBA00000000000493,i4,2020,Oceania,Active
BMW00494,WBA00000000000494,X7,2022,Middle East,Active
BMW00495,WBA00000000000495,7 Series,2022,North America,Active
BMW00496,WBA00000000000496,X3,2023,Asia,Active
BMW00497,WBA00000000000497,5 Series,2023,Oceania,Active
BMW00498,WBA00000000000498,X1,2025,Oceania,Active
BMW00499,WBA00000000000499,iX,2023,Europe,Active
BMW00500,WBA00000000000500,X3,2025,Oceania,Active
BMW00501,WBA00000000000501,5 Series,2023,Middle East,Active
BMW00502,WBA00000000000502,X7,2021,Europe,Active
BMW00503,WBA00000000000503,iX,2021,Middle East,Inactive
BMW00504,WBA00000000000504,i5,2022,Europe,Active
BMW00505,WBA00000000000505,7 Series,2024,Europe,Active
BMW00506,WBA00000000000506,X3,2021,Europe,Active
BMW00507,WBA00000000000507,X5,2026,North America,Active
BMW00508,WBA00000000000508,7 Series,2023,Middle East,Active
BMW00509,WBA00000000000509,7 Series,2026,North America,Active
BMW00510,WBA00000000000510,7 Series,2024,Europe,Active
BMW00511,WBA00000000000511,iX,2022,Europe,Active
BMW00512,WBA00000000000512,i4,2021,Oceania,Active
BMW00513,WBA00000000000513,i5,2025,Oceania,Active
BMW00514,WBA00000000000514,i5,2022,Middle East,Active
BMW00515,WBA00000000000515,iX,2021,Europe,Active
BMW00516,WBA00000000000516,5 Series,2026,Oceania,Active
BMW00517,WBA00000000000517,i5,2023,Middle East,Active
BMW00518,WBA00000000000518,3 Series,2020,North America,Active
BMW00519,WBA00000000000519,X3,2023,Europe,Active
BMW00520,WBA00000000000520,X5,2023,Oceania,Active
BMW00521,WBA00000000000521,X1,2026,North America,Active
BMW00522,WBA00000000000522,5 Series,2024,Europe,Active
BMW00523,WBA00000000000523,5 Series,2021,Asia,Active
BMW00524,WBA00000000000524,i5,2021,North America,Active
BMW00525,WBA00000000000525,X1,2024,Europe,Active
BMW00526,WBA00000000000526,X1,2020,Asia,Active
BMW00527,WBA00000000000527,iX,2022,North America,Active
BMW00528,WBA00000000000528,5 Series,2020,Oceania,Active
BMW00529,WBA00000000000529,iX,2020,Europe,Active
BMW00530,WBA00000000000530,iX,2026,North America,Active
BMW00531,WBA00000000000531,X5,2020,Oceania,Active
BMW00532,WBA00000000000532,5 Series,2020,Oceania,Active
BMW00533,WBA00000000000533,5 Series,2026,Oceania,Active
BMW00534,WBA00000000000534,7 Series,2021,Europe,Active
BMW00535,WBA00000000000535,X5,2025,Oceania,Active
BMW00536,WBA00000000000536,5 Series,2020,Oceania,Active
BMW00537,WBA00000000000537,X3,2021,Asia,Inactive
BMW00538,WBA00000000000538,5 Series,2020,North America,Active
BMW00539,WBA00000000000539,X5,2024,North America,Active
BMW00540,WBA00000000000540,3 Series,2024,North America,Active
BMW00541,WBA00000000000541,i4,2023,Asia,Active
BMW00542,WBA00000000000542,3 Series,2021,Oceania,Active
BMW00543,WBA00000000000543,5 Series,2020,Oceania,Active
BMW00544,WBA00000000000544,5 Series,2023,Asia,Inactive
BMW00545,WBA00000000000545,i5,2021,Oceania,Inactive
BMW00546,WBA00000000000546,3 Series,2024,Asia,Active
BMW00547,WBA00000000000547,X3,2024,Middle East,Active
BMW00548,WBA00000000000548,X5,2025,North America,Active
BMW00549,WBA00000000000549,X5,2023,North America,Active
BMW00550,WBA00000000000550,X7,2020,Europe,Active
BMW00551,WBA00000000000551,i5,2021,Middle East,Inactive
BMW00552,WBA00000000000552,X1,2025,Asia,Active
BMW00553,WBA00000000000553,i5,2023,Asia,Active
BMW00554,WBA00000000000554,X1,2024,Europe,Active
BMW00555,WBA00000000000555,iX,2023,Oceania,Active
BMW00556,WBA00000000000556,X5,2021,Europe,Active
BMW00557,WBA00000000000557,i4,2026,Middle East,Inactive
BMW00558,WBA00000000000558,i5,2025,Oceania,Active
BMW00559,WBA00000000000559,i4,2026,Europe,Active
BMW00560,WBA00000000000560,i5,2025,North America,Active
BMW00561,WBA00000000000561,X5,2022,North America,Inactive
BMW00562,WBA00000000000562,3 Series,2021,Asia,Active
BMW00563,WBA00000000000563,X3,2021,Middle East,Active
BMW00564,WBA00000000000564,5 Series,2026,North America,Active
BMW00565,WBA00000000000565,i5,2023,North America,Active
BMW00566,WBA00000000000566,7 Series,2023,North America,Inactive
BMW00567,WBA00000000000567,7 Series,2026,Oceania,Active
BMW00568,WBA00000000000568,7 Series,2024,Middle East,Inactive
BMW00569,WBA00000000000569,X7,2026,Asia,Active
BMW00570,WBA00000000000570,X5,2026,Oceania,Active
BMW00571,WBA00000000000571,iX,2020,Oceania,Active
BMW00572,WBA00000000000572,X3,2022,Oceania,Active
BMW00573,WBA00000000000573,7 Series,2025,Middle East,Active
BMW00574,WBA00000000000574,3 Series,2025,Asia,Active
BMW00575,WBA00000000000575,3 Series,2021,Middle East,Active
BMW00576,WBA00000000000576,X1,2022,Asia,Active
BMW00577,WBA00000000000577,iX,2023,Asia,Inactive
BMW00578,WBA00000000000578,X5,2025,North America,Active
BMW00579,WBA00000000000579,i5,2020,Oceania,Active
BMW00580,WBA00000000000580,5 Series,2024,North America,Active
BMW00581,WBA00000000000581,3 Series,2022,Asia,Active
BMW00582,WBA00000000000582,i5,2021,North America,Active
BMW00583,WBA00000000000583,5 Series,2023,Asia,Active
BMW00584,WBA00000000000584,3 Series,2022,Middle East,Active
BMW00585,WBA00000000000585,X3,2024,Asia,Active
BMW00586,WBA00000000000586,iX,2022,North America,Active
BMW00587,WBA00000000000587,X7,2025,Asia,Active
BMW00588,WBA00000000000588,3 Series,2020,Asia,Active
BMW00589,WBA00000000000589,i5,2026,Oceania,Active
BMW00590,WBA00000000000590,i5,2020,Asia,Active
BMW00591,WBA00000000000591,i5,2025,Europe,Active
BMW00592,WBA00000000000592,iX,2022,Asia,Active
BMW00593,WBA00000000000593,7 Series,2022,North America,Active
BMW00594,WBA00000000000594,iX,2020,Europe,Active
BMW00595,WBA00000000000595,X1,2024,Asia,Inactive
BMW00596,WBA00000000000596,i5,2021,Europe,Active
BMW00597,WBA00000000000597,X5,2024,North America,Active
BMW00598,WBA00000000000598,i4,2025,Middle East,Active
BMW00599,WBA00000000000599,X7,2025,Oceania,Active
BMW00600,WBA00000000000600,X7,2024,Asia,Active
BMW00601,WBA00000000000601,X7,2022,Oceania,Active
BMW00602,WBA00000000000602,i4,2025,Asia,Active
BMW00603,WBA00000000000603,i4,2025,Middle East,Active
BMW00604,WBA00000000000604,5 Series,2022,North America,Inactive
BMW00605,WBA00000000000605,i5,2020,Middle East,Active
BMW00606,WBA00000000000606,X5,2026,Middle East,Active
BMW00607,WBA00000000000607,X1,2021,North America,Active
BMW00608,WBA00000000000608,X5,2024,Asia,Inactive
BMW00609,WBA00000000000609,iX,2021,North America,Active
BMW00610,WBA00000000000610,i5,2020,Oceania,Active
BMW00611,WBA00000000000611,i5,2025,Oceania,Active
BMW00612,WBA00000000000612,X3,2021,Oceania,Active
BMW00613,WBA00000000000613,i4,2024,Europe,Active
BMW00614,WBA00000000000614,X1,2024,North America,Active
BMW00615,WBA00000000000615,X7,2020,Europe,Active
BMW00616,WBA00000000000616,X7,2021,Middle East,Inactive
BMW00617,WBA00000000000617,7 Series,2025,Oceania,Active
BMW00618,WBA00000000000618,7 Series,2023,Europe,Active
BMW00619,WBA00000000000619,3 Series,2020,Middle East,Active
BMW00620,WBA00000000000620,5 Series,2026,Oceania,Active
BMW00621,WBA00000000000621,X3,2021,Oceania,Active
BMW00622,WBA00000000000622,X3,2020,Asia,Active
BMW00623,WBA00000000000623,5 Series,2026,Europe,Active
BMW00624,WBA00000000000624,X3,2020,Oceania,Active
BMW00625,WBA00000000000625,X7,2023,Oceania,Active
BMW00626,WBA00000000000626,7 Series,2026,North America,Active
BMW00627,WBA00000000000627,X1,2024,Oceania,Active
BMW00628,WBA00000000000628,X1,2024,Europe,Active
BMW00629,WBA00000000000629,X5,2022,Middle East,Active
BMW00630,WBA00000000000630,X1,2020,Europe,Active
BMW00631,WBA00000000000631,i4,2024,Oceania,Active
BMW00632,WBA00000000000632,X1,2026,Middle East,Active
BMW00633,WBA00000000000633,X3,2020,Oceania,Inactive
BMW00634,WBA00000000000634,X1,2026,North America,Inactive
BMW00635,WBA00000000000635,5 Series,2022,Europe,Active
BMW00636,WBA00000000000636,X7,2023,Europe,Active
BMW00637,WBA00000000000637,7 Series,2021,Asia,Active
BMW00638,WBA00000000000638,7 Series,2024,Middle East,Active
BMW00639,WBA00000000000639,i4,2021,Europe,Active
BMW00640,WBA00000000000640,iX,2021,Oceania,Active
BMW00641,WBA00000000000641,X7,2025,Asia,Active
BMW00642,WBA00000000000642,iX,2020,North America,Active
BMW00643,WBA00000000000643,i5,2023,Asia,Active
BMW00644,WBA00000000000644,X3,2024,North America,Active
BMW00645,WBA00000000000645,i4,2020,North America,Active
BMW00646,WBA00000000000646,X1,2022,Europe,Inactive
BMW00647,WBA00000000000647,X3,2022,North America,Active
BMW00648,WBA00000000000648,X5,2024,Middle East,Inactive
BMW00649,WBA00000000000649,iX,2026,Oceania,Active
BMW00650,WBA00000000000650,i5,2025,Asia,Active
BMW00651,WBA00000000000651,X3,2021,Oceania,Active
BMW00652,WBA00000000000652,X7,2020,Oceania,Active
BMW00653,WBA00000000000653,7 Series,2020,Oceania,Active
BMW00654,WBA00000000000654,i5,2024,Asia,Active
BMW00655,WBA00000000000655,X5,2021,Oceania,Active
BMW00656,WBA00000000000656,X5,2021,North America,Active
BMW00657,WBA00000000000657,i4,2025,Europe,Active
BMW00658,WBA00000000000658,X7,2026,Asia,Active
BMW00659,WBA00000000000659,3 Series,2025,Middle East,Active
BMW00660,WBA00000000000660,7 Series,2021,Europe,Active
BMW00661,WBA00000000000661,5 Series,2024,North America,Active
BMW00662,WBA00000000000662,i4,2024,Middle East,Active
BMW00663,WBA00000000000663,3 Series,2021,Europe,Active
BMW00664,WBA00000000000664,7 Series,2023,North America,Active
BMW00665,WBA00000000000665,X5,2023,Asia,Active
BMW00666,WBA00000000000666,X7,2022,North America,Active
BMW00667,WBA00000000000667,X5,2025,Asia,Active
BMW00668,WBA00000000000668,i5,2024,Oceania,Active
BMW00669,WBA00000000000669,iX,2023,Europe,Active
BMW00670,WBA00000000000670,5 Series,2025,Oceania,Active
BMW00671,WBA00000000000671,iX,2025,Middle East,Active
BMW00672,WBA00000000000672,X7,2023,Oceania,Active
BMW00673,WBA00000000000673,X7,2021,Oceania,Active
BMW00674,WBA00000000000674,3 Series,2025,Europe,Active
BMW00675,WBA00000000000675,X7,2025,Oceania,Active
BMW00676,WBA00000000000676,i4,2026,North America,Active
BMW00677,WBA00000000000677,X5,2021,Oceania,Active
BMW00678,WBA00000000000678,3 Series,2022,Oceania,Active
BMW00679,WBA00000000000679,X5,2026,North America,Active
BMW00680,WBA00000000000680,iX,2023,Asia,Inactive
BMW00681,WBA00000000000681,i4,2026,Europe,Active
BMW00682,WBA00000000000682,5 Series,2020,Europe,Inactive
BMW00683,WBA00000000000683,iX,2020,Asia,Active
BMW00684,WBA00000000000684,iX,2025,Oceania,Active
BMW00685,WBA00000000000685,5 Series,2022,North America,Active
BMW00686,WBA00000000000686,i5,2023,North America,Active
BMW00687,WBA00000000000687,X3,2022,Asia,Active
BMW00688,WBA00000000000688,X5,2022,North America,Active
BMW00689,WBA00000000000689,X3,2026,Middle East,Active
BMW00690,WBA00000000000690,i4,2020,Oceania,Inactive
BMW00691,WBA00000000000691,iX,2025,Middle East,Active
BMW00692,WBA00000000000692,i4,2026,Middle East,Active
BMW00693,WBA00000000000693,iX,2024,Oceania,Active
BMW00694,WBA00000000000694,iX,2022,North America,Active
BMW00695,WBA00000000000695,3 Series,2021,Oceania,Active
BMW00696,WBA00000000000696,7 Series,2024,Asia,Active
BMW00697,WBA00000000000697,i4,2023,Europe,Active
BMW00698,WBA00000000000698,X5,2021,North America,Active
BMW00699,WBA00000000000699,3 Series,2022,Europe,Active
BMW00700,WBA00000000000700,3 Series,2026,Europe,Active
BMW00701,WBA00000000000701,X5,2021,Oceania,Active
BMW00702,WBA00000000000702,X7,2021,Middle East,Inactive
BMW00703,WBA00000000000703,5 Series,2024,Asia,Active
BMW00704,WBA00000000000704,5 Series,2021,Oceania,Active
BMW00705,WBA00000000000705,5 Series,2026,Europe,Active
BMW00706,WBA00000000000706,X5,2026,Asia,Active
BMW00707,WBA00000000000707,3 Series,2026,Middle East,Active
BMW00708,WBA00000000000708,X5,2026,Asia,Active
BMW00709,WBA00000000000709,X3,2021,Middle East,Active
BMW00710,WBA00000000000710,X3,2021,Oceania,Active
BMW00711,WBA00000000000711,X7,2022,Europe,Inactive
BMW00712,WBA00000000000712,X5,2023,Europe,Active
BMW00713,WBA00000000000713,i4,2026,Oceania,Active
BMW00714,WBA00000000000714,i4,2025,North America,Active
BMW00715,WBA00000000000715,iX,2024,North America,Inactive
BMW00716,WBA00000000000716,i4,2026,North America,Active
BMW00717,WBA00000000000717,X5,2024,North America,Active
BMW00718,WBA00000000000718,X3,2022,Middle East,Inactive
BMW00719,WBA00000000000719,7 Series,2022,North America,Inactive
BMW00720,WBA00000000000720,X5,2023,Europe,Active
BMW00721,WBA00000000000721,5 Series,2020,Middle East,Active
BMW00722,WBA00000000000722,iX,2025,Middle East,Active
BMW00723,WBA00000000000723,i5,2024,Europe,Active
BMW00724,WBA00000000000724,5 Series,2025,Asia,Active
BMW00725,WBA00000000000725,i4,2023,Middle East,Active
BMW00726,WBA00000000000726,5 Series,2025,Middle East,Active
BMW00727,WBA00000000000727,i4,2026,Europe,Active
BMW00728,WBA00000000000728,3 Series,2023,Europe,Active
BMW00729,WBA00000000000729,X3,2023,North America,Active
BMW00730,WBA00000000000730,X7,2020,North America,Active
BMW00731,WBA00000000000731,i4,2025,Oceania,Active
BMW00732,WBA00000000000732,X3,2026,North America,Active
BMW00733,WBA00000000000733,iX,2024,Oceania,Active
BMW00734,WBA00000000000734,i4,2026,Asia,Inactive
BMW00735,WBA00000000000735,7 Series,2026,North America,Active
BMW00736,WBA00000000000736,X7,2025,Europe,Active
BMW00737,WBA00000000000737,i4,2023,North America,Active
BMW00738,WBA00000000000738,X1,2020,Europe,Active
BMW00739,WBA00000000000739,i4,2020,North America,Active
BMW00740,WBA00000000000740,i5,2021,Asia,Active
BMW00741,WBA00000000000741,i5,2023,Europe,Active
BMW00742,WBA00000000000742,i4,2025,Europe,Active
BMW00743,WBA00000000000743,X7,2023,North America,Active
BMW00744,WBA00000000000744,7 Series,2020,Oceania,Active
BMW00745,WBA00000000000745,i4,2021,Europe,Active
BMW00746,WBA00000000000746,X1,2026,North America,Active
BMW00747,WBA00000000000747,X5,2026,Asia,Active
BMW00748,WBA00000000000748,X1,2022,Oceania,Active
BMW00749,WBA00000000000749,X1,2025,North America,Active
BMW00750,WBA00000000000750,5 Series,2025,Oceania,Active
BMW00751,WBA00000000000751,iX,2026,Asia,Active
BMW00752,WBA00000000000752,5 Series,2026,Europe,Active
BMW00753,WBA00000000000753,3 Series,2024,North America,Active
BMW00754,WBA00000000000754,iX,2022,Middle East,Active
BMW00755,WBA00000000000755,X5,2024,Oceania,Inactive
BMW00756,WBA00000000000756,X3,2022,Oceania,Active
BMW00757,WBA00000000000757,i4,2022,Oceania,Inactive
BMW00758,WBA00000000000758,X1,2024,Middle East,Active
BMW00759,WBA00000000000759,5 Series,2023,Asia,Active
BMW00760,WBA00000000000760,i4,2024,North America,Active
BMW00761,WBA00000000000761,5 Series,2022,Europe,Active
BMW00762,WBA00000000000762,X5,2022,North America,Inactive
BMW00763,WBA00000000000763,iX,2020,Asia,Active
BMW00764,WBA00000000000764,iX,2024,Europe,Active
BMW00765,WBA00000000000765,X1,2024,Asia,Active
BMW00766,WBA00000000000766,i4,2026,North America,Active
BMW00767,WBA00000000000767,X7,2023,Asia,Active
BMW00768,WBA00000000000768,X3,2023,Oceania,Active
BMW00769,WBA00000000000769,5 Series,2020,North America,Active
BMW00770,WBA00000000000770,X1,2021,Oceania,Active
BMW00771,WBA00000000000771,X7,2022,Middle East,Active
BMW00772,WBA00000000000772,iX,2022,Europe,Active
BMW00773,WBA00000000000773,3 Series,2022,Asia,Active
BMW00774,WBA00000000000774,i4,2022,Middle East,Active
BMW00775,WBA00000000000775,i5,2025,North America,Active
BMW00776,WBA00000000000776,iX,2020,Asia,Active
BMW00777,WBA00000000000777,X3,2022,North America,Active
BMW00778,WBA00000000000778,5 Series,2021,Oceania,Active
BMW00779,WBA00000000000779,7 Series,2022,Asia,Active
BMW00780,WBA00000000000780,i5,2024,Europe,Active
BMW00781,WBA00000000000781,i5,2020,Asia,Active
BMW00782,WBA00000000000782,X7,2022,Oceania,Active
BMW00783,WBA00000000000783,5 Series,2020,Middle East,Active
BMW00784,WBA00000000000784,5 Series,2026,Oceania,Active
BMW00785,WBA00000000000785,X3,2025,Oceania,Active
BMW00786,WBA00000000000786,X5,2021,Europe,Active
BMW00787,WBA00000000000787,3 Series,2021,Asia,Active
BMW00788,WBA00000000000788,X7,2020,Europe,Active
BMW00789,WBA00000000000789,X5,2023,Europe,Active
BMW00790,WBA00000000000790,3 Series,2025,Oceania,Active
BMW00791,WBA00000000000791,3 Series,2024,Oceania,Inactive
BMW00792,WBA00000000000792,X3,2026,Europe,Active
BMW00793,WBA00000000000793,i4,2022,Middle East,Active
BMW00794,WBA00000000000794,i5,2021,North America,Active
BMW00795,WBA00000000000795,X3,2023,Europe,Active
BMW00796,WBA00000000000796,7 Series,2021,Oceania,Active
BMW00797,WBA00000000000797,iX,2026,Oceania,Active
BMW00798,WBA00000000000798,X3,2021,North America,Active
BMW00799,WBA00000000000799,X1,2023,Middle East,Active
BMW00800,WBA00000000000800,X3,2023,Asia,Active
BMW00801,WBA00000000000801,3 Series,2020,Middle East,Inactive
BMW00802,WBA00000000000802,X1,2023,North America,Active
BMW00803,WBA00000000000803,X5,2023,Oceania,Active
BMW00804,WBA00000000000804,iX,2021,Europe,Active
BMW00805,WBA00000000000805,i4,2020,Europe,Active
BMW00806,WBA00000000000806,i4,2020,Oceania,Active
BMW00807,WBA00000000000807,X5,2020,Asia,Active
BMW00808,WBA00000000000808,5 Series,2023,Asia,Active
BMW00809,WBA00000000000809,X1,2020,Middle East,Active
BMW00810,WBA00000000000810,iX,2026,Europe,Active
BMW00811,WBA00000000000811,3 Series,2021,North America,Inactive
BMW00812,WBA00000000000812,i5,2024,Asia,Active
BMW00813,WBA00000000000813,X7,2024,Europe,Active
BMW00814,WBA00000000000814,7 Series,2023,Oceania,Active
BMW00815,WBA00000000000815,i4,2026,Europe,Active
BMW00816,WBA00000000000816,i5,2020,Europe,Active
BMW00817,WBA00000000000817,3 Series,2021,Middle East,Active
BMW00818,WBA00000000000818,5 Series,2021,Oceania,Active
BMW00819,WBA00000000000819,X7,2020,Europe,Active
BMW00820,WBA00000000000820,iX,2022,Middle East,Inactive
BMW00821,WBA00000000000821,3 Series,2022,North America,Active
BMW00822,WBA00000000000822,X7,2025,Oceania,Active
BMW00823,WBA00000000000823,5 Series,2022,Europe,Active
BMW00824,WBA00000000000824,X7,2026,Oceania,Active
BMW00825,WBA00000000000825,X7,2025,Middle East,Active
BMW00826,WBA00000000000826,3 Series,2026,Oceania,Inactive
BMW00827,WBA00000000000827,X7,2020,Asia,Active
BMW00828,WBA00000000000828,i5,2026,Oceania,Active
BMW00829,WBA00000000000829,i5,2024,Middle East,Active
BMW00830,WBA00000000000830,3 Series,2026,Europe,Active
BMW00831,WBA00000000000831,7 Series,2022,Oceania,Active
BMW00832,WBA00000000000832,7 Series,2026,Middle East,Active
BMW00833,WBA00000000000833,X3,2024,Asia,Active
BMW00834,WBA00000000000834,5 Series,2020,North America,Active
BMW00835,WBA00000000000835,i5,2022,Asia,Active
BMW00836,WBA00000000000836,i4,2020,North America,Active
BMW00837,WBA00000000000837,i5,2026,Oceania,Active
BMW00838,WBA00000000000838,5 Series,2022,Oceania,Active
BMW00839,WBA00000000000839,3 Series,2021,Asia,Active
BMW00840,WBA00000000000840,iX,2023,Oceania,Active
BMW00841,WBA00000000000841,7 Series,2022,North America,Active
BMW00842,WBA00000000000842,X7,2020,Middle East,Active
BMW00843,WBA00000000000843,iX,2025,Middle East,Active
BMW00844,WBA00000000000844,3 Series,2025,North America,Active
BMW00845,WBA00000000000845,3 Series,2025,North America,Active
BMW00846,WBA00000000000846,3 Series,2024,North America,Active
BMW00847,WBA00000000000847,5 Series,2022,Oceania,Active
BMW00848,WBA00000000000848,3 Series,2023,Asia,Active
BMW00849,WBA00000000000849,i5,2023,Asia,Active
BMW00850,WBA00000000000850,X7,2021,Asia,Active
BMW00851,WBA00000000000851,iX,2020,Europe,Active
BMW00852,WBA00000000000852,i5,2021,Asia,Active
BMW00853,WBA00000000000853,iX,2023,Europe,Active
BMW00854,WBA00000000000854,7 Series,2021,Europe,Active
BMW00855,WBA00000000000855,7 Series,2020,Middle East,Active
BMW00856,WBA00000000000856,i5,2025,Europe,Active
BMW00857,WBA00000000000857,7 Series,2022,North America,Active
BMW00858,WBA00000000000858,3 Series,2024,Middle East,Active
BMW00859,WBA00000000000859,X7,2023,Middle East,Inactive
BMW00860,WBA00000000000860,i5,2025,North America,Active
BMW00861,WBA00000000000861,iX,2025,Europe,Active
BMW00862,WBA00000000000862,iX,2022,Oceania,Active
BMW00863,WBA00000000000863,5 Series,2025,Oceania,Active
BMW00864,WBA00000000000864,i4,2022,Middle East,Active
BMW00865,WBA00000000000865,i5,2025,Europe,Active
BMW00866,WBA00000000000866,X7,2022,Europe,Active
BMW00867,WBA00000000000867,i5,2020,Asia,Active
BMW00868,WBA00000000000868,i5,2025,Europe,Active
BMW00869,WBA00000000000869,X3,2020,Oceania,Active
BMW00870,WBA00000000000870,3 Series,2025,Asia,Active
BMW00871,WBA00000000000871,X3,2020,Asia,Active
BMW00872,WBA00000000000872,7 Series,2021,Oceania,Active
BMW00873,WBA00000000000873,5 Series,2024,Oceania,Active
BMW00874,WBA00000000000874,5 Series,2026,Asia,Active
BMW00875,WBA00000000000875,X7,2022,Asia,Active
BMW00876,WBA00000000000876,X5,2020,North America,Active
BMW00877,WBA00000000000877,X5,2021,Middle East,Active
BMW00878,WBA00000000000878,i4,2026,Oceania,Active
BMW00879,WBA00000000000879,X5,2025,Oceania,Active
BMW00880,WBA00000000000880,X7,2020,Oceania,Active
BMW00881,WBA00000000000881,3 Series,2022,Europe,Active
BMW00882,WBA00000000000882,i5,2021,Asia,Active
BMW00883,WBA00000000000883,X3,2021,North America,Active
BMW00884,WBA00000000000884,5 Series,2025,Europe,Active
BMW00885,WBA00000000000885,i5,2024,Asia,Active
BMW00886,WBA00000000000886,i4,2021,Europe,Active
BMW00887,WBA00000000000887,3 Series,2024,Oceania,Inactive
BMW00888,WBA00000000000888,5 Series,2022,Europe,Active
BMW00889,WBA00000000000889,3 Series,2020,Europe,Active
BMW00890,WBA00000000000890,7 Series,2023,Europe,Active
BMW00891,WBA00000000000891,3 Series,2021,Europe,Active
BMW00892,WBA00000000000892,i4,2021,North America,Active
BMW00893,WBA00000000000893,X5,2026,Asia,Active
BMW00894,WBA00000000000894,iX,2024,Oceania,Active
BMW00895,WBA00000000000895,i4,2020,Asia,Active
BMW00896,WBA00000000000896,X7,2025,North America,Inactive
BMW00897,WBA00000000000897,X5,2024,Middle East,Active
BMW00898,WBA00000000000898,3 Series,2026,Middle East,Active
BMW00899,WBA00000000000899,3 Series,2025,Middle East,Active
BMW00900,WBA00000000000900,X7,2022,Asia,Active
BMW00901,WBA00000000000901,3 Series,2023,North America,Active
BMW00902,WBA00000000000902,3 Series,2023,Oceania,Active
BMW00903,WBA00000000000903,7 Series,2025,Oceania,Active
BMW00904,WBA00000000000904,i5,2021,Middle East,Active
BMW00905,WBA00000000000905,X3,2022,Middle East,Active
BMW00906,WBA00000000000906,i4,2021,Oceania,Active
BMW00907,WBA00000000000907,X3,2022,Middle East,Active
BMW00908,WBA00000000000908,5 Series,2021,Oceania,Active
BMW00909,WBA00000000000909,X1,2020,Europe,Active
BMW00910,WBA00000000000910,3 Series,2026,Asia,Inactive
BMW00911,WBA00000000000911,i4,2020,Europe,Active
BMW00912,WBA00000000000912,5 Series,2026,Europe,Inactive
BMW00913,WBA00000000000913,X1,2020,North America,Active
BMW00914,WBA00000000000914,iX,2025,Asia,Active
BMW00915,WBA00000000000915,X5,2022,North America,Active
BMW00916,WBA00000000000916,X3,2023,North America,Active
BMW00917,WBA00000000000917,X5,2021,Middle East,Active
BMW00918,WBA00000000000918,i4,2023,Oceania,Active
BMW00919,WBA00000000000919,7 Series,2023,Oceania,Active
BMW00920,WBA00000000000920,X7,2023,Asia,Inactive
BMW00921,WBA00000000000921,i5,2022,Asia,Active
BMW00922,WBA00000000000922,X5,2023,Middle East,Active
BMW00923,WBA00000000000923,X3,2025,Europe,Active
BMW00924,WBA00000000000924,5 Series,2023,North America,Active
BMW00925,WBA00000000000925,7 Series,2022,North America,Inactive
BMW00926,WBA00000000000926,iX,2020,Europe,Active
BMW00927,WBA00000000000927,X5,2022,Middle East,Active
BMW00928,WBA00000000000928,X1,2020,Asia,Active
BMW00929,WBA00000000000929,X3,2021,Europe,Active
BMW00930,WBA00000000000930,X5,2026,Middle East,Active
BMW00931,WBA00000000000931,X5,2020,Europe,Active
BMW00932,WBA00000000000932,X7,2023,Middle East,Active
BMW00933,WBA00000000000933,7 Series,2025,Europe,Active
BMW00934,WBA00000000000934,X7,2026,North America,Active
BMW00935,WBA00000000000935,X3,2021,Oceania,Active
BMW00936,WBA00000000000936,iX,2021,Asia,Inactive
BMW00937,WBA00000000000937,5 Series,2022,Middle East,Active
BMW00938,WBA00000000000938,5 Series,2023,Middle East,Active
BMW00939,WBA00000000000939,X3,2026,Oceania,Active
BMW00940,WBA00000000000940,X5,2021,Europe,Active
BMW00941,WBA00000000000941,X7,2021,Middle East,Inactive
BMW00942,WBA00000000000942,X3,2021,Oceania,Active
BMW00943,WBA00000000000943,iX,2026,Middle East,Active
BMW00944,WBA00000000000944,X3,2020,Europe,Active
BMW00945,WBA00000000000945,5 Series,2022,Oceania,Active
BMW00946,WBA00000000000946,5 Series,2020,Europe,Active
BMW00947,WBA00000000000947,iX,2021,North America,Active
BMW00948,WBA00000000000948,5 Series,2026,North America,Active
BMW00949,WBA00000000000949,iX,2020,North America,Active
BMW00950,WBA00000000000950,7 Series,2022,North America,Active
BMW00951,WBA00000000000951,3 Series,2026,Europe,Active
BMW00952,WBA00000000000952,X1,2024,North America,Active
BMW00953,WBA00000000000953,X7,2020,Oceania,Active
BMW00954,WBA00000000000954,X3,2023,North America,Active
BMW00955,WBA00000000000955,i4,2026,Asia,Active
BMW00956,WBA00000000000956,X7,2022,Oceania,Active
BMW00957,WBA00000000000957,X3,2023,Europe,Active
BMW00958,WBA00000000000958,X7,2023,North America,Active
BMW00959,WBA00000000000959,iX,2024,North America,Active
BMW00960,WBA00000000000960,X3,2021,North America,Active
BMW00961,WBA00000000000961,5 Series,2025,Oceania,Active
BMW00962,WBA00000000000962,X3,2026,North America,Active
BMW00963,WBA00000000000963,i5,2020,Oceania,Active
BMW00964,WBA00000000000964,7 Series,2025,Europe,Active
BMW00965,WBA00000000000965,iX,2025,Middle East,Active
BMW00966,WBA00000000000966,X5,2025,North America,Active
BMW00967,WBA00000000000967,X7,2022,Asia,Active
BMW00968,WBA00000000000968,X1,2023,Asia,Active
BMW00969,WBA00000000000969,iX,2025,Middle East,Active
BMW00970,WBA00000000000970,3 Series,2021,Middle East,Active
BMW00971,WBA00000000000971,7 Series,2025,Middle East,Active
BMW00972,WBA00000000000972,X3,2026,Europe,Active
BMW00973,WBA00000000000973,X3,2024,North America,Active
BMW00974,WBA00000000000974,X3,2022,Oceania,Active
BMW00975,WBA00000000000975,5 Series,2023,Europe,Active
BMW00976,WBA00000000000976,7 Series,2020,North America,Active
BMW00977,WBA00000000000977,3 Series,2026,North America,Active
BMW00978,WBA00000000000978,X5,2022,Oceania,Active
BMW00979,WBA00000000000979,X1,2020,Asia,Active
BMW00980,WBA00000000000980,X5,2025,North America,Inactive
BMW00981,WBA00000000000981,X5,2024,Middle East,Active
BMW00982,WBA00000000000982,i4,2024,Europe,Active
BMW00983,WBA00000000000983,X5,2020,Oceania,Active
BMW00984,WBA00000000000984,X7,2025,Oceania,Active
BMW00985,WBA00000000000985,X5,2024,Middle East,Active
BMW00986,WBA00000000000986,X7,2025,Middle East,Active
BMW00987,WBA00000000000987,X7,2025,Middle East,Active
BMW00988,WBA00000000000988,X1,2021,Middle East,Active
BMW00989,WBA00000000000989,7 Series,2021,Oceania,Active
BMW00990,WBA00000000000990,i4,2026,North America,Active
BMW00991,WBA00000000000991,X1,2023,North America,Inactive
BMW00992,WBA00000000000992,X5,2023,Middle East,Active
BMW00993,WBA00000000000993,5 Series,2022,Europe,Active
BMW00994,WBA00000000000994,X3,2024,Oceania,Inactive
BMW00995,WBA00000000000995,X5,2025,Middle East,Active
BMW00996,WBA00000000000996,X7,2020,Middle East,Active
BMW00997,WBA00000000000997,X5,2023,Asia,Active
BMW00998,WBA00000000000998,X1,2026,Asia,Active
BMW00999,WBA00000000000999,iX,2021,North America,Active
BMW01000,WBA00000000001000,X5,2021,Middle East,Active
