dealer_id,dealer_name,city,region,capacity,total_services,avg_repair_cost,avg_service_interval_days,capacity_utilization_pct,dealer_status,regional_rank
D0360,BMW_Bhubaneswar_360,Bhubaneswar,East,101,208,31656.29,547.56,205.94,OVERLOADED,1
D0096,BMW_Bhubaneswar_96,Bhubaneswar,East,115,203,33967.3,453.38,176.52,OVERLOADED,2
D0290,BMW_Kolkata_290,Kolkata,East,117,201,31895.09,573.71,171.79,OVERLOADED,3
D0043,BMW_Kolkata_43,Kolkata,East,148,208,33650.38,418.92,140.54,OVERLOADED,4
D0364,BMW_Kolkata_364,Kolkata,East,152,199,32837.6,302.2,130.92,OVERLOADED,5
D0267,BMW_Kolkata_267,Kolkata,East,142,179,34319.67,283.11,126.06,OVERLOADED,6
D0033,BMW_Bhubaneswar_33,Bhubaneswar,East,132,160,31212.07,263.0,121.21,OVERLOADED,7
D0065,BMW_Bhubaneswar_65,Bhubaneswar,East,170,192,31636.47,598.0,112.94,OVERLOADED,8
D0093,BMW_Patna_93,Patna,East,177,198,33896.6,543.54,111.86,OVERLOADED,9
D0248,BMW_Bhubaneswar_248,Bhubaneswar,East,183,197,33870.31,476.8,107.65,OVERLOADED,10
D0410,BMW_Bhubaneswar_410,Bhubaneswar,East,202,199,31826.74,350.14,98.51,OVERLOADED,11
D0371,BMW_Patna_371,Patna,East,216,210,34719.98,315.15,97.22,OVERLOADED,12
D0132,BMW_Patna_132,Patna,East,209,198,32026.63,291.0,94.74,OVERLOADED,13
D0336,BMW_Bhubaneswar_336,Bhubaneswar,East,245,222,33453.36,384.47,90.61,OVERLOADED,14
D0206,BMW_Patna_206,Patna,East,209,181,33503.51,329.89,86.6,OPTIMAL,15
D0489,BMW_Bhubaneswar_489,Bhubaneswar,East,248,204,33482.6,373.65,82.26,OPTIMAL,16
D0058,BMW_Kolkata_58,Kolkata,East,265,213,33770.9,436.07,80.38,OPTIMAL,17
D0378,BMW_Patna_378,Patna,East,239,190,33631.39,436.64,79.5,OPTIMAL,18
D0011,BMW_Kolkata_11,Kolkata,East,263,194,31129.41,442.46,73.76,OPTIMAL,19
D0131,BMW_Patna_131,Patna,East,237,172,34511.1,575.14,72.57,OPTIMAL,20
D0288,BMW_Kolkata_288,Kolkata,East,346,222,34254.91,443.36,64.16,OPTIMAL,21
D0198,BMW_Kolkata_198,Kolkata,East,303,183,33343.21,426.82,60.4,OPTIMAL,22
D0153,BMW_Patna_153,Patna,East,342,196,33130.95,457.4,57.31,UNDER_UTILIZED,23
D0125,BMW_Patna_125,Patna,East,350,194,32326.1,547.38,55.43,UNDER_UTILIZED,24
D0450,BMW_Kolkata_450,Kolkata,East,402,222,33104.34,586.11,55.22,UNDER_UTILIZED,25
D0235,BMW_Patna_235,Patna,East,325,178,32508.79,386.0,54.77,UNDER_UTILIZED,26
D0493,BMW_Kolkata_493,Kolkata,East,343,187,33054.91,434.17,54.52,UNDER_UTILIZED,27
D0444,BMW_Patna_444,Patna,East,402,212,32589.6,374.86,52.74,UNDER_UTILIZED,28
D0435,BMW_Patna_435,Patna,East,393,199,34540.52,554.57,50.64,UNDER_UTILIZED,29
D0282,BMW_Bhubaneswar_282,Bhubaneswar,East,432,215,32730.17,470.8,49.77,UNDER_UTILIZED,30
D0013,BMW_Kolkata_13,Kolkata,East,444,220,33103.85,476.0,49.55,UNDER_UTILIZED,31
D0426,BMW_Bhubaneswar_426,Bhubaneswar,East,409,200,32741.21,422.0,48.9,UNDER_UTILIZED,32
D0182,BMW_Patna_182,Patna,East,407,197,32172.87,471.0,48.4,UNDER_UTILIZED,33
D0156,BMW_Patna_156,Patna,East,440,202,33019.04,651.63,45.91,UNDER_UTILIZED,34
D0145,BMW_Bhubaneswar_145,Bhubaneswar,East,478,212,31739.53,373.89,44.35,UNDER_UTILIZED,35
D0343,BMW_Patna_343,Patna,East,542,233,31859.25,369.2,42.99,UNDER_UTILIZED,36
D0417,BMW_Bhubaneswar_417,Bhubaneswar,East,491,208,33335.38,670.0,42.36,UNDER_UTILIZED,37
D0359,BMW_Kolkata_359,Kolkata,East,513,215,31830.21,203.17,41.91,UNDER_UTILIZED,38
D0261,BMW_Patna_261,Patna,East,484,200,34749.67,534.45,41.32,UNDER_UTILIZED,39
D0442,BMW_Kolkata_442,Kolkata,East,551,224,33175.0,474.29,40.65,UNDER_UTILIZED,40
D0456,BMW_Kolkata_456,Kolkata,East,504,204,32082.86,249.18,40.48,UNDER_UTILIZED,41
D0124,BMW_Patna_124,Patna,East,457,184,32454.17,323.58,40.26,UNDER_UTILIZED,42
D0396,BMW_Bhubaneswar_396,Bhubaneswar,East,550,213,32400.56,311.67,38.73,UNDER_UTILIZED,43
D0233,BMW_Bhubaneswar_233,Bhubaneswar,East,529,204,34552.09,624.6,38.56,UNDER_UTILIZED,44
D0397,BMW_Patna_397,Patna,East,567,214,33533.47,257.25,37.74,UNDER_UTILIZED,45
D0238,BMW_Kolkata_238,Kolkata,East,514,191,33957.08,432.33,37.16,UNDER_UTILIZED,46
D0213,BMW_Kolkata_213,Kolkata,East,553,199,32061.2,300.92,35.99,UNDER_UTILIZED,47
D0270,BMW_Bhubaneswar_270,Bhubaneswar,East,530,190,33347.32,467.9,35.85,UNDER_UTILIZED,48
D0162,BMW_Patna_162,Patna,East,571,202,33338.68,334.57,35.38,UNDER_UTILIZED,49
D0083,BMW_Kolkata_83,Kolkata,East,584,206,33811.93,518.36,35.27,UNDER_UTILIZED,50
D0215,BMW_Patna_215,Patna,East,661,227,33839.25,730.36,34.34,UNDER_UTILIZED,51
D0464,BMW_Bhubaneswar_464,Bhubaneswar,East,575,193,34278.84,450.69,33.57,UNDER_UTILIZED,52
D0239,BMW_Bhubaneswar_239,Bhubaneswar,East,578,192,35638.83,433.5,33.22,UNDER_UTILIZED,53
D0102,BMW_Kolkata_102,Kolkata,East,565,187,35082.52,292.67,33.1,UNDER_UTILIZED,54
D0059,BMW_Kolkata_59,Kolkata,East,643,212,34627.96,423.82,32.97,UNDER_UTILIZED,55
D0473,BMW_Bhubaneswar_473,Bhubaneswar,East,601,194,33334.41,549.86,32.28,UNDER_UTILIZED,56
D0219,BMW_Kolkata_219,Kolkata,East,633,200,32834.35,281.6,31.6,UNDER_UTILIZED,57
D0070,BMW_Patna_70,Patna,East,652,205,34019.41,276.8,31.44,UNDER_UTILIZED,58
D0168,BMW_Bhubaneswar_168,Bhubaneswar,East,649,201,35175.78,440.67,30.97,UNDER_UTILIZED,59
D0035,BMW_Patna_35,Patna,East,680,209,30664.86,610.13,30.74,UNDER_UTILIZED,60
D0275,BMW_Kolkata_275,Kolkata,East,651,200,30744.79,389.25,30.72,UNDER_UTILIZED,61
D0230,BMW_Kolkata_230,Kolkata,East,689,211,34021.16,340.82,30.62,UNDER_UTILIZED,62
D0446,BMW_Kolkata_446,Kolkata,East,652,199,31919.55,366.42,30.52,UNDER_UTILIZED,63
D0377,BMW_Patna_377,Patna,East,713,211,34053.92,339.27,29.59,UNDER_UTILIZED,64
D0030,BMW_Patna_30,Patna,East,755,223,33024.78,530.75,29.54,UNDER_UTILIZED,65
D0004,BMW_Patna_4,Patna,East,658,190,32178.72,625.45,28.88,UNDER_UTILIZED,66
D0363,BMW_Kolkata_363,Kolkata,East,610,175,32409.7,331.11,28.69,UNDER_UTILIZED,67
D0190,BMW_Kolkata_190,Kolkata,East,693,198,33831.69,564.92,28.57,UNDER_UTILIZED,68
D0455,BMW_Kolkata_455,Kolkata,East,670,191,32876.9,288.17,28.51,UNDER_UTILIZED,69
D0484,BMW_Kolkata_484,Kolkata,East,678,189,33130.29,396.21,27.88,UNDER_UTILIZED,70
D0488,BMW_Kolkata_488,Kolkata,East,710,195,34249.77,283.8,27.46,UNDER_UTILIZED,71
D0218,BMW_Bhubaneswar_218,Bhubaneswar,East,752,204,33243.26,363.89,27.13,UNDER_UTILIZED,72
D0130,BMW_Patna_130,Patna,East,779,211,32619.75,306.0,27.09,UNDER_UTILIZED,73
D0128,BMW_Kolkata_128,Kolkata,East,769,203,33649.47,316.55,26.4,UNDER_UTILIZED,74
D0251,BMW_Kolkata_251,Kolkata,East,767,201,32961.76,575.36,26.21,UNDER_UTILIZED,75
D0050,BMW_Patna_50,Patna,East,649,170,32720.66,524.27,26.19,UNDER_UTILIZED,76
D0265,BMW_Bhubaneswar_265,Bhubaneswar,East,800,208,32700.89,512.11,26.0,UNDER_UTILIZED,77
D0051,BMW_Kolkata_51,Kolkata,East,756,194,34113.66,218.0,25.66,UNDER_UTILIZED,78
D0439,BMW_Kolkata_439,Kolkata,East,775,190,34639.65,315.36,24.52,UNDER_UTILIZED,79
D0246,BMW_Kolkata_246,Kolkata,East,1000,233,31792.85,375.31,23.3,UNDER_UTILIZED,80
D0480,BMW_Bhubaneswar_480,Bhubaneswar,East,943,216,33544.91,486.58,22.91,UNDER_UTILIZED,81
D0154,BMW_Kolkata_154,Kolkata,East,930,213,33097.91,419.18,22.9,UNDER_UTILIZED,82
D0485,BMW_Bhubaneswar_485,Bhubaneswar,East,883,201,33151.14,631.0,22.76,UNDER_UTILIZED,83
D0247,BMW_Kolkata_247,Kolkata,East,951,215,33123.68,474.25,22.61,UNDER_UTILIZED,84
D0347,BMW_Kolkata_347,Kolkata,East,788,178,32194.13,592.44,22.59,UNDER_UTILIZED,85
D0010,BMW_Kolkata_10,Kolkata,East,990,220,31592.43,382.33,22.22,UNDER_UTILIZED,86
D0094,BMW_Bhubaneswar_94,Bhubaneswar,East,976,212,33795.8,295.08,21.72,UNDER_UTILIZED,87
D0019,BMW_Patna_19,Patna,East,982,208,34998.5,450.25,21.18,UNDER_UTILIZED,88
D0062,BMW_Bhubaneswar_62,Bhubaneswar,East,926,195,32445.21,456.47,21.06,UNDER_UTILIZED,89
D0032,BMW_Kolkata_32,Kolkata,East,894,186,32821.39,533.63,20.81,UNDER_UTILIZED,90
D0500,BMW_Kolkata_500,Kolkata,East,987,204,31157.09,498.1,20.67,UNDER_UTILIZED,91
D0109,BMW_Patna_109,Patna,East,973,200,33256.87,369.5,20.55,UNDER_UTILIZED,92
D0205,BMW_Patna_205,Patna,East,868,175,31331.97,367.33,20.16,UNDER_UTILIZED,93
D0163,BMW_Bhubaneswar_163,Bhubaneswar,East,914,184,30993.45,445.25,20.13,UNDER_UTILIZED,94
D0332,BMW_Kolkata_332,Kolkata,East,910,182,32723.77,495.87,20.0,UNDER_UTILIZED,95
D0137,BMW_Patna_137,Patna,East,966,192,33386.43,433.73,19.88,UNDER_UTILIZED,96
D0097,BMW_Patna_97,Patna,East,871,172,32482.41,436.79,19.75,UNDER_UTILIZED,97
D0193,BMW_Kolkata_193,Kolkata,East,915,180,33368.7,434.0,19.67,UNDER_UTILIZED,98
D0177,BMW_Patna_177,Patna,East,925,179,33507.28,426.31,19.35,UNDER_UTILIZED,99
D0449,BMW_Patna_449,Patna,East,944,181,34419.93,424.89,19.17,UNDER_UTILIZED,100
D0148,BMW_Kolkata_148,Kolkata,East,981,181,33722.59,249.1,18.45,UNDER_UTILIZED,101
D0369,BMW_Delhi_369,Delhi,North,114,219,33872.5,142.57,192.11,OVERLOADED,1
D0357,BMW_Delhi_357,Delhi,North,137,225,33788.89,392.24,164.23,OVERLOADED,2
D0482,BMW_Gurugram_482,Gurugram,North,121,195,32496.35,559.89,161.16,OVERLOADED,3
D0229,BMW_Chandigarh_229,Chandigarh,North,120,185,33076.04,551.6,154.17,OVERLOADED,4
D0433,BMW_Chandigarh_433,Chandigarh,North,150,224,34539.82,554.85,149.33,OVERLOADED,5
D0348,BMW_Gurugram_348,Gurugram,North,141,187,33915.33,563.43,132.62,OVERLOADED,6
D0114,BMW_Gurugram_114,Gurugram,North,140,184,32722.76,481.63,131.43,OVERLOADED,7
D0322,BMW_Gurugram_322,Gurugram,North,161,193,34676.9,356.67,119.88,OVERLOADED,8
D0027,BMW_Jaipur_27,Jaipur,North,173,200,32329.22,397.25,115.61,OVERLOADED,9
D0406,BMW_Gurugram_406,Gurugram,North,170,191,33107.57,406.0,112.35,OVERLOADED,10
D0325,BMW_Jaipur_325,Jaipur,North,183,195,32783.04,469.0,106.56,OVERLOADED,11
D0408,BMW_Chandigarh_408,Chandigarh,North,192,204,33753.74,385.13,106.25,OVERLOADED,12
D0194,BMW_Jaipur_194,Jaipur,North,186,187,31431.23,405.35,100.54,OVERLOADED,13
D0055,BMW_Delhi_55,Delhi,North,208,204,35394.86,522.4,98.08,OVERLOADED,14
D0323,BMW_Chandigarh_323,Chandigarh,North,201,196,30218.4,374.0,97.51,OVERLOADED,15
D0258,BMW_Chandigarh_258,Chandigarh,North,217,208,31048.55,591.18,95.85,OVERLOADED,16
D0001,BMW_Jaipur_1,Jaipur,North,214,201,31236.26,382.88,93.93,OVERLOADED,17
D0150,BMW_Jaipur_150,Jaipur,North,205,190,32940.21,418.58,92.68,OVERLOADED,18
D0376,BMW_Delhi_376,Delhi,North,248,228,32723.29,561.47,91.94,OVERLOADED,19
D0003,BMW_Chandigarh_3,Chandigarh,North,204,186,34946.22,229.88,91.18,OVERLOADED,20
D0122,BMW_Gurugram_122,Gurugram,North,202,183,32424.77,414.69,90.59,OVERLOADED,21
D0365,BMW_Delhi_365,Delhi,North,234,205,34185.36,403.85,87.61,OPTIMAL,22
D0174,BMW_Delhi_174,Delhi,North,218,190,32243.09,475.0,87.16,OPTIMAL,23
D0457,BMW_Delhi_457,Delhi,North,226,194,32680.7,293.25,85.84,OPTIMAL,24
D0498,BMW_Gurugram_498,Gurugram,North,211,180,33574.07,417.07,85.31,OPTIMAL,25
D0335,BMW_Jaipur_335,Jaipur,North,252,201,32660.4,542.36,79.76,OPTIMAL,26
D0144,BMW_Chandigarh_144,Chandigarh,North,252,190,33449.08,486.63,75.4,OPTIMAL,27
D0286,BMW_Delhi_286,Delhi,North,295,207,33794.46,418.38,70.17,OPTIMAL,28
D0021,BMW_Jaipur_21,Jaipur,North,333,228,33444.24,381.94,68.47,OPTIMAL,29
D0202,BMW_Gurugram_202,Gurugram,North,299,204,32039.55,554.88,68.23,OPTIMAL,30
D0175,BMW_Gurugram_175,Gurugram,North,294,197,32773.72,483.5,67.01,OPTIMAL,31
D0057,BMW_Gurugram_57,Gurugram,North,303,202,32351.5,459.89,66.67,OPTIMAL,32
D0297,BMW_Chandigarh_297,Chandigarh,North,297,196,32655.61,313.8,65.99,OPTIMAL,33
D0076,BMW_Gurugram_76,Gurugram,North,325,211,31008.49,444.58,64.92,OPTIMAL,34
D0262,BMW_Chandigarh_262,Chandigarh,North,303,195,31713.35,441.5,64.36,OPTIMAL,35
D0255,BMW_Gurugram_255,Gurugram,North,323,207,34350.0,458.67,64.09,OPTIMAL,36
D0486,BMW_Gurugram_486,Gurugram,North,321,202,32485.54,541.67,62.93,OPTIMAL,37
D0071,BMW_Chandigarh_71,Chandigarh,North,305,190,32252.94,484.67,62.3,OPTIMAL,38
D0388,BMW_Chandigarh_388,Chandigarh,North,344,214,34145.43,423.33,62.21,OPTIMAL,39
D0481,BMW_Jaipur_481,Jaipur,North,317,185,32585.97,461.57,58.36,UNDER_UTILIZED,40
D0209,BMW_Delhi_209,Delhi,North,355,205,34724.8,585.0,57.75,UNDER_UTILIZED,41
D0490,BMW_Delhi_490,Delhi,North,356,203,34047.94,498.67,57.02,UNDER_UTILIZED,42
D0299,BMW_Chandigarh_299,Chandigarh,North,289,164,31198.2,301.0,56.75,UNDER_UTILIZED,43
D0221,BMW_Chandigarh_221,Chandigarh,North,392,219,32920.57,478.53,55.87,UNDER_UTILIZED,44
D0374,BMW_Chandigarh_374,Chandigarh,North,379,211,32936.27,323.55,55.67,UNDER_UTILIZED,45
D0192,BMW_Jaipur_192,Jaipur,North,318,177,34120.59,505.33,55.66,UNDER_UTILIZED,46
D0285,BMW_Chandigarh_285,Chandigarh,North,382,210,33215.45,437.14,54.97,UNDER_UTILIZED,47
D0331,BMW_Jaipur_331,Jaipur,North,339,184,32828.76,440.27,54.28,UNDER_UTILIZED,48
D0381,BMW_Delhi_381,Delhi,North,373,202,33655.89,297.36,54.16,UNDER_UTILIZED,49
D0309,BMW_Gurugram_309,Gurugram,North,391,209,33517.68,465.0,53.45,UNDER_UTILIZED,50
D0344,BMW_Gurugram_344,Gurugram,North,356,187,34889.78,402.1,52.53,UNDER_UTILIZED,51
D0424,BMW_Gurugram_424,Gurugram,North,406,213,33778.06,624.58,52.46,UNDER_UTILIZED,52
D0407,BMW_Jaipur_407,Jaipur,North,394,206,31243.92,346.29,52.28,UNDER_UTILIZED,53
D0340,BMW_Chandigarh_340,Chandigarh,North,411,213,34179.24,344.92,51.82,UNDER_UTILIZED,54
D0277,BMW_Gurugram_277,Gurugram,North,374,189,33350.88,354.2,50.53,UNDER_UTILIZED,55
D0462,BMW_Delhi_462,Delhi,North,435,219,34784.2,468.33,50.34,UNDER_UTILIZED,56
D0429,BMW_Gurugram_429,Gurugram,North,402,200,30936.66,378.25,49.75,UNDER_UTILIZED,57
D0411,BMW_Chandigarh_411,Chandigarh,North,406,202,33035.98,484.14,49.75,UNDER_UTILIZED,57
D0116,BMW_Delhi_116,Delhi,North,423,205,32850.34,309.4,48.46,UNDER_UTILIZED,59
D0180,BMW_Jaipur_180,Jaipur,North,438,209,32954.61,436.8,47.72,UNDER_UTILIZED,60
D0184,BMW_Chandigarh_184,Chandigarh,North,402,185,32912.86,574.38,46.02,UNDER_UTILIZED,61
D0478,BMW_Jaipur_478,Jaipur,North,467,206,32870.7,400.38,44.11,UNDER_UTILIZED,62
D0127,BMW_Chandigarh_127,Chandigarh,North,409,178,34068.55,550.0,43.52,UNDER_UTILIZED,63
D0403,BMW_Delhi_403,Delhi,North,489,211,32896.92,384.78,43.15,UNDER_UTILIZED,64
D0060,BMW_Gurugram_60,Gurugram,North,431,185,32343.48,437.8,42.92,UNDER_UTILIZED,65
D0459,BMW_Gurugram_459,Gurugram,North,490,210,32074.15,455.75,42.86,UNDER_UTILIZED,66
D0356,BMW_Jaipur_356,Jaipur,North,510,213,33152.68,392.0,41.76,UNDER_UTILIZED,67
D0069,BMW_Gurugram_69,Gurugram,North,533,218,33496.26,379.08,40.9,UNDER_UTILIZED,68
D0477,BMW_Jaipur_477,Jaipur,North,476,192,33742.45,506.4,40.34,UNDER_UTILIZED,69
D0183,BMW_Jaipur_183,Jaipur,North,518,206,32490.11,560.76,39.77,UNDER_UTILIZED,70
D0321,BMW_Gurugram_321,Gurugram,North,539,204,33597.65,323.0,37.85,UNDER_UTILIZED,71
D0214,BMW_Chandigarh_214,Chandigarh,North,616,231,32816.47,507.0,37.5,UNDER_UTILIZED,72
D0045,BMW_Jaipur_45,Jaipur,North,532,198,32456.93,333.56,37.22,UNDER_UTILIZED,73
D0431,BMW_Jaipur_431,Jaipur,North,505,185,32095.82,315.14,36.63,UNDER_UTILIZED,74
D0287,BMW_Chandigarh_287,Chandigarh,North,516,187,32285.93,495.33,36.24,UNDER_UTILIZED,75
D0434,BMW_Chandigarh_434,Chandigarh,North,608,219,32198.22,352.0,36.02,UNDER_UTILIZED,76
D0351,BMW_Gurugram_351,Gurugram,North,546,195,33339.33,280.77,35.71,UNDER_UTILIZED,77
D0142,BMW_Chandigarh_142,Chandigarh,North,537,190,33201.89,505.25,35.38,UNDER_UTILIZED,78
D0067,BMW_Jaipur_67,Jaipur,North,586,207,31790.89,354.13,35.32,UNDER_UTILIZED,79
D0138,BMW_Jaipur_138,Jaipur,North,533,187,32763.13,461.36,35.08,UNDER_UTILIZED,80
D0176,BMW_Chandigarh_176,Chandigarh,North,546,189,32508.25,436.75,34.62,UNDER_UTILIZED,81
D0454,BMW_Jaipur_454,Jaipur,North,506,173,32591.82,510.56,34.19,UNDER_UTILIZED,82
D0385,BMW_Delhi_385,Delhi,North,595,203,32611.43,253.47,34.12,UNDER_UTILIZED,83
D0361,BMW_Delhi_361,Delhi,North,573,195,31004.39,563.7,34.03,UNDER_UTILIZED,84
D0328,BMW_Gurugram_328,Gurugram,North,581,196,32837.75,403.0,33.73,UNDER_UTILIZED,85
D0167,BMW_Jaipur_167,Jaipur,North,621,208,33578.1,583.33,33.49,UNDER_UTILIZED,86
D0300,BMW_Chandigarh_300,Chandigarh,North,595,199,30857.34,427.83,33.45,UNDER_UTILIZED,87
D0136,BMW_Delhi_136,Delhi,North,600,199,32328.35,436.67,33.17,UNDER_UTILIZED,88
D0080,BMW_Jaipur_80,Jaipur,North,597,195,33183.54,420.83,32.66,UNDER_UTILIZED,89
D0208,BMW_Chandigarh_208,Chandigarh,North,630,201,33660.15,413.17,31.9,UNDER_UTILIZED,90
D0040,BMW_Gurugram_40,Gurugram,North,538,171,32051.01,411.92,31.78,UNDER_UTILIZED,91
D0082,BMW_Gurugram_82,Gurugram,North,690,219,32734.4,373.0,31.74,UNDER_UTILIZED,92
D0234,BMW_Chandigarh_234,Chandigarh,North,659,201,33860.18,485.82,30.5,UNDER_UTILIZED,93
D0039,BMW_Delhi_39,Delhi,North,651,196,33273.06,255.0,30.11,UNDER_UTILIZED,94
D0249,BMW_Chandigarh_249,Chandigarh,North,652,195,32351.16,375.33,29.91,UNDER_UTILIZED,95
D0240,BMW_Gurugram_240,Gurugram,North,646,193,31798.15,304.44,29.88,UNDER_UTILIZED,96
D0298,BMW_Chandigarh_298,Chandigarh,North,648,189,32156.13,522.45,29.17,UNDER_UTILIZED,97
D0212,BMW_Delhi_212,Delhi,North,709,206,31227.26,401.08,29.06,UNDER_UTILIZED,98
D0318,BMW_Gurugram_318,Gurugram,North,710,206,33413.17,384.4,29.01,UNDER_UTILIZED,99
D0087,BMW_Jaipur_87,Jaipur,North,769,216,32688.62,555.57,28.09,UNDER_UTILIZED,100
D0077,BMW_Chandigarh_77,Chandigarh,North,746,206,32313.16,395.67,27.61,UNDER_UTILIZED,101
D0441,BMW_Jaipur_441,Jaipur,North,761,207,32869.55,492.67,27.2,UNDER_UTILIZED,102
D0257,BMW_Gurugram_257,Gurugram,North,721,196,32400.91,337.08,27.18,UNDER_UTILIZED,103
D0383,BMW_Gurugram_383,Gurugram,North,693,188,33411.99,461.33,27.13,UNDER_UTILIZED,104
D0119,BMW_Jaipur_119,Jaipur,North,760,206,32528.57,449.5,27.11,UNDER_UTILIZED,105
D0346,BMW_Gurugram_346,Gurugram,North,701,188,33776.55,301.89,26.82,UNDER_UTILIZED,106
D0195,BMW_Jaipur_195,Jaipur,North,748,200,31871.61,495.89,26.74,UNDER_UTILIZED,107
D0104,BMW_Delhi_104,Delhi,North,777,199,32206.99,363.3,25.61,UNDER_UTILIZED,108
D0269,BMW_Delhi_269,Delhi,North,763,195,33752.64,531.54,25.56,UNDER_UTILIZED,109
D0301,BMW_Gurugram_301,Gurugram,North,878,224,33609.45,369.92,25.51,UNDER_UTILIZED,110
D0103,BMW_Chandigarh_103,Chandigarh,North,848,211,33715.11,366.2,24.88,UNDER_UTILIZED,111
D0386,BMW_Delhi_386,Delhi,North,881,216,32227.16,426.87,24.52,UNDER_UTILIZED,112
D0008,BMW_Jaipur_8,Jaipur,North,818,198,33481.46,344.92,24.21,UNDER_UTILIZED,113
D0314,BMW_Jaipur_314,Jaipur,North,802,194,32314.11,540.25,24.19,UNDER_UTILIZED,114
D0415,BMW_Gurugram_415,Gurugram,North,798,192,33097.68,464.73,24.06,UNDER_UTILIZED,115
D0049,BMW_Jaipur_49,Jaipur,North,838,201,32908.2,358.89,23.99,UNDER_UTILIZED,116
D0135,BMW_Jaipur_135,Jaipur,North,749,177,34153.71,421.46,23.63,UNDER_UTILIZED,117
D0404,BMW_Jaipur_404,Jaipur,North,835,194,32181.19,391.0,23.23,UNDER_UTILIZED,118
D0470,BMW_Chandigarh_470,Chandigarh,North,813,187,33813.02,293.1,23.0,UNDER_UTILIZED,119
D0152,BMW_Gurugram_152,Gurugram,North,867,199,31216.7,421.94,22.95,UNDER_UTILIZED,120
D0289,BMW_Jaipur_289,Jaipur,North,828,190,32964.24,402.2,22.95,UNDER_UTILIZED,120
D0274,BMW_Delhi_274,Delhi,North,766,175,31563.77,319.0,22.85,UNDER_UTILIZED,122
D0333,BMW_Jaipur_333,Jaipur,North,923,210,34192.58,425.73,22.75,UNDER_UTILIZED,123
D0066,BMW_Delhi_66,Delhi,North,884,201,32841.87,484.0,22.74,UNDER_UTILIZED,124
D0178,BMW_Chandigarh_178,Chandigarh,North,859,193,32204.82,447.89,22.47,UNDER_UTILIZED,125
D0458,BMW_Jaipur_458,Jaipur,North,866,193,31689.41,549.37,22.29,UNDER_UTILIZED,126
D0158,BMW_Chandigarh_158,Chandigarh,North,930,206,33308.45,400.93,22.15,UNDER_UTILIZED,127
D0392,BMW_Jaipur_392,Jaipur,North,911,198,32664.14,395.0,21.73,UNDER_UTILIZED,128
D0112,BMW_Jaipur_112,Jaipur,North,982,213,32316.65,446.8,21.69,UNDER_UTILIZED,129
D0338,BMW_Chandigarh_338,Chandigarh,North,944,203,32393.71,402.75,21.5,UNDER_UTILIZED,130
D0272,BMW_Jaipur_272,Jaipur,North,948,203,33395.93,400.31,21.41,UNDER_UTILIZED,131
D0330,BMW_Chandigarh_330,Chandigarh,North,980,208,31623.1,298.75,21.22,UNDER_UTILIZED,132
D0432,BMW_Gurugram_432,Gurugram,North,985,201,32024.12,499.21,20.41,UNDER_UTILIZED,133
D0181,BMW_Jaipur_181,Jaipur,North,968,197,33522.3,406.73,20.35,UNDER_UTILIZED,134
D0391,BMW_Chandigarh_391,Chandigarh,North,930,186,33364.65,468.25,20.0,UNDER_UTILIZED,135
D0129,BMW_Jaipur_129,Jaipur,North,936,187,35676.34,460.33,19.98,UNDER_UTILIZED,136
D0024,BMW_Jaipur_24,Jaipur,North,954,188,32551.35,345.0,19.71,UNDER_UTILIZED,137
D0048,BMW_Delhi_48,Delhi,North,981,191,33218.02,359.25,19.47,UNDER_UTILIZED,138
D0263,BMW_Chandigarh_263,Chandigarh,North,950,184,34662.67,502.71,19.37,UNDER_UTILIZED,139
D0151,BMW_Delhi_151,Delhi,North,995,187,32660.65,332.56,18.79,UNDER_UTILIZED,140
D0200,BMW_Gurugram_200,Gurugram,North,970,162,31834.62,203.5,16.7,UNDER_UTILIZED,141
D0139,BMW_Bengaluru_139,Bengaluru,South,103,196,32414.81,285.78,190.29,OVERLOADED,1
D0492,BMW_Hyderabad_492,Hyderabad,South,115,203,32228.42,401.58,176.52,OVERLOADED,2
D0164,BMW_Kochi_164,Kochi,South,124,208,30478.57,369.9,167.74,OVERLOADED,3
D0078,BMW_Chennai_78,Chennai,South,132,201,32398.7,485.4,152.27,OVERLOADED,4
D0225,BMW_Kochi_225,Kochi,South,165,222,31734.0,414.57,134.55,OVERLOADED,5
D0466,BMW_Hyderabad_466,Hyderabad,South,146,193,33388.74,898.75,132.19,OVERLOADED,6
D0111,BMW_Hyderabad_111,Hyderabad,South,170,217,32870.71,399.07,127.65,OVERLOADED,7
D0399,BMW_Hyderabad_399,Hyderabad,South,176,216,32031.43,399.13,122.73,OVERLOADED,8
D0088,BMW_Chennai_88,Chennai,South,162,191,31874.96,374.94,117.9,OVERLOADED,9
D0143,BMW_Chennai_143,Chennai,South,177,208,32986.32,379.9,117.51,OVERLOADED,10
D0242,BMW_Bengaluru_242,Bengaluru,South,185,209,32850.72,485.45,112.97,OVERLOADED,11
D0084,BMW_Kochi_84,Kochi,South,196,200,29822.02,448.27,102.04,OVERLOADED,12
D0064,BMW_Chennai_64,Chennai,South,187,188,32956.76,245.9,100.53,OVERLOADED,13
D0169,BMW_Bengaluru_169,Bengaluru,South,218,197,31916.14,545.75,90.37,OVERLOADED,14
D0452,BMW_Chennai_452,Chennai,South,244,194,33124.05,569.6,79.51,OPTIMAL,15
D0416,BMW_Hyderabad_416,Hyderabad,South,279,218,32486.86,493.0,78.14,OPTIMAL,16
D0100,BMW_Bengaluru_100,Bengaluru,South,268,208,32822.47,519.2,77.61,OPTIMAL,17
D0223,BMW_Chennai_223,Chennai,South,241,179,32086.49,379.9,74.27,OPTIMAL,18
D0227,BMW_Bengaluru_227,Bengaluru,South,311,226,32666.3,552.55,72.67,OPTIMAL,19
D0207,BMW_Kochi_207,Kochi,South,280,202,31945.42,244.0,72.14,OPTIMAL,20
D0090,BMW_Kochi_90,Kochi,South,296,212,33224.34,476.0,71.62,OPTIMAL,21
D0105,BMW_Hyderabad_105,Hyderabad,South,294,210,32914.69,460.8,71.43,OPTIMAL,22
D0494,BMW_Bengaluru_494,Bengaluru,South,278,187,32285.6,548.31,67.27,OPTIMAL,23
D0063,BMW_Bengaluru_63,Bengaluru,South,346,211,32797.38,477.15,60.98,OPTIMAL,24
D0006,BMW_Kochi_6,Kochi,South,338,200,32889.73,409.82,59.17,UNDER_UTILIZED,25
D0199,BMW_Bengaluru_199,Bengaluru,South,350,205,32412.66,476.93,58.57,UNDER_UTILIZED,26
D0419,BMW_Hyderabad_419,Hyderabad,South,337,197,32899.75,397.25,58.46,UNDER_UTILIZED,27
D0068,BMW_Hyderabad_68,Hyderabad,South,371,214,34775.8,435.83,57.68,UNDER_UTILIZED,28
D0118,BMW_Kochi_118,Kochi,South,371,212,32852.4,230.6,57.14,UNDER_UTILIZED,29
D0370,BMW_Chennai_370,Chennai,South,330,188,31699.72,433.22,56.97,UNDER_UTILIZED,30
D0074,BMW_Kochi_74,Kochi,South,330,188,33206.43,337.78,56.97,UNDER_UTILIZED,30
D0414,BMW_Hyderabad_414,Hyderabad,South,350,192,31592.45,420.1,54.86,UNDER_UTILIZED,32
D0311,BMW_Bengaluru_311,Bengaluru,South,358,196,32750.27,375.77,54.75,UNDER_UTILIZED,33
D0220,BMW_Kochi_220,Kochi,South,381,206,34415.62,413.81,54.07,UNDER_UTILIZED,34
D0244,BMW_Bengaluru_244,Bengaluru,South,366,195,33121.35,378.85,53.28,UNDER_UTILIZED,35
D0259,BMW_Hyderabad_259,Hyderabad,South,418,219,33944.13,256.33,52.39,UNDER_UTILIZED,36
D0133,BMW_Hyderabad_133,Hyderabad,South,378,198,32941.22,315.0,52.38,UNDER_UTILIZED,37
D0252,BMW_Bengaluru_252,Bengaluru,South,353,183,35247.56,366.25,51.84,UNDER_UTILIZED,38
D0260,BMW_Bengaluru_260,Bengaluru,South,419,216,32248.16,337.92,51.55,UNDER_UTILIZED,39
D0412,BMW_Bengaluru_412,Bengaluru,South,432,222,34395.74,547.22,51.39,UNDER_UTILIZED,40
D0329,BMW_Kochi_329,Kochi,South,395,193,32914.63,312.5,48.86,UNDER_UTILIZED,41
D0390,BMW_Bengaluru_390,Bengaluru,South,425,206,33861.98,535.08,48.47,UNDER_UTILIZED,42
D0428,BMW_Kochi_428,Kochi,South,490,228,32750.29,468.79,46.53,UNDER_UTILIZED,43
D0305,BMW_Hyderabad_305,Hyderabad,South,380,175,33327.98,457.18,46.05,UNDER_UTILIZED,44
D0231,BMW_Bengaluru_231,Bengaluru,South,460,208,33707.93,357.11,45.22,UNDER_UTILIZED,45
D0487,BMW_Kochi_487,Kochi,South,436,197,32902.59,321.5,45.18,UNDER_UTILIZED,46
D0179,BMW_Kochi_179,Kochi,South,472,212,31610.48,517.0,44.92,UNDER_UTILIZED,47
D0017,BMW_Chennai_17,Chennai,South,487,215,34012.55,670.45,44.15,UNDER_UTILIZED,48
D0146,BMW_Hyderabad_146,Hyderabad,South,540,228,32679.04,553.25,42.22,UNDER_UTILIZED,49
D0283,BMW_Kochi_283,Kochi,South,463,195,34266.23,332.1,42.12,UNDER_UTILIZED,50
D0061,BMW_Chennai_61,Chennai,South,471,196,30654.96,385.86,41.61,UNDER_UTILIZED,51
D0327,BMW_Bengaluru_327,Bengaluru,South,518,213,31972.13,591.1,41.12,UNDER_UTILIZED,52
D0472,BMW_Hyderabad_472,Hyderabad,South,524,213,35776.45,497.17,40.65,UNDER_UTILIZED,53
D0098,BMW_Hyderabad_98,Hyderabad,South,516,207,31615.97,471.89,40.12,UNDER_UTILIZED,54
D0271,BMW_Chennai_271,Chennai,South,543,217,31170.76,450.82,39.96,UNDER_UTILIZED,55
D0273,BMW_Hyderabad_273,Hyderabad,South,545,216,32649.99,373.0,39.63,UNDER_UTILIZED,56
D0475,BMW_Kochi_475,Kochi,South,554,214,35240.42,391.14,38.63,UNDER_UTILIZED,57
D0023,BMW_Chennai_23,Chennai,South,489,182,33464.66,495.4,37.22,UNDER_UTILIZED,58
D0349,BMW_Hyderabad_349,Hyderabad,South,581,216,33002.7,507.4,37.18,UNDER_UTILIZED,59
D0245,BMW_Kochi_245,Kochi,South,565,210,34061.38,419.67,37.17,UNDER_UTILIZED,60
D0121,BMW_Bengaluru_121,Bengaluru,South,569,206,32692.48,472.62,36.2,UNDER_UTILIZED,61
D0398,BMW_Hyderabad_398,Hyderabad,South,519,187,32237.9,615.17,36.03,UNDER_UTILIZED,62
D0185,BMW_Kochi_185,Kochi,South,530,190,34113.68,365.0,35.85,UNDER_UTILIZED,63
D0126,BMW_Hyderabad_126,Hyderabad,South,548,196,32691.61,444.56,35.77,UNDER_UTILIZED,64
D0423,BMW_Chennai_423,Chennai,South,552,195,33128.58,529.0,35.33,UNDER_UTILIZED,65
D0009,BMW_Kochi_9,Kochi,South,559,197,34298.65,336.85,35.24,UNDER_UTILIZED,66
D0393,BMW_Hyderabad_393,Hyderabad,South,607,213,34665.88,282.92,35.09,UNDER_UTILIZED,67
D0106,BMW_Bengaluru_106,Bengaluru,South,693,241,33924.27,571.0,34.78,UNDER_UTILIZED,68
D0029,BMW_Hyderabad_29,Hyderabad,South,573,199,34491.2,480.67,34.73,UNDER_UTILIZED,69
D0254,BMW_Hyderabad_254,Hyderabad,South,584,200,32167.77,422.9,34.25,UNDER_UTILIZED,70
D0291,BMW_Kochi_291,Kochi,South,514,176,34570.66,286.57,34.24,UNDER_UTILIZED,71
D0210,BMW_Chennai_210,Chennai,South,567,193,33136.29,348.63,34.04,UNDER_UTILIZED,72
D0394,BMW_Hyderabad_394,Hyderabad,South,614,207,34387.14,437.82,33.71,UNDER_UTILIZED,73
D0028,BMW_Hyderabad_28,Hyderabad,South,646,211,32201.28,531.76,32.66,UNDER_UTILIZED,74
D0007,BMW_Bengaluru_7,Bengaluru,South,674,219,32741.14,392.67,32.49,UNDER_UTILIZED,75
D0042,BMW_Hyderabad_42,Hyderabad,South,621,197,33020.34,543.64,31.72,UNDER_UTILIZED,76
D0079,BMW_Chennai_79,Chennai,South,626,194,32746.51,395.29,30.99,UNDER_UTILIZED,77
D0113,BMW_Chennai_113,Chennai,South,683,210,32658.38,154.0,30.75,UNDER_UTILIZED,78
D0418,BMW_Kochi_418,Kochi,South,609,187,31934.56,398.78,30.71,UNDER_UTILIZED,79
D0044,BMW_Hyderabad_44,Hyderabad,South,742,224,33453.58,479.8,30.19,UNDER_UTILIZED,80
D0436,BMW_Kochi_436,Kochi,South,721,217,33385.79,331.13,30.1,UNDER_UTILIZED,81
D0362,BMW_Kochi_362,Kochi,South,630,187,32975.39,210.67,29.68,UNDER_UTILIZED,82
D0123,BMW_Kochi_123,Kochi,South,618,183,31346.84,395.33,29.61,UNDER_UTILIZED,83
D0110,BMW_Bengaluru_110,Bengaluru,South,620,182,31915.34,281.1,29.35,UNDER_UTILIZED,84
D0306,BMW_Bengaluru_306,Bengaluru,South,666,194,31988.96,719.27,29.13,UNDER_UTILIZED,85
D0367,BMW_Bengaluru_367,Bengaluru,South,745,217,34224.45,585.75,29.13,UNDER_UTILIZED,85
D0108,BMW_Bengaluru_108,Bengaluru,South,698,201,32996.58,366.91,28.8,UNDER_UTILIZED,87
D0324,BMW_Kochi_324,Kochi,South,740,210,33194.7,244.13,28.38,UNDER_UTILIZED,88
D0075,BMW_Bengaluru_75,Bengaluru,South,702,198,32775.75,399.1,28.21,UNDER_UTILIZED,89
D0317,BMW_Chennai_317,Chennai,South,671,189,32611.88,461.0,28.17,UNDER_UTILIZED,90
D0468,BMW_Kochi_468,Kochi,South,650,182,32578.86,369.67,28.0,UNDER_UTILIZED,91
D0095,BMW_Bengaluru_95,Bengaluru,South,767,214,33414.73,376.8,27.9,UNDER_UTILIZED,92
D0253,BMW_Bengaluru_253,Bengaluru,South,736,204,32645.55,481.15,27.72,UNDER_UTILIZED,93
D0440,BMW_Hyderabad_440,Hyderabad,South,743,205,33754.64,361.46,27.59,UNDER_UTILIZED,94
D0326,BMW_Hyderabad_326,Hyderabad,South,665,181,32153.65,424.46,27.22,UNDER_UTILIZED,95
D0187,BMW_Hyderabad_187,Hyderabad,South,730,196,32626.32,370.43,26.85,UNDER_UTILIZED,96
D0463,BMW_Kochi_463,Kochi,South,763,204,33288.27,458.86,26.74,UNDER_UTILIZED,97
D0437,BMW_Kochi_437,Kochi,South,751,200,32853.18,351.63,26.63,UNDER_UTILIZED,98
D0307,BMW_Hyderabad_307,Hyderabad,South,753,199,32563.55,421.33,26.43,UNDER_UTILIZED,99
D0499,BMW_Kochi_499,Kochi,South,729,192,33786.32,561.67,26.34,UNDER_UTILIZED,100
D0140,BMW_Hyderabad_140,Hyderabad,South,752,198,31344.1,585.8,26.33,UNDER_UTILIZED,101
D0368,BMW_Kochi_368,Kochi,South,826,214,33418.22,579.75,25.91,UNDER_UTILIZED,102
D0016,BMW_Bengaluru_16,Bengaluru,South,847,218,33087.41,389.36,25.74,UNDER_UTILIZED,103
D0031,BMW_Kochi_31,Kochi,South,801,205,32546.49,338.6,25.59,UNDER_UTILIZED,104
D0134,BMW_Kochi_134,Kochi,South,834,211,32504.79,283.83,25.3,UNDER_UTILIZED,105
D0141,BMW_Hyderabad_141,Hyderabad,South,859,217,33658.16,494.75,25.26,UNDER_UTILIZED,106
D0107,BMW_Bengaluru_107,Bengaluru,South,865,218,32674.1,293.95,25.2,UNDER_UTILIZED,107
D0204,BMW_Hyderabad_204,Hyderabad,South,771,192,34436.52,341.67,24.9,UNDER_UTILIZED,108
D0081,BMW_Hyderabad_81,Hyderabad,South,840,207,34344.25,476.33,24.64,UNDER_UTILIZED,109
D0337,BMW_Hyderabad_337,Hyderabad,South,911,223,32429.24,397.83,24.48,UNDER_UTILIZED,110
D0117,BMW_Kochi_117,Kochi,South,785,189,33731.12,230.67,24.08,UNDER_UTILIZED,111
D0216,BMW_Hyderabad_216,Hyderabad,South,861,206,34043.55,493.38,23.93,UNDER_UTILIZED,112
D0345,BMW_Kochi_345,Kochi,South,790,186,33876.03,380.67,23.54,UNDER_UTILIZED,113
D0476,BMW_Kochi_476,Kochi,South,975,229,32866.6,534.0,23.49,UNDER_UTILIZED,114
D0166,BMW_Chennai_166,Chennai,South,891,209,33151.49,725.83,23.46,UNDER_UTILIZED,115
D0495,BMW_Hyderabad_495,Hyderabad,South,859,201,32098.3,519.38,23.4,UNDER_UTILIZED,116
D0264,BMW_Chennai_264,Chennai,South,813,190,34436.77,269.75,23.37,UNDER_UTILIZED,117
D0372,BMW_Chennai_372,Chennai,South,763,178,31819.11,405.78,23.33,UNDER_UTILIZED,118
D0319,BMW_Kochi_319,Kochi,South,894,208,33239.65,365.67,23.27,UNDER_UTILIZED,119
D0020,BMW_Kochi_20,Kochi,South,821,190,31445.63,444.78,23.14,UNDER_UTILIZED,120
D0496,BMW_Chennai_496,Chennai,South,863,199,34878.12,495.67,23.06,UNDER_UTILIZED,121
D0409,BMW_Chennai_409,Chennai,South,878,202,31639.34,362.63,23.01,UNDER_UTILIZED,122
D0278,BMW_Kochi_278,Kochi,South,950,218,32779.34,400.67,22.95,UNDER_UTILIZED,123
D0053,BMW_Bengaluru_53,Bengaluru,South,839,188,30505.07,338.71,22.41,UNDER_UTILIZED,124
D0197,BMW_Kochi_197,Kochi,South,788,176,32347.46,386.57,22.34,UNDER_UTILIZED,125
D0266,BMW_Chennai_266,Chennai,South,915,204,32226.5,326.38,22.3,UNDER_UTILIZED,126
D0491,BMW_Chennai_491,Chennai,South,776,169,30162.63,460.8,21.78,UNDER_UTILIZED,127
D0389,BMW_Kochi_389,Kochi,South,976,203,33706.2,438.86,20.8,UNDER_UTILIZED,128
D0315,BMW_Hyderabad_315,Hyderabad,South,930,193,32828.36,428.0,20.75,UNDER_UTILIZED,129
D0453,BMW_Kochi_453,Kochi,South,980,201,32752.96,396.3,20.51,UNDER_UTILIZED,130
D0022,BMW_Chennai_22,Chennai,South,975,199,33987.42,433.7,20.41,UNDER_UTILIZED,131
D0099,BMW_Kochi_99,Kochi,South,985,198,34529.83,419.33,20.1,UNDER_UTILIZED,132
D0243,BMW_Hyderabad_243,Hyderabad,South,987,198,34149.05,471.0,20.06,UNDER_UTILIZED,133
D0196,BMW_Chennai_196,Chennai,South,938,184,32304.96,291.11,19.62,UNDER_UTILIZED,134
D0421,BMW_Bengaluru_421,Bengaluru,South,923,178,33123.31,389.33,19.28,UNDER_UTILIZED,135
D0159,BMW_Hyderabad_159,Hyderabad,South,906,168,32235.78,389.47,18.54,UNDER_UTILIZED,136
D0354,BMW_Chennai_354,Chennai,South,978,174,33289.4,411.89,17.79,UNDER_UTILIZED,137
D0304,BMW_Mumbai_304,Mumbai,West,114,238,33346.26,238.83,208.77,OVERLOADED,1
D0005,BMW_Ahmedabad_5,Ahmedabad,West,132,219,31461.63,487.85,165.91,OVERLOADED,2
D0461,BMW_Surat_461,Surat,West,125,206,34349.81,277.82,164.8,OVERLOADED,3
D0155,BMW_Ahmedabad_155,Ahmedabad,West,125,199,32558.32,421.71,159.2,OVERLOADED,4
D0474,BMW_Mumbai_474,Mumbai,West,133,191,34216.86,352.25,143.61,OVERLOADED,5
D0430,BMW_Mumbai_430,Mumbai,West,122,170,31508.19,362.0,139.34,OVERLOADED,6
D0171,BMW_Mumbai_171,Mumbai,West,139,190,32893.76,257.86,136.69,OVERLOADED,7
D0342,BMW_Surat_342,Surat,West,182,221,32099.5,393.2,121.43,OVERLOADED,8
D0316,BMW_Mumbai_316,Mumbai,West,187,205,33513.79,257.08,109.63,OVERLOADED,9
D0014,BMW_Ahmedabad_14,Ahmedabad,West,199,202,31857.49,403.71,101.51,OVERLOADED,10
D0302,BMW_Mumbai_302,Mumbai,West,202,200,32168.57,559.27,99.01,OVERLOADED,11
D0308,BMW_Surat_308,Surat,West,205,193,33528.88,446.58,94.15,OVERLOADED,12
D0352,BMW_Surat_352,Surat,West,193,181,32155.77,477.36,93.78,OVERLOADED,13
D0334,BMW_Ahmedabad_334,Ahmedabad,West,217,200,31363.21,300.69,92.17,OVERLOADED,14
D0038,BMW_Mumbai_38,Mumbai,West,242,212,33558.12,509.45,87.6,OPTIMAL,15
D0312,BMW_Surat_312,Surat,West,216,182,34192.71,346.38,84.26,OPTIMAL,16
D0460,BMW_Pune_460,Pune,West,210,175,32274.79,401.11,83.33,OPTIMAL,17
D0149,BMW_Pune_149,Pune,West,315,250,32922.35,344.0,79.37,OPTIMAL,18
D0091,BMW_Surat_91,Surat,West,243,177,31488.1,326.44,72.84,OPTIMAL,19
D0170,BMW_Mumbai_170,Mumbai,West,282,192,33806.95,326.63,68.09,OPTIMAL,20
D0445,BMW_Ahmedabad_445,Ahmedabad,West,279,186,34429.6,633.67,66.67,OPTIMAL,21
D0250,BMW_Pune_250,Pune,West,329,217,32983.71,419.14,65.96,OPTIMAL,22
D0036,BMW_Pune_36,Pune,West,317,208,33942.9,496.4,65.62,OPTIMAL,23
D0479,BMW_Mumbai_479,Mumbai,West,294,180,35069.87,427.0,61.22,OPTIMAL,24
D0358,BMW_Pune_358,Pune,West,358,209,34210.25,213.71,58.38,UNDER_UTILIZED,25
D0161,BMW_Surat_161,Surat,West,327,190,32264.79,450.0,58.1,UNDER_UTILIZED,26
D0189,BMW_Mumbai_189,Mumbai,West,393,225,33452.3,237.5,57.25,UNDER_UTILIZED,27
D0012,BMW_Pune_12,Pune,West,384,211,32394.84,412.85,54.95,UNDER_UTILIZED,28
D0217,BMW_Surat_217,Surat,West,365,198,33631.25,466.7,54.25,UNDER_UTILIZED,29
D0303,BMW_Mumbai_303,Mumbai,West,332,179,33166.44,334.27,53.92,UNDER_UTILIZED,30
D0002,BMW_Mumbai_2,Mumbai,West,350,188,34522.41,524.85,53.71,UNDER_UTILIZED,31
D0284,BMW_Pune_284,Pune,West,386,207,33127.74,395.1,53.63,UNDER_UTILIZED,32
D0387,BMW_Surat_387,Surat,West,429,230,33600.21,456.58,53.61,UNDER_UTILIZED,33
D0296,BMW_Mumbai_296,Mumbai,West,357,190,30518.41,461.83,53.22,UNDER_UTILIZED,34
D0237,BMW_Ahmedabad_237,Ahmedabad,West,444,220,33077.16,428.06,49.55,UNDER_UTILIZED,35
D0101,BMW_Ahmedabad_101,Ahmedabad,West,371,183,32992.27,281.38,49.33,UNDER_UTILIZED,36
D0350,BMW_Surat_350,Surat,West,384,189,30896.98,283.5,49.22,UNDER_UTILIZED,37
D0483,BMW_Pune_483,Pune,West,349,167,32725.57,441.1,47.85,UNDER_UTILIZED,38
D0380,BMW_Ahmedabad_380,Ahmedabad,West,448,214,33244.47,377.31,47.77,UNDER_UTILIZED,39
D0222,BMW_Pune_222,Pune,West,427,203,32569.55,422.0,47.54,UNDER_UTILIZED,40
D0025,BMW_Pune_25,Pune,West,463,220,32502.15,518.21,47.52,UNDER_UTILIZED,41
D0034,BMW_Ahmedabad_34,Ahmedabad,West,374,171,32306.43,408.36,45.72,UNDER_UTILIZED,42
D0353,BMW_Ahmedabad_353,Ahmedabad,West,441,200,33176.7,320.67,45.35,UNDER_UTILIZED,43
D0413,BMW_Mumbai_413,Mumbai,West,467,209,34573.94,536.88,44.75,UNDER_UTILIZED,44
D0310,BMW_Surat_310,Surat,West,448,197,32956.83,345.5,43.97,UNDER_UTILIZED,45
D0147,BMW_Mumbai_147,Mumbai,West,473,205,31979.91,668.43,43.34,UNDER_UTILIZED,46
D0400,BMW_Mumbai_400,Mumbai,West,446,191,33080.85,392.44,42.83,UNDER_UTILIZED,47
D0469,BMW_Surat_469,Surat,West,479,204,32193.93,434.33,42.59,UNDER_UTILIZED,48
D0165,BMW_Ahmedabad_165,Ahmedabad,West,436,182,33956.8,527.27,41.74,UNDER_UTILIZED,49
D0046,BMW_Ahmedabad_46,Ahmedabad,West,490,202,33309.8,447.45,41.22,UNDER_UTILIZED,50
D0172,BMW_Ahmedabad_172,Ahmedabad,West,453,184,33433.89,399.45,40.62,UNDER_UTILIZED,51
D0281,BMW_Ahmedabad_281,Ahmedabad,West,444,180,35693.16,425.15,40.54,UNDER_UTILIZED,52
D0085,BMW_Ahmedabad_85,Ahmedabad,West,462,187,32985.47,544.82,40.48,UNDER_UTILIZED,53
D0041,BMW_Ahmedabad_41,Ahmedabad,West,470,189,34739.17,436.25,40.21,UNDER_UTILIZED,54
D0279,BMW_Mumbai_279,Mumbai,West,561,223,34027.34,463.0,39.75,UNDER_UTILIZED,55
D0052,BMW_Mumbai_52,Mumbai,West,545,215,34605.34,503.0,39.45,UNDER_UTILIZED,56
D0173,BMW_Pune_173,Pune,West,546,214,34216.44,545.86,39.19,UNDER_UTILIZED,57
D0320,BMW_Surat_320,Surat,West,553,212,33454.44,439.08,38.34,UNDER_UTILIZED,58
D0201,BMW_Surat_201,Surat,West,524,192,33640.18,442.27,36.64,UNDER_UTILIZED,59
D0092,BMW_Mumbai_92,Mumbai,West,573,208,33256.95,296.0,36.3,UNDER_UTILIZED,60
D0339,BMW_Mumbai_339,Mumbai,West,549,195,31814.17,445.75,35.52,UNDER_UTILIZED,61
D0420,BMW_Mumbai_420,Mumbai,West,570,197,32938.31,426.56,34.56,UNDER_UTILIZED,62
D0191,BMW_Pune_191,Pune,West,576,199,30574.7,312.78,34.55,UNDER_UTILIZED,63
D0447,BMW_Pune_447,Pune,West,643,222,33379.03,448.82,34.53,UNDER_UTILIZED,64
D0375,BMW_Surat_375,Surat,West,583,201,33438.51,633.57,34.48,UNDER_UTILIZED,65
D0236,BMW_Mumbai_236,Mumbai,West,546,187,33320.12,416.31,34.25,UNDER_UTILIZED,66
D0054,BMW_Mumbai_54,Mumbai,West,612,209,32662.49,280.88,34.15,UNDER_UTILIZED,67
D0203,BMW_Ahmedabad_203,Ahmedabad,West,606,201,32478.57,365.33,33.17,UNDER_UTILIZED,68
D0047,BMW_Surat_47,Surat,West,641,212,33205.91,408.33,33.07,UNDER_UTILIZED,69
D0276,BMW_Surat_276,Surat,West,546,178,32930.97,328.0,32.6,UNDER_UTILIZED,70
D0293,BMW_Surat_293,Surat,West,666,217,33578.17,375.18,32.58,UNDER_UTILIZED,71
D0073,BMW_Surat_73,Surat,West,629,200,32688.19,322.79,31.8,UNDER_UTILIZED,72
D0341,BMW_Mumbai_341,Mumbai,West,612,194,34085.42,407.67,31.7,UNDER_UTILIZED,73
D0280,BMW_Surat_280,Surat,West,683,216,33426.96,418.0,31.63,UNDER_UTILIZED,74
D0226,BMW_Pune_226,Pune,West,655,204,34294.62,468.11,31.15,UNDER_UTILIZED,75
D0313,BMW_Ahmedabad_313,Ahmedabad,West,603,187,32712.63,518.3,31.01,UNDER_UTILIZED,76
D0471,BMW_Ahmedabad_471,Ahmedabad,West,701,215,32598.16,444.5,30.67,UNDER_UTILIZED,77
D0188,BMW_Ahmedabad_188,Ahmedabad,West,661,198,34235.95,476.88,29.95,UNDER_UTILIZED,78
D0186,BMW_Ahmedabad_186,Ahmedabad,West,793,233,32181.62,523.08,29.38,UNDER_UTILIZED,79
D0467,BMW_Mumbai_467,Mumbai,West,604,174,31494.85,328.56,28.81,UNDER_UTILIZED,80
D0438,BMW_Mumbai_438,Mumbai,West,794,228,32706.68,399.86,28.72,UNDER_UTILIZED,81
D0292,BMW_Mumbai_292,Mumbai,West,779,217,33236.19,404.0,27.86,UNDER_UTILIZED,82
D0115,BMW_Ahmedabad_115,Ahmedabad,West,773,205,32046.72,401.25,26.52,UNDER_UTILIZED,83
D0211,BMW_Surat_211,Surat,West,783,207,32415.78,519.5,26.44,UNDER_UTILIZED,84
D0072,BMW_Ahmedabad_72,Ahmedabad,West,787,208,32137.25,427.88,26.43,UNDER_UTILIZED,85
D0037,BMW_Ahmedabad_37,Ahmedabad,West,758,200,31890.22,478.14,26.39,UNDER_UTILIZED,86
D0401,BMW_Ahmedabad_401,Ahmedabad,West,765,198,32753.56,332.43,25.88,UNDER_UTILIZED,87
D0465,BMW_Mumbai_465,Mumbai,West,764,197,31965.3,418.75,25.79,UNDER_UTILIZED,88
D0241,BMW_Ahmedabad_241,Ahmedabad,West,706,181,32135.88,636.8,25.64,UNDER_UTILIZED,89
D0422,BMW_Mumbai_422,Mumbai,West,793,201,33477.75,396.9,25.35,UNDER_UTILIZED,90
D0366,BMW_Surat_366,Surat,West,815,205,32433.78,498.2,25.15,UNDER_UTILIZED,91
D0089,BMW_Pune_89,Pune,West,919,230,33285.63,484.39,25.03,UNDER_UTILIZED,92
D0294,BMW_Ahmedabad_294,Ahmedabad,West,863,214,33926.86,634.6,24.8,UNDER_UTILIZED,93
D0015,BMW_Pune_15,Pune,West,718,176,34117.36,580.75,24.51,UNDER_UTILIZED,94
D0382,BMW_Mumbai_382,Mumbai,West,843,205,34027.15,403.56,24.32,UNDER_UTILIZED,95
D0425,BMW_Ahmedabad_425,Ahmedabad,West,806,195,33435.39,334.86,24.19,UNDER_UTILIZED,96
D0443,BMW_Pune_443,Pune,West,849,205,31871.87,468.57,24.15,UNDER_UTILIZED,97
D0026,BMW_Mumbai_26,Mumbai,West,818,197,32402.3,516.0,24.08,UNDER_UTILIZED,98
D0373,BMW_Surat_373,Surat,West,833,200,32429.08,418.71,24.01,UNDER_UTILIZED,99
D0228,BMW_Ahmedabad_228,Ahmedabad,West,888,213,31307.71,401.23,23.99,UNDER_UTILIZED,100
D0355,BMW_Ahmedabad_355,Ahmedabad,West,810,193,31820.67,454.92,23.83,UNDER_UTILIZED,101
D0224,BMW_Ahmedabad_224,Ahmedabad,West,810,191,32973.01,347.14,23.58,UNDER_UTILIZED,102
D0379,BMW_Mumbai_379,Mumbai,West,891,208,31709.21,324.3,23.34,UNDER_UTILIZED,103
D0018,BMW_Mumbai_18,Mumbai,West,949,220,32868.05,347.5,23.18,UNDER_UTILIZED,104
D0232,BMW_Ahmedabad_232,Ahmedabad,West,973,223,34070.15,247.71,22.92,UNDER_UTILIZED,105
D0295,BMW_Pune_295,Pune,West,819,187,33990.04,197.33,22.83,UNDER_UTILIZED,106
D0451,BMW_Pune_451,Pune,West,923,203,33114.28,602.22,21.99,UNDER_UTILIZED,107
D0256,BMW_Mumbai_256,Mumbai,West,885,194,34454.28,371.17,21.92,UNDER_UTILIZED,108
D0268,BMW_Ahmedabad_268,Ahmedabad,West,777,169,33989.09,562.43,21.75,UNDER_UTILIZED,109
D0120,BMW_Pune_120,Pune,West,869,188,33538.5,520.13,21.63,UNDER_UTILIZED,110
D0056,BMW_Mumbai_56,Mumbai,West,961,207,32172.34,330.14,21.54,UNDER_UTILIZED,111
D0497,BMW_Surat_497,Surat,West,896,192,32450.91,295.92,21.43,UNDER_UTILIZED,112
D0395,BMW_Pune_395,Pune,West,990,210,32594.25,441.75,21.21,UNDER_UTILIZED,113
D0427,BMW_Ahmedabad_427,Ahmedabad,West,973,200,33340.46,392.22,20.55,UNDER_UTILIZED,114
D0405,BMW_Surat_405,Surat,West,993,203,34361.79,422.25,20.44,UNDER_UTILIZED,115
D0157,BMW_Ahmedabad_157,Ahmedabad,West,921,187,31387.48,462.27,20.3,UNDER_UTILIZED,116
D0384,BMW_Surat_384,Surat,West,986,200,32489.8,322.11,20.28,UNDER_UTILIZED,117
D0086,BMW_Surat_86,Surat,West,984,198,32587.3,287.78,20.12,UNDER_UTILIZED,118
D0402,BMW_Pune_402,Pune,West,972,188,33380.26,501.73,19.34,UNDER_UTILIZED,119
D0448,BMW_Mumbai_448,Mumbai,West,950,182,30213.58,531.0,19.16,UNDER_UTILIZED,120
D0160,BMW_Ahmedabad_160,Ahmedabad,West,993,183,32084.2,398.0,18.43,UNDER_UTILIZED,121
