vehicle_id,model,region,timestamp,speed_kmh,battery_percent,distance_km,temperature_c,charging
BMW1001,BMW i4,Bengaluru,2026-09-01 08:00:00,69.88,97.08,12.61,24.3,true
BMW1001,BMW i4,Bengaluru,2026-09-01 09:00:00,62.98,96.31,8.4,23.3,false
BMW1001,BMW i4,Bengaluru,2026-09-01 10:00:00,61.48,95.74,4.55,26.9,false
BMW1001,BMW i4,Bengaluru,2026-09-01 11:00:00,46.93,94.92,4.84,21.5,false
BMW1001,BMW i4,Bengaluru,2026-09-01 12:00:00,58.62,93.56,11.19,23.7,false
BMW1001,BMW i4,Bengaluru,2026-09-01 13:00:00,53.32,92.4,11.39,25.2,false
BMW1001,BMW i4,Bengaluru,2026-09-01 14:00:00,63.65,91.02,10.22,24.6,false
BMW1001,BMW i4,Bengaluru,2026-09-01 15:00:00,55.64,89.77,12.02,20.9,false
BMW1001,BMW i4,Bengaluru,2026-09-01 16:00:00,31.28,88.77,5.09,22.5,false
BMW1001,BMW i4,Bengaluru,2026-09-01 17:00:00,37.29,88.3,3,22.2,false
BMW1001,BMW i4,Bengaluru,2026-09-01 18:00:00,56.5,87.69,5.93,25.0,false
BMW1001,BMW i4,Bengaluru,2026-09-01 19:00:00,54.27,86.85,6.77,27.5,false
BMW1002,BMW iX,Chennai,2026-09-01 08:00:00,54.25,76.11,8.75,37.8,false
BMW1002,BMW iX,Chennai,2026-09-01 09:00:00,56.83,74.85,7.21,30.5,false
BMW1002,BMW iX,Chennai,2026-09-01 10:00:00,45.8,73.63,7.91,29.5,false
BMW1002,BMW iX,Chennai,2026-09-01 11:00:00,59.76,72.99,4.47,30.2,false
BMW1002,BMW iX,Chennai,2026-09-01 12:00:00,56.85,71.41,12.02,33.7,false
BMW1002,BMW iX,Chennai,2026-09-01 13:00:00,49.34,70.24,6.38,35.4,false
BMW1002,BMW iX,Chennai,2026-09-01 14:00:00,46.62,77.08,7.19,32.5,true
BMW1002,BMW iX,Chennai,2026-09-01 15:00:00,30.38,76.54,3.95,29.3,false
BMW1002,BMW iX,Chennai,2026-09-01 16:00:00,75.9,75.84,6.35,32.0,false
BMW1002,BMW iX,Chennai,2026-09-01 17:00:00,74.27,74.23,14.02,34.2,false
BMW1002,BMW iX,Chennai,2026-09-01 18:00:00,71.55,72.43,15.7,33.0,false
BMW1002,BMW iX,Chennai,2026-09-01 19:00:00,87.3,71.29,6.26,31.1,false
BMW1003,BMW i7,Mumbai,2026-09-01 08:00:00,46.5,87.69,4.03,28.5,false
BMW1003,BMW i7,Mumbai,2026-09-01 09:00:00,22.36,87.08,4.5,30.8,false
BMW1003,BMW i7,Mumbai,2026-09-01 10:00:00,48.59,85.68,10.05,29.0,false
BMW1003,BMW i7,Mumbai,2026-09-01 11:00:00,51.58,84.83,8.32,32.4,false
BMW1003,BMW i7,Mumbai,2026-09-01 12:00:00,59.47,83.56,11.11,25.9,false
BMW1003,BMW i7,Mumbai,2026-09-01 13:00:00,71.28,82.46,5.2,29.0,false
BMW1003,BMW i7,Mumbai,2026-09-01 14:00:00,78.49,93.61,6.18,25.7,true
BMW1003,BMW i7,Mumbai,2026-09-01 15:00:00,64.0,92.73,9.15,28.7,false
BMW1003,BMW i7,Mumbai,2026-09-01 16:00:00,59.7,91.95,5.33,24.7,false
BMW1003,BMW i7,Mumbai,2026-09-01 17:00:00,46.8,90.87,9.4,28.4,false
BMW1003,BMW i7,Mumbai,2026-09-01 18:00:00,62.44,89.74,11.21,32.0,false
BMW1003,BMW i7,Mumbai,2026-09-01 19:00:00,39.48,88.84,6.61,36.6,false
BMW1004,BMW i5,Delhi,2026-09-01 08:00:00,65.75,91.03,10.41,32.2,true
BMW1004,BMW i5,Delhi,2026-09-01 09:00:00,59.07,90.03,9.73,31.9,false
BMW1004,BMW i5,Delhi,2026-09-01 10:00:00,82.63,89.17,6.66,28.2,false
BMW1004,BMW i5,Delhi,2026-09-01 11:00:00,52.92,88.13,4.76,29.5,false
BMW1004,BMW i5,Delhi,2026-09-01 12:00:00,42.69,86.93,8.01,29.8,false
BMW1004,BMW i5,Delhi,2026-09-01 13:00:00,60.48,85.93,8.14,32.1,false
BMW1004,BMW i5,Delhi,2026-09-01 14:00:00,34.28,85.18,7.46,31.8,false
BMW1004,BMW i5,Delhi,2026-09-01 15:00:00,46.82,84.19,9.33,32.3,false
BMW1004,BMW i5,Delhi,2026-09-01 16:00:00,64.01,83.22,8.53,33.5,false
BMW1004,BMW i5,Delhi,2026-09-01 17:00:00,58.04,81.96,7.92,36.7,false
BMW1004,BMW i5,Delhi,2026-09-01 18:00:00,53.41,80.44,11.74,30.7,false
BMW1004,BMW i5,Delhi,2026-09-01 19:00:00,91.61,78.43,18.08,29.9,false
BMW1005,BMW iX1,Hyderabad,2026-09-01 08:00:00,61.43,95.55,7.79,32.5,true
BMW1005,BMW iX1,Hyderabad,2026-09-01 09:00:00,55.5,94.58,7.67,34.4,false
BMW1005,BMW iX1,Hyderabad,2026-09-01 10:00:00,105,92.31,16.1,27.8,false
BMW1005,BMW iX1,Hyderabad,2026-09-01 11:00:00,65.09,90.71,14.01,31.7,false
BMW1005,BMW iX1,Hyderabad,2026-09-01 12:00:00,33.97,90.02,3,28.9,false
BMW1005,BMW iX1,Hyderabad,2026-09-01 13:00:00,28.65,89.11,3,29.9,false
BMW1005,BMW iX1,Hyderabad,2026-09-01 14:00:00,66.43,87.93,11.38,30.8,false
BMW1005,BMW iX1,Hyderabad,2026-09-01 15:00:00,81.0,86.65,8.66,33.6,false
BMW1005,BMW iX1,Hyderabad,2026-09-01 16:00:00,46.56,85.67,7.34,28.2,false
BMW1005,BMW iX1,Hyderabad,2026-09-01 17:00:00,67.3,84.44,11.94,29.3,false
BMW1005,BMW iX1,Hyderabad,2026-09-01 18:00:00,40.24,83.79,4.63,32.3,false
BMW1005,BMW iX1,Hyderabad,2026-09-01 19:00:00,58.07,82.46,8.06,29.0,false
BMW1006,BMW i4,Bengaluru,2026-09-01 08:00:00,67.31,100,14.13,24.8,true
BMW1006,BMW i4,Bengaluru,2026-09-01 09:00:00,68.46,98.88,6.41,22.3,false
BMW1006,BMW i4,Bengaluru,2026-09-01 10:00:00,52.06,97.51,11.35,20.7,false
BMW1006,BMW i4,Bengaluru,2026-09-01 11:00:00,85.62,96.1,9.84,24.2,false
BMW1006,BMW i4,Bengaluru,2026-09-01 12:00:00,65.47,95.48,5.72,23.5,false
BMW1006,BMW i4,Bengaluru,2026-09-01 13:00:00,46.7,94.39,7.51,23.3,false
BMW1006,BMW i4,Bengaluru,2026-09-01 14:00:00,64.12,100,9.19,27.4,true
BMW1006,BMW i4,Bengaluru,2026-09-01 15:00:00,61.75,99.1,8.25,23.1,false
BMW1006,BMW i4,Bengaluru,2026-09-01 16:00:00,83.75,97.57,13.87,24.1,false
BMW1006,BMW i4,Bengaluru,2026-09-01 17:00:00,56.95,96.88,7.64,20.8,false
BMW1006,BMW i4,Bengaluru,2026-09-01 18:00:00,85.67,94.8,17.61,26.4,false
BMW1006,BMW i4,Bengaluru,2026-09-01 19:00:00,68.05,94.1,6.28,21.2,false
BMW1007,BMW iX,Chennai,2026-09-01 08:00:00,79.54,77.68,16.29,29.4,false
BMW1007,BMW iX,Chennai,2026-09-01 09:00:00,58.02,76.19,10.85,33.2,false
BMW1007,BMW iX,Chennai,2026-09-01 10:00:00,40.63,75.23,3.79,33.9,false
BMW1007,BMW iX,Chennai,2026-09-01 11:00:00,85.05,73.07,16.3,26.9,false
BMW1007,BMW iX,Chennai,2026-09-01 12:00:00,82.2,71.48,9.85,32.6,false
BMW1007,BMW iX,Chennai,2026-09-01 13:00:00,67.66,70.15,12.96,27.3,false
BMW1007,BMW iX,Chennai,2026-09-01 14:00:00,59.67,68.99,11.86,30.8,false
BMW1007,BMW iX,Chennai,2026-09-01 15:00:00,64.77,67.8,7.5,29.5,false
BMW1007,BMW iX,Chennai,2026-09-01 16:00:00,58.46,67.05,5.79,32.5,false
BMW1007,BMW iX,Chennai,2026-09-01 17:00:00,83.78,65.69,9.37,27.1,false
BMW1007,BMW iX,Chennai,2026-09-01 18:00:00,23.85,64.73,3.59,36.2,false
BMW1007,BMW iX,Chennai,2026-09-01 19:00:00,87.8,63.2,8.5,36.4,false
BMW1008,BMW i7,Mumbai,2026-09-01 08:00:00,70.44,77.2,8.25,30.7,false
BMW1008,BMW i7,Mumbai,2026-09-01 09:00:00,43.24,76.42,6.77,28.8,false
BMW1008,BMW i7,Mumbai,2026-09-01 10:00:00,57.78,75.07,12.07,28.9,false
BMW1008,BMW i7,Mumbai,2026-09-01 11:00:00,53.29,74.06,9.09,25.0,false
BMW1008,BMW i7,Mumbai,2026-09-01 12:00:00,78.05,72.92,9.33,30.6,false
BMW1008,BMW i7,Mumbai,2026-09-01 13:00:00,71.82,71.94,8.26,25.7,false
BMW1008,BMW i7,Mumbai,2026-09-01 14:00:00,45.23,79.89,4.03,30.4,true
BMW1008,BMW i7,Mumbai,2026-09-01 15:00:00,79.0,77.96,16.23,27.6,false
BMW1008,BMW i7,Mumbai,2026-09-01 16:00:00,52.05,77.4,3.65,32.0,false
BMW1008,BMW i7,Mumbai,2026-09-01 17:00:00,40.13,76.49,6.75,30.4,false
BMW1008,BMW i7,Mumbai,2026-09-01 18:00:00,48.28,75.32,6.81,29.6,false
BMW1008,BMW i7,Mumbai,2026-09-01 19:00:00,60.61,74.52,5.01,27.5,false
BMW1009,BMW i5,Delhi,2026-09-01 08:00:00,43.87,86.35,7.5,35.0,false
BMW1009,BMW i5,Delhi,2026-09-01 09:00:00,59.05,85.47,6.3,31.5,false
BMW1009,BMW i5,Delhi,2026-09-01 10:00:00,61.42,84.35,8.12,30.2,false
BMW1009,BMW i5,Delhi,2026-09-01 11:00:00,65.92,83.3,9.5,34.6,false
BMW1009,BMW i5,Delhi,2026-09-01 12:00:00,57.12,81.92,10.43,30.8,false
BMW1009,BMW i5,Delhi,2026-09-01 13:00:00,70.37,80.66,6.78,32.6,false
BMW1009,BMW i5,Delhi,2026-09-01 14:00:00,53.22,88.86,10.5,30.9,true
BMW1009,BMW i5,Delhi,2026-09-01 15:00:00,65.07,87.26,14.2,27.5,false
BMW1009,BMW i5,Delhi,2026-09-01 16:00:00,88.06,85.34,14.26,29.4,false
BMW1009,BMW i5,Delhi,2026-09-01 17:00:00,29.75,84.35,4.53,30.9,false
BMW1009,BMW i5,Delhi,2026-09-01 18:00:00,57.32,83.62,6.24,28.2,false
BMW1009,BMW i5,Delhi,2026-09-01 19:00:00,41.42,82.67,6.14,27.8,false
BMW1010,BMW iX1,Hyderabad,2026-09-01 08:00:00,68.88,87.37,8.12,31.0,true
BMW1010,BMW iX1,Hyderabad,2026-09-01 09:00:00,65.02,85.92,11.32,31.4,false
BMW1010,BMW iX1,Hyderabad,2026-09-01 10:00:00,72.12,84.62,10.92,31.0,false
BMW1010,BMW iX1,Hyderabad,2026-09-01 11:00:00,62.2,83.13,12.8,32.5,false
BMW1010,BMW iX1,Hyderabad,2026-09-01 12:00:00,48.08,82.13,8.89,25.4,false
BMW1010,BMW iX1,Hyderabad,2026-09-01 13:00:00,71.96,80.38,13.17,30.1,false
BMW1010,BMW iX1,Hyderabad,2026-09-01 14:00:00,72.97,78.96,11.09,29.2,false
BMW1010,BMW iX1,Hyderabad,2026-09-01 15:00:00,59.94,78.2,8.11,31.7,false
BMW1010,BMW iX1,Hyderabad,2026-09-01 16:00:00,46.35,77.52,6.06,33.2,false
BMW1010,BMW iX1,Hyderabad,2026-09-01 17:00:00,50.33,76.76,8.22,30.3,false
BMW1010,BMW iX1,Hyderabad,2026-09-01 18:00:00,42.79,76.03,3.17,32.0,false
BMW1010,BMW iX1,Hyderabad,2026-09-01 19:00:00,68.99,75.24,5.35,32.1,false
BMW1011,BMW i4,Bengaluru,2026-09-01 08:00:00,46.21,75.83,8.45,27.7,false
BMW1011,BMW i4,Bengaluru,2026-09-01 09:00:00,57.91,75.09,4.22,25.0,false
BMW1011,BMW i4,Bengaluru,2026-09-01 10:00:00,71.92,73.52,12.05,24.0,false
BMW1011,BMW i4,Bengaluru,2026-09-01 11:00:00,43.45,72.59,9.23,20.6,false
BMW1011,BMW i4,Bengaluru,2026-09-01 12:00:00,66.55,71.62,5.92,24.2,false
BMW1011,BMW i4,Bengaluru,2026-09-01 13:00:00,48.32,70.42,8.45,23.3,false
BMW1011,BMW i4,Bengaluru,2026-09-01 14:00:00,68.13,69.34,5.94,27.0,false
BMW1011,BMW i4,Bengaluru,2026-09-01 15:00:00,65.0,68.67,4.8,23.7,false
BMW1011,BMW i4,Bengaluru,2026-09-01 16:00:00,41.34,67.73,5.35,18.3,false
BMW1011,BMW i4,Bengaluru,2026-09-01 17:00:00,78.41,66.42,12.87,25.8,false
BMW1011,BMW i4,Bengaluru,2026-09-01 18:00:00,62.12,65.47,9.94,19.2,false
BMW1011,BMW i4,Bengaluru,2026-09-01 19:00:00,84.07,64.17,10.26,23.6,false
BMW1012,BMW iX,Chennai,2026-09-01 08:00:00,44.3,80.05,8.57,31.9,false
BMW1012,BMW iX,Chennai,2026-09-01 09:00:00,78.67,78.13,15.29,31.1,false
BMW1012,BMW iX,Chennai,2026-09-01 10:00:00,35.57,77.26,7.64,33.6,false
BMW1012,BMW iX,Chennai,2026-09-01 11:00:00,64.67,76.15,9.22,29.1,false
BMW1012,BMW iX,Chennai,2026-09-01 12:00:00,56.59,74.68,11.19,30.0,false
BMW1012,BMW iX,Chennai,2026-09-01 13:00:00,84.51,73.42,9.01,34.7,false
BMW1012,BMW iX,Chennai,2026-09-01 14:00:00,46.74,79.69,9.24,30.4,true
BMW1012,BMW iX,Chennai,2026-09-01 15:00:00,64.32,78.41,7.79,36.3,false
BMW1012,BMW iX,Chennai,2026-09-01 16:00:00,54.36,77.44,3.89,30.1,false
BMW1012,BMW iX,Chennai,2026-09-01 17:00:00,78.56,75.84,11.26,34.0,false
BMW1012,BMW iX,Chennai,2026-09-01 18:00:00,50.12,74.7,7.2,28.6,false
BMW1012,BMW iX,Chennai,2026-09-01 19:00:00,66.85,73.44,11.62,33.0,false
BMW1013,BMW i7,Mumbai,2026-09-01 08:00:00,39.8,85.1,7.24,29.5,false
BMW1013,BMW i7,Mumbai,2026-09-01 09:00:00,54.52,84.47,5.87,27.1,false
BMW1013,BMW i7,Mumbai,2026-09-01 10:00:00,60.67,83.2,9.12,30.2,false
BMW1013,BMW i7,Mumbai,2026-09-01 11:00:00,62.15,81.96,8.86,30.6,false
BMW1013,BMW i7,Mumbai,2026-09-01 12:00:00,76.1,81.04,8.56,28.6,false
BMW1013,BMW i7,Mumbai,2026-09-01 13:00:00,61.71,80.46,5.98,30.7,false
BMW1013,BMW i7,Mumbai,2026-09-01 14:00:00,46.26,79.39,7.08,28.6,false
BMW1013,BMW i7,Mumbai,2026-09-01 15:00:00,79.19,77.71,11.37,32.6,false
BMW1013,BMW i7,Mumbai,2026-09-01 16:00:00,42.91,77.05,5.84,27.7,false
BMW1013,BMW i7,Mumbai,2026-09-01 17:00:00,91.85,75.15,13.01,30.9,false
BMW1013,BMW i7,Mumbai,2026-09-01 18:00:00,53.22,74.34,8.75,29.6,false
BMW1013,BMW i7,Mumbai,2026-09-01 19:00:00,69.42,72.95,8.02,31.6,false
BMW1014,BMW i5,Delhi,2026-09-01 08:00:00,59.86,73.95,6.22,27.6,false
BMW1014,BMW i5,Delhi,2026-09-01 09:00:00,42.56,72.59,8.47,31.8,false
BMW1014,BMW i5,Delhi,2026-09-01 10:00:00,50.87,71.39,8.21,34.3,false
BMW1014,BMW i5,Delhi,2026-09-01 11:00:00,67.69,70.32,6.88,30.4,false
BMW1014,BMW i5,Delhi,2026-09-01 12:00:00,63.11,69.8,5.13,32.3,false
BMW1014,BMW i5,Delhi,2026-09-01 13:00:00,38.83,69.21,4.41,32.0,false
BMW1014,BMW i5,Delhi,2026-09-01 14:00:00,51.76,67.87,8.96,27.2,false
BMW1014,BMW i5,Delhi,2026-09-01 15:00:00,62.95,66.37,10.65,27.6,false
BMW1014,BMW i5,Delhi,2026-09-01 16:00:00,41.23,65.18,6.89,32.4,false
BMW1014,BMW i5,Delhi,2026-09-01 17:00:00,60.67,64.44,5.76,30.1,false
BMW1014,BMW i5,Delhi,2026-09-01 18:00:00,57.87,63.76,6.56,27.8,false
BMW1014,BMW i5,Delhi,2026-09-01 19:00:00,49.26,62.56,10.41,27.4,false
BMW1015,BMW iX1,Hyderabad,2026-09-01 08:00:00,61.74,83.02,7.31,30.3,false
BMW1015,BMW iX1,Hyderabad,2026-09-01 09:00:00,90.21,80.8,17.63,33.5,false
BMW1015,BMW iX1,Hyderabad,2026-09-01 10:00:00,105,78.6,17.94,27.0,false
BMW1015,BMW iX1,Hyderabad,2026-09-01 11:00:00,82.4,77.02,11.58,31.1,false
BMW1015,BMW iX1,Hyderabad,2026-09-01 12:00:00,66.2,75.68,10.45,29.2,false
BMW1015,BMW iX1,Hyderabad,2026-09-01 13:00:00,51.45,74.89,6.29,30.1,false
BMW1015,BMW iX1,Hyderabad,2026-09-01 14:00:00,43.75,81.9,7.61,25.7,true
BMW1015,BMW iX1,Hyderabad,2026-09-01 15:00:00,83.88,80.33,12.79,28.5,false
BMW1015,BMW iX1,Hyderabad,2026-09-01 16:00:00,52.77,79.09,11.37,32.0,false
BMW1015,BMW iX1,Hyderabad,2026-09-01 17:00:00,20,78.4,3.37,29.3,false
BMW1015,BMW iX1,Hyderabad,2026-09-01 18:00:00,49.73,77.36,6.18,30.8,false
BMW1015,BMW iX1,Hyderabad,2026-09-01 19:00:00,40.13,76.63,4.03,27.0,false
BMW1016,BMW i4,Bengaluru,2026-09-01 08:00:00,36.51,100,7.89,25.5,true
BMW1016,BMW i4,Bengaluru,2026-09-01 09:00:00,58.59,98.89,8.94,25.5,false
BMW1016,BMW i4,Bengaluru,2026-09-01 10:00:00,96.98,96.45,20.07,28.3,false
BMW1016,BMW i4,Bengaluru,2026-09-01 11:00:00,78.96,94.89,11.43,27.2,false
BMW1016,BMW i4,Bengaluru,2026-09-01 12:00:00,46.03,93.53,8.99,23.9,false
BMW1016,BMW i4,Bengaluru,2026-09-01 13:00:00,58.75,92.3,7.49,27.2,false
BMW1016,BMW i4,Bengaluru,2026-09-01 14:00:00,27.19,91.5,3.03,23.7,false
BMW1016,BMW i4,Bengaluru,2026-09-01 15:00:00,27.88,90.59,4.08,27.0,false
BMW1016,BMW i4,Bengaluru,2026-09-01 16:00:00,55.41,89.23,8.76,26.1,false
BMW1016,BMW i4,Bengaluru,2026-09-01 17:00:00,49.51,88.36,7.47,24.1,false
BMW1016,BMW i4,Bengaluru,2026-09-01 18:00:00,40.21,87.65,5.56,23.0,false
BMW1016,BMW i4,Bengaluru,2026-09-01 19:00:00,66.72,86.56,10.39,27.6,false
BMW1017,BMW iX,Chennai,2026-09-01 08:00:00,81.86,88.79,15.69,33.1,false
BMW1017,BMW iX,Chennai,2026-09-01 09:00:00,43.65,87.67,9.48,28.0,false
BMW1017,BMW iX,Chennai,2026-09-01 10:00:00,75.24,85.97,11.93,32.7,false
BMW1017,BMW iX,Chennai,2026-09-01 11:00:00,69.37,84.72,10.33,30.1,false
BMW1017,BMW iX,Chennai,2026-09-01 12:00:00,55.35,83.81,9.31,29.5,false
BMW1017,BMW iX,Chennai,2026-09-01 13:00:00,20,83.05,3,33.3,false
BMW1017,BMW iX,Chennai,2026-09-01 14:00:00,40.75,82.1,8.1,28.1,false
BMW1017,BMW iX,Chennai,2026-09-01 15:00:00,48.28,80.76,8.88,35.6,false
BMW1017,BMW iX,Chennai,2026-09-01 16:00:00,63.5,79.25,10.46,32.2,false
BMW1017,BMW iX,Chennai,2026-09-01 17:00:00,82.86,78.03,11.19,31.9,false
BMW1017,BMW iX,Chennai,2026-09-01 18:00:00,37.68,77.12,5.15,28.2,false
BMW1017,BMW iX,Chennai,2026-09-01 19:00:00,61.78,75.9,11.7,31.6,false
BMW1018,BMW i7,Mumbai,2026-09-01 08:00:00,69.26,79.68,13.08,31.4,false
BMW1018,BMW i7,Mumbai,2026-09-01 09:00:00,84.69,78.11,13.8,31.4,false
BMW1018,BMW i7,Mumbai,2026-09-01 10:00:00,65.12,77.13,9.06,28.3,false
BMW1018,BMW i7,Mumbai,2026-09-01 11:00:00,57.93,75.63,11.05,29.3,false
BMW1018,BMW i7,Mumbai,2026-09-01 12:00:00,54.14,74.75,7.38,27.7,false
BMW1018,BMW i7,Mumbai,2026-09-01 13:00:00,39.75,74.1,5.31,27.1,false
BMW1018,BMW i7,Mumbai,2026-09-01 14:00:00,63.64,73.14,9.07,27.6,false
BMW1018,BMW i7,Mumbai,2026-09-01 15:00:00,40.35,72.18,8.83,27.6,false
BMW1018,BMW i7,Mumbai,2026-09-01 16:00:00,79.77,70.93,8.87,28.5,false
BMW1018,BMW i7,Mumbai,2026-09-01 17:00:00,48.27,70.19,3.73,25.2,false
BMW1018,BMW i7,Mumbai,2026-09-01 18:00:00,25.52,69.37,3,29.1,false
BMW1018,BMW i7,Mumbai,2026-09-01 19:00:00,47.07,68.3,7.79,27.5,false
BMW1019,BMW i5,Delhi,2026-09-01 08:00:00,54.0,86.94,8.87,27.4,false
BMW1019,BMW i5,Delhi,2026-09-01 09:00:00,50.18,85.97,6.83,29.3,false
BMW1019,BMW i5,Delhi,2026-09-01 10:00:00,57.28,84.91,6.55,29.9,false
BMW1019,BMW i5,Delhi,2026-09-01 11:00:00,61.6,83.48,9.3,32.2,false
BMW1019,BMW i5,Delhi,2026-09-01 12:00:00,25.43,82.84,4.95,29.9,false
BMW1019,BMW i5,Delhi,2026-09-01 13:00:00,65.78,81.27,12.56,28.4,false
BMW1019,BMW i5,Delhi,2026-09-01 14:00:00,54.07,80.2,4.93,32.0,false
BMW1019,BMW i5,Delhi,2026-09-01 15:00:00,73.36,78.15,15.92,27.9,false
BMW1019,BMW i5,Delhi,2026-09-01 16:00:00,62.81,77.1,11.85,28.8,false
BMW1019,BMW i5,Delhi,2026-09-01 17:00:00,41.91,76.03,7.16,30.4,false
BMW1019,BMW i5,Delhi,2026-09-01 18:00:00,33.96,75.31,7.17,28.6,false
BMW1019,BMW i5,Delhi,2026-09-01 19:00:00,58.34,73.95,11.82,31.6,false
BMW1020,BMW iX1,Hyderabad,2026-09-01 08:00:00,58.97,92.73,12.17,30.9,false
BMW1020,BMW iX1,Hyderabad,2026-09-01 09:00:00,51.1,91.6,10.83,30.7,false
BMW1020,BMW iX1,Hyderabad,2026-09-01 10:00:00,51.22,90.61,10.4,30.1,false
BMW1020,BMW iX1,Hyderabad,2026-09-01 11:00:00,36.59,89.42,6.64,31.1,false
BMW1020,BMW iX1,Hyderabad,2026-09-01 12:00:00,36.42,88.8,3.39,32.0,false
BMW1020,BMW iX1,Hyderabad,2026-09-01 13:00:00,72.13,87.3,9.46,31.7,false
BMW1020,BMW iX1,Hyderabad,2026-09-01 14:00:00,72.13,85.36,15.33,30.5,false
BMW1020,BMW iX1,Hyderabad,2026-09-01 15:00:00,76.52,83.62,11.61,32.2,false
BMW1020,BMW iX1,Hyderabad,2026-09-01 16:00:00,48.46,83.07,4.77,32.0,false
BMW1020,BMW iX1,Hyderabad,2026-09-01 17:00:00,67.54,81.65,11.44,27.8,false
BMW1020,BMW iX1,Hyderabad,2026-09-01 18:00:00,55.45,80.59,10.42,29.7,false
BMW1020,BMW iX1,Hyderabad,2026-09-01 19:00:00,71.6,79.53,5.75,32.3,false
BMW1021,BMW i4,Bengaluru,2026-09-01 08:00:00,64.43,88.28,5.94,28.9,true
BMW1021,BMW i4,Bengaluru,2026-09-01 09:00:00,87.65,87.34,8.04,24.1,false
BMW1021,BMW i4,Bengaluru,2026-09-01 10:00:00,57.96,86.48,9.8,25.5,false
BMW1021,BMW i4,Bengaluru,2026-09-01 11:00:00,84.38,85.36,8.92,24.4,false
BMW1021,BMW i4,Bengaluru,2026-09-01 12:00:00,60.25,84.12,10.92,24.7,false
BMW1021,BMW i4,Bengaluru,2026-09-01 13:00:00,57.54,82.89,10.74,21.2,false
BMW1021,BMW i4,Bengaluru,2026-09-01 14:00:00,71.75,81.86,5.49,25.9,false
BMW1021,BMW i4,Bengaluru,2026-09-01 15:00:00,70.21,80.37,9.74,21.7,false
BMW1021,BMW i4,Bengaluru,2026-09-01 16:00:00,73.89,79.04,9.62,25.1,false
BMW1021,BMW i4,Bengaluru,2026-09-01 17:00:00,25.17,78.67,3,24.3,false
BMW1021,BMW i4,Bengaluru,2026-09-01 18:00:00,53.7,77.74,5.97,23.4,false
BMW1021,BMW i4,Bengaluru,2026-09-01 19:00:00,45.31,76.57,9.93,23.3,false
BMW1022,BMW iX,Chennai,2026-09-01 08:00:00,52.59,81.58,10.41,31.3,false
BMW1022,BMW iX,Chennai,2026-09-01 09:00:00,60.85,80.73,6.22,28.0,false
BMW1022,BMW iX,Chennai,2026-09-01 10:00:00,59.84,79.71,8.26,34.3,false
BMW1022,BMW iX,Chennai,2026-09-01 11:00:00,71.08,78.33,12.07,33.5,false
BMW1022,BMW iX,Chennai,2026-09-01 12:00:00,77.51,77.15,6.21,36.6,false
BMW1022,BMW iX,Chennai,2026-09-01 13:00:00,63.63,75.62,11.51,32.6,false
BMW1022,BMW iX,Chennai,2026-09-01 14:00:00,39.3,75.08,4.69,30.8,false
BMW1022,BMW iX,Chennai,2026-09-01 15:00:00,44.55,73.81,8.13,34.9,false
BMW1022,BMW iX,Chennai,2026-09-01 16:00:00,50.87,72.88,8.14,25.5,false
BMW1022,BMW iX,Chennai,2026-09-01 17:00:00,48.84,72.0,8.23,31.2,false
BMW1022,BMW iX,Chennai,2026-09-01 18:00:00,80.54,70.49,10.08,35.0,false
BMW1022,BMW iX,Chennai,2026-09-01 19:00:00,33.68,69.28,6.63,30.0,false
BMW1023,BMW i7,Mumbai,2026-09-01 08:00:00,41.73,100,8.74,26.7,true
BMW1023,BMW i7,Mumbai,2026-09-01 09:00:00,56.96,98.93,9.99,30.6,false
BMW1023,BMW i7,Mumbai,2026-09-01 10:00:00,57.11,97.6,11.45,29.2,false
BMW1023,BMW i7,Mumbai,2026-09-01 11:00:00,51.26,96.83,8.46,29.8,false
BMW1023,BMW i7,Mumbai,2026-09-01 12:00:00,57.74,95.93,7.68,27.3,false
BMW1023,BMW i7,Mumbai,2026-09-01 13:00:00,41.57,94.88,7.75,31.9,false
BMW1023,BMW i7,Mumbai,2026-09-01 14:00:00,62.25,100,10.13,29.4,true
BMW1023,BMW i7,Mumbai,2026-09-01 15:00:00,54.94,99.01,7.85,32.6,false
BMW1023,BMW i7,Mumbai,2026-09-01 16:00:00,54.35,98.28,4.73,33.1,false
BMW1023,BMW i7,Mumbai,2026-09-01 17:00:00,53.31,97.17,7.62,32.7,false
BMW1023,BMW i7,Mumbai,2026-09-01 18:00:00,72.44,96.07,11.58,29.7,false
BMW1023,BMW i7,Mumbai,2026-09-01 19:00:00,54.72,95.42,4.96,30.6,false
BMW1024,BMW i5,Delhi,2026-09-01 08:00:00,82.84,89.8,10.52,31.2,true
BMW1024,BMW i5,Delhi,2026-09-01 09:00:00,29.6,89.21,5.65,31.0,false
BMW1024,BMW i5,Delhi,2026-09-01 10:00:00,60.85,88.21,4.43,30.4,false
BMW1024,BMW i5,Delhi,2026-09-01 11:00:00,70.72,86.75,11.03,28.5,false
BMW1024,BMW i5,Delhi,2026-09-01 12:00:00,51.55,86.16,3.77,31.6,false
BMW1024,BMW i5,Delhi,2026-09-01 13:00:00,64.6,84.5,12.58,27.7,false
BMW1024,BMW i5,Delhi,2026-09-01 14:00:00,82.61,93.17,13.08,33.5,true
BMW1024,BMW i5,Delhi,2026-09-01 15:00:00,47.75,92.41,5.77,32.3,false
BMW1024,BMW i5,Delhi,2026-09-01 16:00:00,66.82,91.51,5.82,33.6,false
BMW1024,BMW i5,Delhi,2026-09-01 17:00:00,69.55,89.87,12.46,29.7,false
BMW1024,BMW i5,Delhi,2026-09-01 18:00:00,62.38,89.2,5.74,29.3,false
BMW1024,BMW i5,Delhi,2026-09-01 19:00:00,37.72,88.5,6.35,28.5,false
BMW1025,BMW iX1,Hyderabad,2026-09-01 08:00:00,32.88,89.54,4.52,30.2,false
BMW1025,BMW iX1,Hyderabad,2026-09-01 09:00:00,38.42,88.44,6.29,28.6,false
BMW1025,BMW iX1,Hyderabad,2026-09-01 10:00:00,52.02,87.75,4.17,29.0,false
BMW1025,BMW iX1,Hyderabad,2026-09-01 11:00:00,54.08,87.01,4.24,31.9,false
BMW1025,BMW iX1,Hyderabad,2026-09-01 12:00:00,51.91,86.09,4.08,32.5,false
BMW1025,BMW iX1,Hyderabad,2026-09-01 13:00:00,84.56,84.0,16.77,32.3,false
BMW1025,BMW iX1,Hyderabad,2026-09-01 14:00:00,41.3,82.76,7.8,29.9,false
BMW1025,BMW iX1,Hyderabad,2026-09-01 15:00:00,32.02,82.04,5.37,31.4,false
BMW1025,BMW iX1,Hyderabad,2026-09-01 16:00:00,49.52,81.57,3.93,30.2,false
BMW1025,BMW iX1,Hyderabad,2026-09-01 17:00:00,69.09,80.14,12.24,28.6,false
BMW1025,BMW iX1,Hyderabad,2026-09-01 18:00:00,63.29,79.08,8.59,31.7,false
BMW1025,BMW iX1,Hyderabad,2026-09-01 19:00:00,49.27,78.33,6.2,29.8,false
BMW1026,BMW i4,Bengaluru,2026-09-01 08:00:00,47.33,81.07,7.91,26.9,false
BMW1026,BMW i4,Bengaluru,2026-09-01 09:00:00,76.73,79.77,8.64,26.1,false
BMW1026,BMW i4,Bengaluru,2026-09-01 10:00:00,39.92,78.85,8.02,19.5,false
BMW1026,BMW i4,Bengaluru,2026-09-01 11:00:00,50.81,77.7,6.22,23.3,false
BMW1026,BMW i4,Bengaluru,2026-09-01 12:00:00,53.24,76.4,8.48,21.6,false
BMW1026,BMW i4,Bengaluru,2026-09-01 13:00:00,52.67,75.05,9.94,26.3,false
BMW1026,BMW i4,Bengaluru,2026-09-01 14:00:00,44.44,74.04,7.68,19.9,false
BMW1026,BMW i4,Bengaluru,2026-09-01 15:00:00,48.43,73.27,6.02,21.9,false
BMW1026,BMW i4,Bengaluru,2026-09-01 16:00:00,62.42,71.85,13.24,25.6,false
BMW1026,BMW i4,Bengaluru,2026-09-01 17:00:00,59.2,70.88,4.83,25.3,false
BMW1026,BMW i4,Bengaluru,2026-09-01 18:00:00,78.72,68.87,15.37,26.5,false
BMW1026,BMW i4,Bengaluru,2026-09-01 19:00:00,71.21,67.6,13.17,24.5,false
BMW1027,BMW iX,Chennai,2026-09-01 08:00:00,72.83,79.59,13.94,36.0,false
BMW1027,BMW iX,Chennai,2026-09-01 09:00:00,43.74,78.75,7.5,33.0,false
BMW1027,BMW iX,Chennai,2026-09-01 10:00:00,46.46,77.71,8.47,32.7,false
BMW1027,BMW iX,Chennai,2026-09-01 11:00:00,45.39,76.64,8.68,31.5,false
BMW1027,BMW iX,Chennai,2026-09-01 12:00:00,65.32,74.82,13.85,29.9,false
BMW1027,BMW iX,Chennai,2026-09-01 13:00:00,46.15,73.94,5.87,32.5,false
BMW1027,BMW iX,Chennai,2026-09-01 14:00:00,85.02,72.95,7.72,31.0,false
BMW1027,BMW iX,Chennai,2026-09-01 15:00:00,38.71,72.33,5.93,28.1,false
BMW1027,BMW iX,Chennai,2026-09-01 16:00:00,74.59,71.04,8.41,28.0,false
BMW1027,BMW iX,Chennai,2026-09-01 17:00:00,53.35,70.27,4.91,37.4,false
BMW1027,BMW iX,Chennai,2026-09-01 18:00:00,68.03,69.17,9.37,31.4,false
BMW1027,BMW iX,Chennai,2026-09-01 19:00:00,62.89,68.19,9.14,32.1,false
BMW1028,BMW i7,Mumbai,2026-09-01 08:00:00,55.46,94.53,10.86,29.4,false
BMW1028,BMW i7,Mumbai,2026-09-01 09:00:00,60.1,93.41,6.79,27.7,false
BMW1028,BMW i7,Mumbai,2026-09-01 10:00:00,55.27,92.3,9.72,27.7,false
BMW1028,BMW i7,Mumbai,2026-09-01 11:00:00,64.09,91.14,6.95,29.0,false
BMW1028,BMW i7,Mumbai,2026-09-01 12:00:00,34.95,90.57,5.21,27.8,false
BMW1028,BMW i7,Mumbai,2026-09-01 13:00:00,54.99,89.89,4.24,31.1,false
BMW1028,BMW i7,Mumbai,2026-09-01 14:00:00,62.52,99.06,12.86,26.3,true
BMW1028,BMW i7,Mumbai,2026-09-01 15:00:00,75.96,98.16,8.07,29.3,false
BMW1028,BMW i7,Mumbai,2026-09-01 16:00:00,39.29,97.48,4.17,30.5,false
BMW1028,BMW i7,Mumbai,2026-09-01 17:00:00,54.75,96.43,11.84,28.1,false
BMW1028,BMW i7,Mumbai,2026-09-01 18:00:00,40.39,95.32,8.82,28.5,false
BMW1028,BMW i7,Mumbai,2026-09-01 19:00:00,44.94,94.05,7.43,30.8,false
BMW1029,BMW i5,Delhi,2026-09-01 08:00:00,84.3,87.49,15.17,31.4,true
BMW1029,BMW i5,Delhi,2026-09-01 09:00:00,61.29,86.79,7.35,27.0,false
BMW1029,BMW i5,Delhi,2026-09-01 10:00:00,31.65,85.98,3.05,29.7,false
BMW1029,BMW i5,Delhi,2026-09-01 11:00:00,35.44,84.94,5.84,31.8,false
BMW1029,BMW i5,Delhi,2026-09-01 12:00:00,81.94,83.59,11.36,32.7,false
BMW1029,BMW i5,Delhi,2026-09-01 13:00:00,67.63,82.49,5.16,31.5,false
BMW1029,BMW i5,Delhi,2026-09-01 14:00:00,20,81.7,3,30.3,false
BMW1029,BMW i5,Delhi,2026-09-01 15:00:00,63.1,80.12,11.81,33.2,false
BMW1029,BMW i5,Delhi,2026-09-01 16:00:00,54.19,78.95,6.79,32.1,false
BMW1029,BMW i5,Delhi,2026-09-01 17:00:00,56.66,77.72,7.25,25.7,false
BMW1029,BMW i5,Delhi,2026-09-01 18:00:00,40.41,76.64,8.43,31.1,false
BMW1029,BMW i5,Delhi,2026-09-01 19:00:00,65.64,75.75,5.37,27.2,false
BMW1030,BMW iX1,Hyderabad,2026-09-01 08:00:00,45.33,98.88,7.67,29.4,true
BMW1030,BMW iX1,Hyderabad,2026-09-01 09:00:00,45.37,97.96,7.87,28.4,false
BMW1030,BMW iX1,Hyderabad,2026-09-01 10:00:00,87.24,96.22,10.72,31.3,false
BMW1030,BMW iX1,Hyderabad,2026-09-01 11:00:00,51.55,95.18,10.94,36.9,false
BMW1030,BMW iX1,Hyderabad,2026-09-01 12:00:00,48.74,93.96,9.27,28.2,false
BMW1030,BMW iX1,Hyderabad,2026-09-01 13:00:00,65.96,92.52,10.63,29.6,false
BMW1030,BMW iX1,Hyderabad,2026-09-01 14:00:00,63.46,91.55,7.93,30.2,false
BMW1030,BMW iX1,Hyderabad,2026-09-01 15:00:00,39.35,90.36,6.76,28.6,false
BMW1030,BMW iX1,Hyderabad,2026-09-01 16:00:00,40.34,89.44,6.3,33.1,false
BMW1030,BMW iX1,Hyderabad,2026-09-01 17:00:00,40.59,88.93,4.36,32.2,false
BMW1030,BMW iX1,Hyderabad,2026-09-01 18:00:00,56.41,87.94,7.22,27.1,false
BMW1030,BMW iX1,Hyderabad,2026-09-01 19:00:00,57.14,86.62,7.82,31.9,false
BMW1031,BMW i4,Bengaluru,2026-09-01 08:00:00,73.09,87.02,14.47,22.5,true
BMW1031,BMW i4,Bengaluru,2026-09-01 09:00:00,71.09,86.02,5.91,22.4,false
BMW1031,BMW i4,Bengaluru,2026-09-01 10:00:00,65.43,85.24,7.99,22.2,false
BMW1031,BMW i4,Bengaluru,2026-09-01 11:00:00,27.5,84.3,5.44,22.6,false
BMW1031,BMW i4,Bengaluru,2026-09-01 12:00:00,77.18,82.61,14.59,22.4,false
BMW1031,BMW i4,Bengaluru,2026-09-01 13:00:00,65.27,81.57,5.93,25.2,false
BMW1031,BMW i4,Bengaluru,2026-09-01 14:00:00,76.8,79.87,14.63,24.5,false
BMW1031,BMW i4,Bengaluru,2026-09-01 15:00:00,53.14,78.7,6.19,23.3,false
BMW1031,BMW i4,Bengaluru,2026-09-01 16:00:00,54.44,77.33,10.09,21.0,false
BMW1031,BMW i4,Bengaluru,2026-09-01 17:00:00,93.95,75.4,15.63,27.0,false
BMW1031,BMW i4,Bengaluru,2026-09-01 18:00:00,52.14,74.03,10.52,21.9,false
BMW1031,BMW i4,Bengaluru,2026-09-01 19:00:00,51.93,72.82,11.16,22.8,false
BMW1032,BMW iX,Chennai,2026-09-01 08:00:00,65.26,100,6.18,32.4,true
BMW1032,BMW iX,Chennai,2026-09-01 09:00:00,54.51,98.47,11.51,29.8,false
BMW1032,BMW iX,Chennai,2026-09-01 10:00:00,64.46,97.17,10.65,30.4,false
BMW1032,BMW iX,Chennai,2026-09-01 11:00:00,67.0,95.92,10.05,33.5,false
BMW1032,BMW iX,Chennai,2026-09-01 12:00:00,75.49,94.77,7.03,37.2,false
BMW1032,BMW iX,Chennai,2026-09-01 13:00:00,54.25,93.51,10.65,28.6,false
BMW1032,BMW iX,Chennai,2026-09-01 14:00:00,59.64,100,9.91,31.5,true
BMW1032,BMW iX,Chennai,2026-09-01 15:00:00,43.1,99.08,5.71,28.5,false
BMW1032,BMW iX,Chennai,2026-09-01 16:00:00,36.93,98.07,4.19,32.0,false
BMW1032,BMW iX,Chennai,2026-09-01 17:00:00,31.05,97.37,5.36,32.5,false
BMW1032,BMW iX,Chennai,2026-09-01 18:00:00,62.73,96.28,8.53,32.4,false
BMW1032,BMW iX,Chennai,2026-09-01 19:00:00,63.84,95.13,7.46,35.3,false
BMW1033,BMW i7,Mumbai,2026-09-01 08:00:00,84.18,98.55,10.57,23.8,true
BMW1033,BMW i7,Mumbai,2026-09-01 09:00:00,50.93,97.86,5.61,31.5,false
BMW1033,BMW i7,Mumbai,2026-09-01 10:00:00,68.19,96.66,8.7,30.2,false
BMW1033,BMW i7,Mumbai,2026-09-01 11:00:00,58.33,95.93,5.48,34.0,false
BMW1033,BMW i7,Mumbai,2026-09-01 12:00:00,46.53,94.87,8.58,28.0,false
BMW1033,BMW i7,Mumbai,2026-09-01 13:00:00,40.45,94.39,4.7,28.7,false
BMW1033,BMW i7,Mumbai,2026-09-01 14:00:00,74.76,93.41,7.65,28.0,false
BMW1033,BMW i7,Mumbai,2026-09-01 15:00:00,74.65,91.59,15.11,29.9,false
BMW1033,BMW i7,Mumbai,2026-09-01 16:00:00,39.71,90.62,7.83,29.6,false
BMW1033,BMW i7,Mumbai,2026-09-01 17:00:00,75.89,89.08,14.01,26.3,false
BMW1033,BMW i7,Mumbai,2026-09-01 18:00:00,42.19,88.32,4.18,30.9,false
BMW1033,BMW i7,Mumbai,2026-09-01 19:00:00,73.91,86.85,13.65,30.3,false
BMW1034,BMW i5,Delhi,2026-09-01 08:00:00,54.8,94.61,7.07,29.9,false
BMW1034,BMW i5,Delhi,2026-09-01 09:00:00,39.17,93.81,7.18,36.0,false
BMW1034,BMW i5,Delhi,2026-09-01 10:00:00,40.37,93.38,3.1,30.8,false
BMW1034,BMW i5,Delhi,2026-09-01 11:00:00,49.53,92.37,6.86,33.5,false
BMW1034,BMW i5,Delhi,2026-09-01 12:00:00,44.69,91.61,7.24,30.8,false
BMW1034,BMW i5,Delhi,2026-09-01 13:00:00,82.55,90.41,9.48,30.8,false
BMW1034,BMW i5,Delhi,2026-09-01 14:00:00,66.73,89.2,7.67,28.3,false
BMW1034,BMW i5,Delhi,2026-09-01 15:00:00,42.8,88.0,9.29,33.8,false
BMW1034,BMW i5,Delhi,2026-09-01 16:00:00,64.98,86.99,11.26,27.2,false
BMW1034,BMW i5,Delhi,2026-09-01 17:00:00,20,86.12,3.75,32.0,false
BMW1034,BMW i5,Delhi,2026-09-01 18:00:00,36.82,85.47,5.8,29.1,false
BMW1034,BMW i5,Delhi,2026-09-01 19:00:00,43.63,84.62,8.56,28.5,false
BMW1035,BMW iX1,Hyderabad,2026-09-01 08:00:00,93.78,95.53,6.83,31.2,true
BMW1035,BMW iX1,Hyderabad,2026-09-01 09:00:00,71.34,94.15,9.38,33.1,false
BMW1035,BMW iX1,Hyderabad,2026-09-01 10:00:00,84.74,92.57,15.29,27.6,false
BMW1035,BMW iX1,Hyderabad,2026-09-01 11:00:00,64.61,91.45,7.67,31.3,false
BMW1035,BMW iX1,Hyderabad,2026-09-01 12:00:00,45.15,90.46,4.33,29.7,false
BMW1035,BMW iX1,Hyderabad,2026-09-01 13:00:00,50.31,89.19,9.35,32.0,false
BMW1035,BMW iX1,Hyderabad,2026-09-01 14:00:00,43.67,88.61,4.32,27.0,false
BMW1035,BMW iX1,Hyderabad,2026-09-01 15:00:00,48.0,87.53,10.36,29.4,false
BMW1035,BMW iX1,Hyderabad,2026-09-01 16:00:00,55.52,86.47,9.76,31.7,false
BMW1035,BMW iX1,Hyderabad,2026-09-01 17:00:00,37.67,85.63,7.13,34.7,false
BMW1035,BMW iX1,Hyderabad,2026-09-01 18:00:00,74.25,84.1,9.43,32.6,false
BMW1035,BMW iX1,Hyderabad,2026-09-01 19:00:00,73.54,82.64,14.02,24.3,false
BMW1036,BMW i4,Bengaluru,2026-09-01 08:00:00,54.91,78.06,5.96,21.8,false
BMW1036,BMW i4,Bengaluru,2026-09-01 09:00:00,63.53,76.49,13.34,27.0,false
BMW1036,BMW i4,Bengaluru,2026-09-01 10:00:00,71.49,75.29,11.3,26.6,false
BMW1036,BMW i4,Bengaluru,2026-09-01 11:00:00,49.09,74.54,8.13,21.3,false
BMW1036,BMW i4,Bengaluru,2026-09-01 12:00:00,37.61,73.73,3.2,26.1,false
BMW1036,BMW i4,Bengaluru,2026-09-01 13:00:00,76.96,71.99,16.11,24.1,false
BMW1036,BMW i4,Bengaluru,2026-09-01 14:00:00,86.26,70.5,8.62,22.0,false
BMW1036,BMW i4,Bengaluru,2026-09-01 15:00:00,48.65,69.58,10.03,27.2,false
BMW1036,BMW i4,Bengaluru,2026-09-01 16:00:00,41.41,68.35,7.39,22.6,false
BMW1036,BMW i4,Bengaluru,2026-09-01 17:00:00,65.96,67.09,13.35,23.2,false
BMW1036,BMW i4,Bengaluru,2026-09-01 18:00:00,102.97,65.26,13.34,19.9,false
BMW1036,BMW i4,Bengaluru,2026-09-01 19:00:00,93.38,62.69,19.51,21.5,false
BMW1037,BMW iX,Chennai,2026-09-01 08:00:00,51.49,71.07,5.8,31.5,false
BMW1037,BMW iX,Chennai,2026-09-01 09:00:00,41.14,69.78,8.67,31.2,false
BMW1037,BMW iX,Chennai,2026-09-01 10:00:00,48.38,69.25,4.2,32.3,false
BMW1037,BMW iX,Chennai,2026-09-01 11:00:00,46.81,68.35,4.58,32.5,false
BMW1037,BMW iX,Chennai,2026-09-01 12:00:00,62.92,67.22,11.55,28.9,false
BMW1037,BMW iX,Chennai,2026-09-01 13:00:00,77.79,65.46,15.09,27.8,false
BMW1037,BMW iX,Chennai,2026-09-01 14:00:00,77.08,72.73,7.02,33.9,true
BMW1037,BMW iX,Chennai,2026-09-01 15:00:00,58.14,71.69,6.12,33.9,false
BMW1037,BMW iX,Chennai,2026-09-01 16:00:00,70.19,70.51,12.52,31.4,false
BMW1037,BMW iX,Chennai,2026-09-01 17:00:00,44.89,70.06,3.56,28.8,false
BMW1037,BMW iX,Chennai,2026-09-01 18:00:00,52.66,68.81,7.66,34.4,false
BMW1037,BMW iX,Chennai,2026-09-01 19:00:00,54.28,67.79,4.76,29.9,false
BMW1038,BMW i7,Mumbai,2026-09-01 08:00:00,50.07,89.32,4.66,27.8,true
BMW1038,BMW i7,Mumbai,2026-09-01 09:00:00,45.75,88.4,6.97,27.4,false
BMW1038,BMW i7,Mumbai,2026-09-01 10:00:00,36.46,87.86,3.75,28.1,false
BMW1038,BMW i7,Mumbai,2026-09-01 11:00:00,58.91,87.13,4.85,23.9,false
BMW1038,BMW i7,Mumbai,2026-09-01 12:00:00,56.27,86.32,8.7,28.0,false
BMW1038,BMW i7,Mumbai,2026-09-01 13:00:00,40.99,85.64,6.39,28.1,false
BMW1038,BMW i7,Mumbai,2026-09-01 14:00:00,49.43,94.72,4.98,31.7,true
BMW1038,BMW i7,Mumbai,2026-09-01 15:00:00,73.08,93.13,13.98,30.6,false
BMW1038,BMW i7,Mumbai,2026-09-01 16:00:00,41.49,92.5,3.26,28.8,false
BMW1038,BMW i7,Mumbai,2026-09-01 17:00:00,66.42,91.22,8.59,25.2,false
BMW1038,BMW i7,Mumbai,2026-09-01 18:00:00,57.48,90.58,4.41,25.7,false
BMW1038,BMW i7,Mumbai,2026-09-01 19:00:00,102.27,88.1,21.5,32.1,false
BMW1039,BMW i5,Delhi,2026-09-01 08:00:00,73.08,92.54,13.51,31.5,false
BMW1039,BMW i5,Delhi,2026-09-01 09:00:00,48.47,91.38,10.61,28.9,false
BMW1039,BMW i5,Delhi,2026-09-01 10:00:00,80.31,89.95,10.15,27.0,false
BMW1039,BMW i5,Delhi,2026-09-01 11:00:00,48.17,89.02,8.09,28.4,false
BMW1039,BMW i5,Delhi,2026-09-01 12:00:00,66.09,87.65,9.87,33.8,false
BMW1039,BMW i5,Delhi,2026-09-01 13:00:00,58.21,87.04,4.27,31.2,false
BMW1039,BMW i5,Delhi,2026-09-01 14:00:00,49.3,86.06,9.54,28.2,false
BMW1039,BMW i5,Delhi,2026-09-01 15:00:00,51.16,84.67,10.77,32.7,false
BMW1039,BMW i5,Delhi,2026-09-01 16:00:00,78.73,83.13,10.46,34.0,false
BMW1039,BMW i5,Delhi,2026-09-01 17:00:00,59.98,82.5,6.05,30.7,false
BMW1039,BMW i5,Delhi,2026-09-01 18:00:00,77.8,81.12,13.65,31.7,false
BMW1039,BMW i5,Delhi,2026-09-01 19:00:00,57.1,80.43,6.0,28.5,false
BMW1040,BMW iX1,Hyderabad,2026-09-01 08:00:00,74.66,100,14.36,31.0,true
BMW1040,BMW iX1,Hyderabad,2026-09-01 09:00:00,49.51,99.03,8.46,33.1,false
BMW1040,BMW iX1,Hyderabad,2026-09-01 10:00:00,55.33,98.07,9.35,31.3,false
BMW1040,BMW iX1,Hyderabad,2026-09-01 11:00:00,56.34,96.5,11.96,30.8,false
BMW1040,BMW iX1,Hyderabad,2026-09-01 12:00:00,75.87,95.21,10.17,28.2,false
BMW1040,BMW iX1,Hyderabad,2026-09-01 13:00:00,93.21,93.03,15.91,29.0,false
BMW1040,BMW iX1,Hyderabad,2026-09-01 14:00:00,51.48,100,6.51,32.4,true
BMW1040,BMW iX1,Hyderabad,2026-09-01 15:00:00,29.22,99.21,3.36,30.8,false
BMW1040,BMW iX1,Hyderabad,2026-09-01 16:00:00,69.43,97.65,10.72,24.8,false
BMW1040,BMW iX1,Hyderabad,2026-09-01 17:00:00,50.47,97.01,5.37,29.5,false
BMW1040,BMW iX1,Hyderabad,2026-09-01 18:00:00,37.51,96.3,7.39,25.5,false
BMW1040,BMW iX1,Hyderabad,2026-09-01 19:00:00,56.45,95.31,6.22,28.4,false
BMW1041,BMW i4,Bengaluru,2026-09-01 08:00:00,64.79,85.12,11.57,22.8,false
BMW1041,BMW i4,Bengaluru,2026-09-01 09:00:00,27.98,84.19,3.36,24.7,false
BMW1041,BMW i4,Bengaluru,2026-09-01 10:00:00,93.12,82.06,19.96,24.6,false
BMW1041,BMW i4,Bengaluru,2026-09-01 11:00:00,75.13,80.91,7.99,24.0,false
BMW1041,BMW i4,Bengaluru,2026-09-01 12:00:00,67.39,79.49,10.3,29.3,false
BMW1041,BMW i4,Bengaluru,2026-09-01 13:00:00,44.44,78.82,5.51,26.1,false
BMW1041,BMW i4,Bengaluru,2026-09-01 14:00:00,40.47,87.1,8.79,23.8,true
BMW1041,BMW i4,Bengaluru,2026-09-01 15:00:00,75.77,85.91,9.52,19.3,false
BMW1041,BMW i4,Bengaluru,2026-09-01 16:00:00,48.2,85.32,4.43,23.3,false
BMW1041,BMW i4,Bengaluru,2026-09-01 17:00:00,76.1,84.25,10.09,22.7,false
BMW1041,BMW i4,Bengaluru,2026-09-01 18:00:00,50.95,83.1,9.93,26.1,false
BMW1041,BMW i4,Bengaluru,2026-09-01 19:00:00,45.14,82.13,4.9,20.9,false
BMW1042,BMW iX,Chennai,2026-09-01 08:00:00,47.04,100,8.9,29.7,true
BMW1042,BMW iX,Chennai,2026-09-01 09:00:00,54.78,98.69,11.37,29.2,false
BMW1042,BMW iX,Chennai,2026-09-01 10:00:00,54.72,97.76,4.11,31.3,false
BMW1042,BMW iX,Chennai,2026-09-01 11:00:00,78.97,96.08,14.58,30.7,false
BMW1042,BMW iX,Chennai,2026-09-01 12:00:00,63.98,95.06,11.26,30.5,false
BMW1042,BMW iX,Chennai,2026-09-01 13:00:00,43.51,94.0,7.08,31.9,false
BMW1042,BMW iX,Chennai,2026-09-01 14:00:00,45.18,93.32,3.21,30.1,false
BMW1042,BMW iX,Chennai,2026-09-01 15:00:00,76.37,91.86,8.49,32.2,false
BMW1042,BMW iX,Chennai,2026-09-01 16:00:00,85.32,89.86,14.6,32.5,false
BMW1042,BMW iX,Chennai,2026-09-01 17:00:00,64.02,89.23,5.41,31.4,false
BMW1042,BMW iX,Chennai,2026-09-01 18:00:00,64.54,87.94,12.41,34.9,false
BMW1042,BMW iX,Chennai,2026-09-01 19:00:00,46.44,87.01,6.08,33.5,false
BMW1043,BMW i7,Mumbai,2026-09-01 08:00:00,61.44,94.32,10.33,32.8,false
BMW1043,BMW i7,Mumbai,2026-09-01 09:00:00,58.4,93.32,7.41,27.9,false
BMW1043,BMW i7,Mumbai,2026-09-01 10:00:00,59.94,92.47,5.74,29.1,false
BMW1043,BMW i7,Mumbai,2026-09-01 11:00:00,33.96,91.45,5.26,30.8,false
BMW1043,BMW i7,Mumbai,2026-09-01 12:00:00,73.18,90.73,5.59,30.7,false
BMW1043,BMW i7,Mumbai,2026-09-01 13:00:00,79.19,89.61,11.19,25.1,false
BMW1043,BMW i7,Mumbai,2026-09-01 14:00:00,88.53,88.13,13.68,31.6,false
BMW1043,BMW i7,Mumbai,2026-09-01 15:00:00,69.75,86.43,14.94,28.1,false
BMW1043,BMW i7,Mumbai,2026-09-01 16:00:00,58.34,85.71,7.57,25.1,false
BMW1043,BMW i7,Mumbai,2026-09-01 17:00:00,63.82,84.37,12.46,30.6,false
BMW1043,BMW i7,Mumbai,2026-09-01 18:00:00,68.72,83.14,12.6,27.6,false
BMW1043,BMW i7,Mumbai,2026-09-01 19:00:00,82.01,81.35,11.9,28.7,false
BMW1044,BMW i5,Delhi,2026-09-01 08:00:00,31.56,84.97,5.85,32.8,true
BMW1044,BMW i5,Delhi,2026-09-01 09:00:00,37.4,84.47,3,33.6,false
BMW1044,BMW i5,Delhi,2026-09-01 10:00:00,75.4,82.97,9.3,30.9,false
BMW1044,BMW i5,Delhi,2026-09-01 11:00:00,37.41,82.32,6.33,32.6,false
BMW1044,BMW i5,Delhi,2026-09-01 12:00:00,38.28,81.65,6.77,28.0,false
BMW1044,BMW i5,Delhi,2026-09-01 13:00:00,71.39,80.07,11.79,34.3,false
BMW1044,BMW i5,Delhi,2026-09-01 14:00:00,55.1,87.59,6.41,32.1,true
BMW1044,BMW i5,Delhi,2026-09-01 15:00:00,57.01,86.78,5.59,32.3,false
BMW1044,BMW i5,Delhi,2026-09-01 16:00:00,43.54,86.21,3.22,30.1,false
BMW1044,BMW i5,Delhi,2026-09-01 17:00:00,74.89,85.08,8.89,32.9,false
BMW1044,BMW i5,Delhi,2026-09-01 18:00:00,54.14,84.08,4.48,33.4,false
BMW1044,BMW i5,Delhi,2026-09-01 19:00:00,92.34,82.46,14.39,27.1,false
BMW1045,BMW iX1,Hyderabad,2026-09-01 08:00:00,66.16,80.34,5.26,31.6,false
BMW1045,BMW iX1,Hyderabad,2026-09-01 09:00:00,42.82,79.81,3.49,31.4,false
BMW1045,BMW iX1,Hyderabad,2026-09-01 10:00:00,58.45,78.85,9.3,33.5,false
BMW1045,BMW iX1,Hyderabad,2026-09-01 11:00:00,68.01,77.34,14.44,31.3,false
BMW1045,BMW iX1,Hyderabad,2026-09-01 12:00:00,38.28,76.69,4.57,26.9,false
BMW1045,BMW iX1,Hyderabad,2026-09-01 13:00:00,69.88,75.26,15.1,25.5,false
BMW1045,BMW iX1,Hyderabad,2026-09-01 14:00:00,42.37,87.01,4.96,35.5,true
BMW1045,BMW iX1,Hyderabad,2026-09-01 15:00:00,70.21,85.58,12.23,29.6,false
BMW1045,BMW iX1,Hyderabad,2026-09-01 16:00:00,48.07,84.52,6.08,29.1,false
BMW1045,BMW iX1,Hyderabad,2026-09-01 17:00:00,52.23,83.43,8.07,30.8,false
BMW1045,BMW iX1,Hyderabad,2026-09-01 18:00:00,36.23,82.33,5.53,28.9,false
BMW1045,BMW iX1,Hyderabad,2026-09-01 19:00:00,35.13,81.68,4.77,30.9,false
BMW1046,BMW i4,Bengaluru,2026-09-01 08:00:00,69.22,87.31,10.03,20.0,false
BMW1046,BMW i4,Bengaluru,2026-09-01 09:00:00,59.1,85.93,10.48,27.7,false
BMW1046,BMW i4,Bengaluru,2026-09-01 10:00:00,99.01,84.13,14.05,27.4,false
BMW1046,BMW i4,Bengaluru,2026-09-01 11:00:00,24.28,83.39,4.22,23.8,false
BMW1046,BMW i4,Bengaluru,2026-09-01 12:00:00,61.58,81.99,12.58,21.7,false
BMW1046,BMW i4,Bengaluru,2026-09-01 13:00:00,53.91,80.75,9.99,23.2,false
BMW1046,BMW i4,Bengaluru,2026-09-01 14:00:00,44.73,90.49,9.73,26.9,true
BMW1046,BMW i4,Bengaluru,2026-09-01 15:00:00,37.75,89.51,8.11,26.5,false
BMW1046,BMW i4,Bengaluru,2026-09-01 16:00:00,69.58,88.27,10.2,24.1,false
BMW1046,BMW i4,Bengaluru,2026-09-01 17:00:00,40.83,87.51,5.59,22.4,false
BMW1046,BMW i4,Bengaluru,2026-09-01 18:00:00,60.8,86.52,8.82,20.7,false
BMW1046,BMW i4,Bengaluru,2026-09-01 19:00:00,64.97,85.17,8.6,24.2,false
BMW1047,BMW iX,Chennai,2026-09-01 08:00:00,65.72,81.23,9.09,31.5,true
BMW1047,BMW iX,Chennai,2026-09-01 09:00:00,41.04,80.27,5.57,32.3,false
BMW1047,BMW iX,Chennai,2026-09-01 10:00:00,52.68,79.3,10.09,33.9,false
BMW1047,BMW iX,Chennai,2026-09-01 11:00:00,70.65,78.07,12.12,29.1,false
BMW1047,BMW iX,Chennai,2026-09-01 12:00:00,69.16,77.31,6.65,31.8,false
BMW1047,BMW iX,Chennai,2026-09-01 13:00:00,22.81,76.73,3,29.7,false
BMW1047,BMW iX,Chennai,2026-09-01 14:00:00,66.59,75.84,4.95,35.3,false
BMW1047,BMW iX,Chennai,2026-09-01 15:00:00,64.53,74.62,8.28,35.2,false
BMW1047,BMW iX,Chennai,2026-09-01 16:00:00,64.87,73.44,12.41,36.0,false
BMW1047,BMW iX,Chennai,2026-09-01 17:00:00,82.41,72.37,8.08,35.0,false
BMW1047,BMW iX,Chennai,2026-09-01 18:00:00,46.71,71.21,9.31,32.5,false
BMW1047,BMW iX,Chennai,2026-09-01 19:00:00,45.02,70.19,7.28,29.4,false
BMW1048,BMW i7,Mumbai,2026-09-01 08:00:00,69.74,79.05,12.27,26.1,false
BMW1048,BMW i7,Mumbai,2026-09-01 09:00:00,53.25,78.51,4.8,28.3,false
BMW1048,BMW i7,Mumbai,2026-09-01 10:00:00,54.75,77.36,9.53,30.5,false
BMW1048,BMW i7,Mumbai,2026-09-01 11:00:00,50.88,76.64,6.49,29.7,false
BMW1048,BMW i7,Mumbai,2026-09-01 12:00:00,42.8,75.4,7.14,26.1,false
BMW1048,BMW i7,Mumbai,2026-09-01 13:00:00,41.63,74.82,3.79,28.0,false
BMW1048,BMW i7,Mumbai,2026-09-01 14:00:00,53.25,74.34,3.8,29.3,false
BMW1048,BMW i7,Mumbai,2026-09-01 15:00:00,73.4,73.04,10.7,23.1,false
BMW1048,BMW i7,Mumbai,2026-09-01 16:00:00,51.8,71.87,10.15,26.6,false
BMW1048,BMW i7,Mumbai,2026-09-01 17:00:00,61.26,70.71,11.28,29.3,false
BMW1048,BMW i7,Mumbai,2026-09-01 18:00:00,55.1,69.92,5.25,32.1,false
BMW1048,BMW i7,Mumbai,2026-09-01 19:00:00,56.8,69.1,8.66,24.7,false
BMW1049,BMW i5,Delhi,2026-09-01 08:00:00,62.39,73.68,12.07,26.4,false
BMW1049,BMW i5,Delhi,2026-09-01 09:00:00,54.35,72.6,11.87,27.9,false
BMW1049,BMW i5,Delhi,2026-09-01 10:00:00,70.07,71.23,8.03,27.3,false
BMW1049,BMW i5,Delhi,2026-09-01 11:00:00,44.8,70.19,8.62,31.7,false
BMW1049,BMW i5,Delhi,2026-09-01 12:00:00,83.91,68.76,8.86,30.8,false
BMW1049,BMW i5,Delhi,2026-09-01 13:00:00,46.13,67.64,8.15,29.8,false
BMW1049,BMW i5,Delhi,2026-09-01 14:00:00,62.14,73.06,6.28,32.2,true
BMW1049,BMW i5,Delhi,2026-09-01 15:00:00,50.79,72.16,7.66,32.6,false
BMW1049,BMW i5,Delhi,2026-09-01 16:00:00,54.47,71.08,6.0,29.0,false
BMW1049,BMW i5,Delhi,2026-09-01 17:00:00,80.53,69.77,6.79,30.7,false
BMW1049,BMW i5,Delhi,2026-09-01 18:00:00,65.47,68.01,14.33,25.5,false
BMW1049,BMW i5,Delhi,2026-09-01 19:00:00,79.02,66.69,8.49,34.6,false
BMW1050,BMW iX1,Hyderabad,2026-09-01 08:00:00,59.62,90.91,9.34,26.3,false
BMW1050,BMW iX1,Hyderabad,2026-09-01 09:00:00,43.88,89.71,7.24,31.4,false
BMW1050,BMW iX1,Hyderabad,2026-09-01 10:00:00,73.06,88.33,8.16,31.7,false
BMW1050,BMW iX1,Hyderabad,2026-09-01 11:00:00,33.0,87.92,3.93,34.5,false
BMW1050,BMW iX1,Hyderabad,2026-09-01 12:00:00,61.68,86.69,11.08,26.0,false
BMW1050,BMW iX1,Hyderabad,2026-09-01 13:00:00,50.74,85.96,4.03,28.0,false
BMW1050,BMW iX1,Hyderabad,2026-09-01 14:00:00,61.19,96.75,6.75,32.6,true
BMW1050,BMW iX1,Hyderabad,2026-09-01 15:00:00,47.68,95.78,7.39,32.8,false
BMW1050,BMW iX1,Hyderabad,2026-09-01 16:00:00,45.38,95.34,3.51,33.1,false
BMW1050,BMW iX1,Hyderabad,2026-09-01 17:00:00,61.52,94.3,5.45,27.3,false
BMW1050,BMW iX1,Hyderabad,2026-09-01 18:00:00,57.49,93.12,12.28,30.0,false
BMW1050,BMW iX1,Hyderabad,2026-09-01 19:00:00,55.0,92.21,9.21,28.8,false
