sale_id,dealer_id,sale_date,vehicle_model,quantity,unit_price
S001,D001,2025-01-05,3 Series,2,48500
S002,D002,2025-01-06,5 Series,3,62500
S003,D003,2025-01-08,X3,2,55200
S004,D004,2025-01-10,X5,1,78500
S005,D005,2025-01-12,7 Series,2,96500
S006,D006,2025-01-15,iX,3,87200
S007,D007,2025-01-17,4 Series,2,59800
S008,D008,2025-01-20,X1,4,41200
S009,D009,2025-01-22,X7,1,108500
S010,D010,2025-01-25,i4,3,68400
S011,D001,2025-02-04,X1,3,41200
S012,D002,2025-02-06,3 Series,2,48500
S013,D003,2025-02-08,5 Series,3,62500
S014,D004,2025-02-11,X3,2,55200
S015,D005,2025-02-13,X5,2,78500
S016,D006,2025-02-15,7 Series,1,96500
S017,D007,2025-02-18,iX,2,87200
S018,D008,2025-02-20,4 Series,3,59800
S019,D009,2025-02-22,X1,4,41200
S020,D010,2025-02-25,X7,2,108500
S021,D001,2025-03-04,5 Series,3,62500
S022,D002,2025-03-06,X3,2,55200
S023,D003,2025-03-08,X5,1,78500
S024,D004,2025-03-11,7 Series,2,96500
S025,D005,2025-03-13,iX,3,87200
S026,D006,2025-03-15,4 Series,2,59800
S027,D007,2025-03-18,X1,4,41200
S028,D008,2025-03-20,X7,1,108500
S029,D009,2025-03-22,i4,3,68400
S030,D010,2025-03-25,3 Series,2,48500
S031,D001,2025-04-04,X3,2,55200
S032,D002,2025-04-06,X5,2,78500
S033,D003,2025-04-08,7 Series,1,96500
S034,D004,2025-04-11,iX,3,87200
S035,D005,2025-04-13,4 Series,2,59800
S036,D006,2025-04-15,X1,4,41200
S037,D007,2025-04-18,X7,1,108500
S038,D008,2025-04-20,i4,3,68400
S039,D009,2025-04-22,3 Series,2,48500
S040,D010,2025-04-25,5 Series,3,62500
S041,D001,2025-05-04,X5,2,78500
S042,D002,2025-05-06,7 Series,1,96500
S043,D003,2025-05-08,iX,3,87200
S044,D004,2025-05-11,4 Series,2,59800
S045,D005,2025-05-13,X1,4,41200
S046,D006,2025-05-15,X7,1,108500
S047,D007,2025-05-18,i4,3,68400
S048,D008,2025-05-20,3 Series,2,48500
S049,D009,2025-05-22,5 Series,3,62500
S050,D010,2025-05-25,X3,2,55200
S051,D001,2025-06-04,7 Series,1,96500
S052,D002,2025-06-06,iX,3,87200
S053,D003,2025-06-08,4 Series,2,59800
S054,D004,2025-06-11,X1,4,41200
S055,D005,2025-06-13,X7,1,108500
S056,D006,2025-06-15,i4,3,68400
S057,D007,2025-06-18,3 Series,2,48500
S058,D008,2025-06-20,5 Series,3,62500
S059,D009,2025-06-22,X3,2,55200
S060,D010,2025-06-25,X5,2,78500
S061,D001,2025-07-04,iX,3,87200
S062,D002,2025-07-06,4 Series,2,59800
S063,D003,2025-07-08,X1,4,41200
S064,D004,2025-07-11,X7,1,108500
S065,D005,2025-07-13,i4,3,68400
S066,D006,2025-07-15,3 Series,2,48500
S067,D007,2025-07-18,5 Series,3,62500
S068,D008,2025-07-20,X3,2,55200
S069,D009,2025-07-22,X5,2,78500
S070,D010,2025-07-25,7 Series,1,96500
S071,D001,2025-08-04,4 Series,2,59800
S072,D002,2025-08-06,X1,4,41200
S073,D003,2025-08-08,X7,1,108500
S074,D004,2025-08-11,i4,3,68400
S075,D005,2025-08-13,3 Series,2,48500
S076,D006,2025-08-15,5 Series,3,62500
S077,D007,2025-08-18,X3,2,55200
S078,D008,2025-08-20,X5,2,78500
S079,D009,2025-08-22,7 Series,1,96500
S080,D010,2025-08-25,iX,3,87200
S081,D001,2025-09-04,X1,4,41200
S082,D002,2025-09-06,X7,1,108500
S083,D003,2025-09-08,i4,3,68400
S084,D004,2025-09-11,3 Series,2,48500
S085,D005,2025-09-13,5 Series,3,62500
S086,D006,2025-09-15,X3,2,55200
S087,D007,2025-09-18,X5,2,78500
S088,D008,2025-09-20,7 Series,1,96500
S089,D009,2025-09-22,iX,3,87200
S090,D010,2025-09-25,4 Series,2,59800
S091,D001,2025-10-04,X7,1,108500
S092,D002,2025-10-06,i4,3,68400
S093,D003,2025-10-08,3 Series,2,48500
S094,D004,2025-10-11,5 Series,3,62500
S095,D005,2025-10-13,X3,2,55200
S096,D006,2025-10-15,X5,2,78500
S097,D007,2025-10-18,7 Series,1,96500
S098,D008,2025-10-20,iX,3,87200
S099,D009,2025-10-22,4 Series,2,59800
S100,D010,2025-10-25,X1,4,41200
S101,D001,2025-11-04,i4,3,68400
S102,D002,2025-11-06,3 Series,2,48500
S103,D003,2025-11-08,5 Series,3,62500
S104,D004,2025-11-11,X3,2,55200
S105,D005,2025-11-13,X5,2,78500
S106,D006,2025-11-15,7 Series,1,96500
S107,D007,2025-11-18,iX,3,87200
S108,D008,2025-11-20,4 Series,2,59800
S109,D009,2025-11-22,X1,4,41200
S110,D010,2025-11-25,X7,1,108500
S111,D001,2025-12-04,3 Series,2,48500
S112,D002,2025-12-06,5 Series,3,62500
S113,D003,2025-12-08,X3,2,55200
S114,D004,2025-12-11,X5,2,78500
S115,D005,2025-12-13,7 Series,1,96500
S116,D006,2025-12-15,iX,3,87200
S117,D007,2025-12-18,4 Series,2,59800
S118,D008,2025-12-20,X1,4,41200
S119,D009,2025-12-22,X7,1,108500
S120,D010,2025-12-25,i4,3,68400
S121,D001,2025-01-27,X3,1,55200
S122,D002,2025-01-28,X5,2,78500
S123,D003,2025-01-29,7 Series,2,96500
S124,D004,2025-01-30,iX,1,87200
S125,D005,2025-01-31,4 Series,3,59800
S126,D006,2025-02-27,X1,2,41200
S127,D007,2025-02-28,X7,2,108500
S128,D008,2025-02-26,i4,1,68400
S129,D009,2025-02-24,3 Series,3,48500
S130,D010,2025-02-23,5 Series,2,62500
S131,D001,2025-03-27,X3,1,55200
S132,D002,2025-03-28,X5,2,78500
S133,D003,2025-03-29,7 Series,2,96500
S134,D004,2025-03-30,iX,1,87200
S135,D005,2025-03-31,4 Series,3,59800
S136,D006,2025-04-27,X1,2,41200
S137,D007,2025-04-28,X7,2,108500
S138,D008,2025-04-26,i4,1,68400
S139,D009,2025-04-24,3 Series,3,48500
S140,D010,2025-04-23,5 Series,2,62500
S141,D001,2025-05-27,X3,1,55200
S142,D002,2025-05-28,X5,2,78500
S143,D003,2025-05-29,7 Series,2,96500
S144,D004,2025-05-30,iX,1,87200
S145,D005,2025-05-31,4 Series,3,59800
S146,D006,2025-06-27,X1,2,41200
S147,D007,2025-06-28,X7,2,108500
S148,D008,2025-06-26,i4,1,68400
S149,D009,2025-06-24,3 Series,3,48500
S150,D010,2025-06-23,5 Series,2,62500
S151,D001,2025-07-27,X3,1,55200
S152,D002,2025-07-28,X5,2,78500
S153,D003,2025-07-29,7 Series,2,96500
S154,D004,2025-07-30,iX,1,87200
S155,D005,2025-07-31,4 Series,3,59800
S156,D006,2025-08-27,X1,2,41200
S157,D007,2025-08-28,X7,2,108500
S158,D008,2025-08-26,i4,1,68400
S159,D009,2025-08-24,3 Series,3,48500
S160,D010,2025-08-23,5 Series,2,62500
S161,D001,2025-09-27,X3,1,55200
S162,D002,2025-09-28,X5,2,78500
S163,D003,2025-09-29,7 Series,2,96500
S164,D004,2025-09-30,iX,1,87200
S165,D005,2025-09-29,4 Series,3,59800
S166,D006,2025-10-27,X1,2,41200
S167,D007,2025-10-28,X7,2,108500
S168,D008,2025-10-26,i4,1,68400
S169,D009,2025-10-24,3 Series,3,48500
S170,D010,2025-10-23,5 Series,2,62500
S171,D001,2025-11-27,X3,1,55200
S172,D002,2025-11-28,X5,2,78500
S173,D003,2025-11-29,7 Series,2,96500
S174,D004,2025-11-30,iX,1,87200
S175,D005,2025-11-29,4 Series,3,59800
S176,D006,2025-12-27,X1,2,41200
S177,D007,2025-12-28,X7,2,108500
S178,D008,2025-12-26,i4,1,68400
S179,D009,2025-12-24,3 Series,3,48500
S180,D010,2025-12-23,5 Series,2,62500
S181,D001,2025-02-14,5 Series,1,62500
S182,D002,2025-03-14,X3,1,55200
S183,D003,2025-04-14,X5,1,78500
S184,D004,2025-05-14,7 Series,1,96500
S185,D005,2025-06-14,iX,1,87200
S186,D006,2025-07-14,4 Series,1,59800
S187,D007,2025-08-14,X1,1,41200
S188,D008,2025-09-14,X7,1,108500
S189,D009,2025-10-14,i4,1,68400
S190,D010,2025-11-14,3 Series,1,48500
S191,D001,2025-12-14,5 Series,1,62500
S192,D002,2025-01-14,X3,1,55200
S193,D003,2025-02-14,X5,1,78500
S194,D004,2025-03-14,7 Series,1,96500
S195,D005,2025-04-14,iX,1,87200
S196,D006,2025-05-14,4 Series,1,59800
S197,D007,2025-06-14,X1,1,41200
S198,D008,2025-07-14,X7,1,108500
S199,D009,2025-08-14,i4,1,68400
S200,D010,2025-09-14,3 Series,1,48500
